state,district,crop,year,season,area_hectares,Area Units,production_tonnes,Production Units,yield_kg_per_hectare,subdivision,year_num
Maharashtra,AHMEDNAGAR,Arhar/Tur,2001-02,Kharif,16700.0,Hectare,5400.0,Tonnes,323.3532934131736,Madhya Maharashtra,2001
Maharashtra,AHMEDNAGAR,Arhar/Tur,2002-03,Kharif,14600.0,Hectare,5700.0,Tonnes,390.4109589041096,Madhya Maharashtra,2002
Maharashtra,AHMEDNAGAR,Arhar/Tur,2003-04,Kharif,9000.0,Hectare,3000.0,Tonnes,333.3333333333333,Madhya Maharashtra,2003
Maharashtra,AKOLA,Arhar/Tur,2001-02,Kharif,46800.0,Hectare,41600.0,Tonnes,888.8888888888888,Vidarbha,2001
Maharashtra,AKOLA,Arhar/Tur,2002-03,Kharif,46500.0,Hectare,42100.0,Tonnes,905.3763440860216,Vidarbha,2002
Maharashtra,AKOLA,Arhar/Tur,2003-04,Kharif,51000.0,Hectare,43500.0,Tonnes,852.9411764705882,Vidarbha,2003
Maharashtra,AMRAVATI,Arhar/Tur,2001-02,Kharif,95500.0,Hectare,83500.0,Tonnes,874.3455497382199,Vidarbha,2001
Maharashtra,AMRAVATI,Arhar/Tur,2002-03,Kharif,93300.0,Hectare,88900.0,Tonnes,952.8403001071813,Vidarbha,2002
Maharashtra,AMRAVATI,Arhar/Tur,2003-04,Kharif,97500.0,Hectare,86300.0,Tonnes,885.1282051282051,Vidarbha,2003
Maharashtra,AURANGABAD,Arhar/Tur,2001-02,Kharif,32700.0,Hectare,9100.0,Tonnes,278.2874617737003,Matathwada,2001
Maharashtra,AURANGABAD,Arhar/Tur,2002-03,Kharif,40000.0,Hectare,11600.0,Tonnes,290.0,Matathwada,2002
Maharashtra,AURANGABAD,Arhar/Tur,2003-04,Kharif,38000.0,Hectare,13400.0,Tonnes,352.6315789473684,Matathwada,2003
Maharashtra,BEED,Arhar/Tur,2001-02,Kharif,44300.0,Hectare,11200.0,Tonnes,252.82167042889392,Matathwada,2001
Maharashtra,BEED,Arhar/Tur,2002-03,Kharif,49100.0,Hectare,17200.0,Tonnes,350.30549898167004,Matathwada,2002
Maharashtra,BEED,Arhar/Tur,2003-04,Kharif,44900.0,Hectare,10100.0,Tonnes,224.9443207126948,Matathwada,2003
Maharashtra,BHANDARA,Arhar/Tur,2001-02,Kharif,5700.0,Hectare,6100.0,Tonnes,1070.1754385964912,Vidarbha,2001
Maharashtra,BHANDARA,Arhar/Tur,2002-03,Kharif,7100.0,Hectare,6300.0,Tonnes,887.3239436619718,Vidarbha,2002
Maharashtra,BHANDARA,Arhar/Tur,2003-04,Kharif,7300.0,Hectare,6900.0,Tonnes,945.2054794520548,Vidarbha,2003
Maharashtra,BULDHANA,Arhar/Tur,2001-02,Kharif,58300.0,Hectare,39200.0,Tonnes,672.3842195540308,Vidarbha,2001
Maharashtra,BULDHANA,Arhar/Tur,2002-03,Kharif,57400.0,Hectare,40900.0,Tonnes,712.5435540069686,Vidarbha,2002
Maharashtra,BULDHANA,Arhar/Tur,2003-04,Kharif,59500.0,Hectare,41400.0,Tonnes,695.7983193277311,Vidarbha,2003
Maharashtra,CHANDRAPUR,Arhar/Tur,2001-02,Kharif,27400.0,Hectare,21700.0,Tonnes,791.970802919708,Vidarbha,2001
Maharashtra,CHANDRAPUR,Arhar/Tur,2002-03,Kharif,26800.0,Hectare,9100.0,Tonnes,339.5522388059701,Vidarbha,2002
Maharashtra,CHANDRAPUR,Arhar/Tur,2003-04,Kharif,26400.0,Hectare,17400.0,Tonnes,659.090909090909,Vidarbha,2003
Maharashtra,DHULE,Arhar/Tur,2001-02,Kharif,7300.0,Hectare,1700.0,Tonnes,232.8767123287671,Madhya Maharashtra,2001
Maharashtra,DHULE,Arhar/Tur,2002-03,Kharif,9200.0,Hectare,2700.0,Tonnes,293.4782608695652,Madhya Maharashtra,2002
Maharashtra,DHULE,Arhar/Tur,2003-04,Kharif,9500.0,Hectare,3800.0,Tonnes,400.0,Madhya Maharashtra,2003
Maharashtra,GADCHIROLI,Arhar/Tur,2001-02,Kharif,1500.0,Hectare,1600.0,Tonnes,1066.666666666667,Vidarbha,2001
Maharashtra,GADCHIROLI,Arhar/Tur,2002-03,Kharif,1700.0,Hectare,1500.0,Tonnes,882.3529411764706,Vidarbha,2002
Maharashtra,GADCHIROLI,Arhar/Tur,2003-04,Kharif,2300.0,Hectare,2200.0,Tonnes,956.5217391304349,Vidarbha,2003
Maharashtra,GONDIA,Arhar/Tur,2001-02,Kharif,4000.0,Hectare,4300.0,Tonnes,1075.0,Vidarbha,2001
Maharashtra,GONDIA,Arhar/Tur,2002-03,Kharif,4100.0,Hectare,3600.0,Tonnes,878.0487804878048,Vidarbha,2002
Maharashtra,GONDIA,Arhar/Tur,2003-04,Kharif,4400.0,Hectare,4200.0,Tonnes,954.5454545454546,Vidarbha,2003
Maharashtra,HINGOLI,Arhar/Tur,2001-02,Kharif,24700.0,Hectare,19200.0,Tonnes,777.3279352226721,Matathwada,2001
Maharashtra,HINGOLI,Arhar/Tur,2002-03,Kharif,27000.0,Hectare,18400.0,Tonnes,681.4814814814814,Matathwada,2002
Maharashtra,HINGOLI,Arhar/Tur,2003-04,Kharif,25500.0,Hectare,22500.0,Tonnes,882.3529411764706,Matathwada,2003
Maharashtra,JALGAON,Arhar/Tur,2001-02,Kharif,28400.0,Hectare,18000.0,Tonnes,633.8028169014085,Madhya Maharashtra,2001
Maharashtra,JALGAON,Arhar/Tur,2002-03,Kharif,24900.0,Hectare,18200.0,Tonnes,730.9236947791164,Madhya Maharashtra,2002
Maharashtra,JALGAON,Arhar/Tur,2003-04,Kharif,25800.0,Hectare,18300.0,Tonnes,709.3023255813954,Madhya Maharashtra,2003
Maharashtra,JALNA,Arhar/Tur,2001-02,Kharif,42100.0,Hectare,23400.0,Tonnes,555.8194774346792,Matathwada,2001
Maharashtra,JALNA,Arhar/Tur,2002-03,Kharif,48000.0,Hectare,30300.0,Tonnes,631.25,Matathwada,2002
Maharashtra,JALNA,Arhar/Tur,2003-04,Kharif,47900.0,Hectare,19100.0,Tonnes,398.7473903966597,Matathwada,2003
Maharashtra,KOLHAPUR,Arhar/Tur,2001-02,Kharif,2400.0,Hectare,800.0,Tonnes,333.3333333333333,Madhya Maharashtra,2001
Maharashtra,KOLHAPUR,Arhar/Tur,2002-03,Kharif,2600.0,Hectare,1000.0,Tonnes,384.6153846153846,Madhya Maharashtra,2002
Maharashtra,KOLHAPUR,Arhar/Tur,2003-04,Kharif,2800.0,Hectare,800.0,Tonnes,285.7142857142857,Madhya Maharashtra,2003
Maharashtra,LATUR,Arhar/Tur,2001-02,Kharif,72800.0,Hectare,48900.0,Tonnes,671.7032967032967,Matathwada,2001
Maharashtra,LATUR,Arhar/Tur,2002-03,Kharif,71000.0,Hectare,44100.0,Tonnes,621.1267605633802,Matathwada,2002
Maharashtra,LATUR,Arhar/Tur,2003-04,Kharif,70800.0,Hectare,45200.0,Tonnes,638.4180790960452,Matathwada,2003
Maharashtra,NAGPUR,Arhar/Tur,2001-02,Kharif,50600.0,Hectare,56300.0,Tonnes,1112.6482213438735,Vidarbha,2001
Maharashtra,NAGPUR,Arhar/Tur,2002-03,Kharif,50000.0,Hectare,26700.0,Tonnes,534.0,Vidarbha,2002
Maharashtra,NAGPUR,Arhar/Tur,2003-04,Kharif,51100.0,Hectare,32300.0,Tonnes,632.0939334637965,Vidarbha,2003
Maharashtra,NANDED,Arhar/Tur,2001-02,Kharif,52300.0,Hectare,39900.0,Tonnes,762.906309751434,Matathwada,2001
Maharashtra,NANDED,Arhar/Tur,2002-03,Kharif,54900.0,Hectare,55400.0,Tonnes,1009.1074681238616,Matathwada,2002
Maharashtra,NANDED,Arhar/Tur,2003-04,Kharif,55800.0,Hectare,44600.0,Tonnes,799.2831541218638,Matathwada,2003
Maharashtra,NANDURBAR,Arhar/Tur,2001-02,Kharif,23600.0,Hectare,7300.0,Tonnes,309.3220338983051,Madhya Maharashtra,2001
Maharashtra,NANDURBAR,Arhar/Tur,2002-03,Kharif,23100.0,Hectare,6300.0,Tonnes,272.7272727272727,Madhya Maharashtra,2002
Maharashtra,NANDURBAR,Arhar/Tur,2003-04,Kharif,23400.0,Hectare,7900.0,Tonnes,337.6068376068376,Madhya Maharashtra,2003
Maharashtra,NASHIK,Arhar/Tur,2001-02,Kharif,8900.0,Hectare,3800.0,Tonnes,426.9662921348314,Madhya Maharashtra,2001
Maharashtra,NASHIK,Arhar/Tur,2002-03,Kharif,9000.0,Hectare,6800.0,Tonnes,755.5555555555555,Madhya Maharashtra,2002
Maharashtra,NASHIK,Arhar/Tur,2003-04,Kharif,8500.0,Hectare,3500.0,Tonnes,411.7647058823529,Madhya Maharashtra,2003
Maharashtra,OSMANABAD,Arhar/Tur,2001-02,Kharif,68100.0,Hectare,35100.0,Tonnes,515.4185022026431,Matathwada,2001
Maharashtra,OSMANABAD,Arhar/Tur,2002-03,Kharif,81500.0,Hectare,44100.0,Tonnes,541.1042944785275,Matathwada,2002
Maharashtra,PARBHANI,Arhar/Tur,2001-02,Kharif,52700.0,Hectare,28500.0,Tonnes,540.796963946869,Matathwada,2001
Maharashtra,PARBHANI,Arhar/Tur,2002-03,Kharif,56600.0,Hectare,33400.0,Tonnes,590.1060070671377,Matathwada,2002
Maharashtra,PARBHANI,Arhar/Tur,2003-04,Kharif,57900.0,Hectare,26500.0,Tonnes,457.68566493955086,Matathwada,2003
Maharashtra,PUNE,Arhar/Tur,2001-02,Kharif,4100.0,Hectare,2000.0,Tonnes,487.8048780487805,Madhya Maharashtra,2001
Maharashtra,PUNE,Arhar/Tur,2002-03,Kharif,3800.0,Hectare,1800.0,Tonnes,473.6842105263157,Madhya Maharashtra,2002
Maharashtra,PUNE,Arhar/Tur,2003-04,Kharif,3300.0,Hectare,2200.0,Tonnes,666.6666666666666,Madhya Maharashtra,2003
Maharashtra,RAIGAD,Arhar/Tur,2001-02,Kharif,1000.0,Hectare,400.0,Tonnes,400.0,Konkan & Goa,2001
Maharashtra,RAIGAD,Arhar/Tur,2002-03,Kharif,1000.0,Hectare,500.0,Tonnes,500.0,Konkan & Goa,2002
Maharashtra,RAIGAD,Arhar/Tur,2003-04,Kharif,1000.0,Hectare,500.0,Tonnes,500.0,Konkan & Goa,2003
Maharashtra,RATNAGIRI,Arhar/Tur,2001-02,Kharif,600.0,Hectare,300.0,Tonnes,500.0,Konkan & Goa,2001
Maharashtra,RATNAGIRI,Arhar/Tur,2002-03,Kharif,600.0,Hectare,300.0,Tonnes,500.0,Konkan & Goa,2002
Maharashtra,RATNAGIRI,Arhar/Tur,2003-04,Kharif,600.0,Hectare,300.0,Tonnes,500.0,Konkan & Goa,2003
Maharashtra,SANGLI,Arhar/Tur,2001-02,Kharif,9700.0,Hectare,3100.0,Tonnes,319.5876288659793,Madhya Maharashtra,2001
Maharashtra,SANGLI,Arhar/Tur,2002-03,Kharif,10700.0,Hectare,4100.0,Tonnes,383.17757009345786,Madhya Maharashtra,2002
Maharashtra,SANGLI,Arhar/Tur,2003-04,Kharif,5800.0,Hectare,1700.0,Tonnes,293.103448275862,Madhya Maharashtra,2003
Maharashtra,SATARA,Arhar/Tur,2001-02,Kharif,6500.0,Hectare,2100.0,Tonnes,323.0769230769231,Madhya Maharashtra,2001
Maharashtra,SATARA,Arhar/Tur,2002-03,Kharif,6700.0,Hectare,2600.0,Tonnes,388.05970149253733,Madhya Maharashtra,2002
Maharashtra,SATARA,Arhar/Tur,2003-04,Kharif,3800.0,Hectare,1100.0,Tonnes,289.4736842105263,Madhya Maharashtra,2003
Maharashtra,SOLAPUR,Arhar/Tur,2001-02,Kharif,6700.0,Hectare,1400.0,Tonnes,208.955223880597,Madhya Maharashtra,2001
Maharashtra,SOLAPUR,Arhar/Tur,2002-03,Kharif,13300.0,Hectare,4600.0,Tonnes,345.8646616541353,Madhya Maharashtra,2002
Maharashtra,THANE,Arhar/Tur,2001-02,Kharif,2700.0,Hectare,1200.0,Tonnes,444.4444444444444,Konkan & Goa,2001
Maharashtra,THANE,Arhar/Tur,2002-03,Kharif,2700.0,Hectare,1400.0,Tonnes,518.5185185185185,Konkan & Goa,2002
Maharashtra,THANE,Arhar/Tur,2003-04,Kharif,2700.0,Hectare,1300.0,Tonnes,481.4814814814814,Konkan & Goa,2003
Maharashtra,WARDHA,Arhar/Tur,2001-02,Kharif,56100.0,Hectare,65800.0,Tonnes,1172.9055258467024,Vidarbha,2001
Maharashtra,WASHIM,Arhar/Tur,2001-02,Kharif,40100.0,Hectare,31700.0,Tonnes,790.5236907730673,Vidarbha,2001
Maharashtra,WASHIM,Arhar/Tur,2002-03,Kharif,41200.0,Hectare,38400.0,Tonnes,932.0388349514565,Vidarbha,2002
Maharashtra,WASHIM,Arhar/Tur,2003-04,Kharif,44300.0,Hectare,39400.0,Tonnes,889.3905191873589,Vidarbha,2003
Maharashtra,YAVATMAL,Arhar/Tur,2002-03,Kharif,127300.0,Hectare,129100.0,Tonnes,1014.1398271798901,Vidarbha,2002
Maharashtra,YAVATMAL,Arhar/Tur,2003-04,Kharif,130200.0,Hectare,104700.0,Tonnes,804.147465437788,Vidarbha,2003
Maharashtra,AHMEDNAGAR,Arhar/Tur,2004-05,Kharif,12200.0,Hectare,4800.0,Tonnes,393.4426229508196,Madhya Maharashtra,2004
Maharashtra,AHMEDNAGAR,Arhar/Tur,2005-06,Kharif,11100.0,Hectare,3800.0,Tonnes,342.3423423423423,Madhya Maharashtra,2005
Maharashtra,AHMEDNAGAR,Arhar/Tur,2006-07,Kharif,13000.0,Hectare,6600.0,Tonnes,507.6923076923077,Madhya Maharashtra,2006
Maharashtra,AKOLA,Arhar/Tur,2004-05,Kharif,52200.0,Hectare,27500.0,Tonnes,526.8199233716475,Vidarbha,2004
Maharashtra,AKOLA,Arhar/Tur,2005-06,Kharif,56500.0,Hectare,40999.99999999999,Tonnes,725.6637168141592,Vidarbha,2005
Maharashtra,AKOLA,Arhar/Tur,2006-07,Kharif,54600.0,Hectare,51300.0,Tonnes,939.5604395604396,Vidarbha,2006
Maharashtra,AMRAVATI,Arhar/Tur,2004-05,Kharif,90900.0,Hectare,70000.0,Tonnes,770.0770077007701,Vidarbha,2004
Maharashtra,AMRAVATI,Arhar/Tur,2005-06,Kharif,92800.0,Hectare,79000.0,Tonnes,851.2931034482759,Vidarbha,2005
Maharashtra,AMRAVATI,Arhar/Tur,2006-07,Kharif,95400.0,Hectare,75500.0,Tonnes,791.4046121593291,Vidarbha,2006
Maharashtra,AURANGABAD,Arhar/Tur,2004-05,Kharif,38700.0,Hectare,19000.0,Tonnes,490.9560723514212,Matathwada,2004
Maharashtra,AURANGABAD,Arhar/Tur,2005-06,Kharif,41300.0,Hectare,25500.0,Tonnes,617.4334140435834,Matathwada,2005
Maharashtra,AURANGABAD,Arhar/Tur,2006-07,Kharif,40100.0,Hectare,34400.0,Tonnes,857.85536159601,Matathwada,2006
Maharashtra,BEED,Arhar/Tur,2004-05,Kharif,44300.0,Hectare,23900.0,Tonnes,539.5033860045146,Matathwada,2004
Maharashtra,BEED,Arhar/Tur,2005-06,Kharif,52100.0,Hectare,51600.0,Tonnes,990.4030710172744,Matathwada,2005
Maharashtra,BEED,Arhar/Tur,2006-07,Kharif,53200.0,Hectare,44800.00000000001,Tonnes,842.1052631578949,Matathwada,2006
Maharashtra,BHANDARA,Arhar/Tur,2004-05,Kharif,7200.0,Hectare,4400.0,Tonnes,611.1111111111112,Vidarbha,2004
Maharashtra,BHANDARA,Arhar/Tur,2005-06,Kharif,7300.0,Hectare,5699.999999999999,Tonnes,780.821917808219,Vidarbha,2005
Maharashtra,BHANDARA,Arhar/Tur,2006-07,Kharif,7900.0,Hectare,4500.0,Tonnes,569.620253164557,Vidarbha,2006
Maharashtra,BULDHANA,Arhar/Tur,2004-05,Kharif,61600.0,Hectare,37900.0,Tonnes,615.2597402597403,Vidarbha,2004
Maharashtra,BULDHANA,Arhar/Tur,2005-06,Kharif,60800.0,Hectare,31200.0,Tonnes,513.1578947368422,Vidarbha,2005
Maharashtra,BULDHANA,Arhar/Tur,2006-07,Kharif,60300.0,Hectare,48600.00000000001,Tonnes,805.9701492537315,Vidarbha,2006
Maharashtra,CHANDRAPUR,Arhar/Tur,2004-05,Kharif,25400.0,Hectare,7500.0,Tonnes,295.2755905511811,Vidarbha,2004
Maharashtra,CHANDRAPUR,Arhar/Tur,2005-06,Kharif,23400.0,Hectare,9000.0,Tonnes,384.6153846153846,Vidarbha,2005
Maharashtra,CHANDRAPUR,Arhar/Tur,2006-07,Kharif,23400.0,Hectare,10500.0,Tonnes,448.7179487179487,Vidarbha,2006
Maharashtra,DHULE,Arhar/Tur,2004-05,Kharif,9000.0,Hectare,3700.0,Tonnes,411.1111111111111,Madhya Maharashtra,2004
Maharashtra,DHULE,Arhar/Tur,2005-06,Kharif,8800.0,Hectare,4500.0,Tonnes,511.3636363636364,Madhya Maharashtra,2005
Maharashtra,DHULE,Arhar/Tur,2006-07,Kharif,8600.0,Hectare,5500.000000000001,Tonnes,639.5348837209303,Madhya Maharashtra,2006
Maharashtra,GADCHIROLI,Arhar/Tur,2004-05,Kharif,2000.0,Hectare,1200.0,Tonnes,600.0,Vidarbha,2004
Maharashtra,GADCHIROLI,Arhar/Tur,2005-06,Kharif,2000.0,Hectare,1600.0,Tonnes,800.0,Vidarbha,2005
Maharashtra,GADCHIROLI,Arhar/Tur,2006-07,Kharif,2100.0,Hectare,1200.0,Tonnes,571.4285714285714,Vidarbha,2006
Maharashtra,GONDIA,Arhar/Tur,2004-05,Kharif,4500.0,Hectare,2800.0,Tonnes,622.2222222222223,Vidarbha,2004
Maharashtra,GONDIA,Arhar/Tur,2005-06,Kharif,5000.0,Hectare,3900.0,Tonnes,780.0,Vidarbha,2005
Maharashtra,GONDIA,Arhar/Tur,2006-07,Kharif,5100.0,Hectare,2899.9999999999995,Tonnes,568.627450980392,Vidarbha,2006
Maharashtra,HINGOLI,Arhar/Tur,2004-05,Kharif,24500.0,Hectare,17300.0,Tonnes,706.1224489795918,Matathwada,2004
Maharashtra,HINGOLI,Arhar/Tur,2005-06,Kharif,21900.0,Hectare,19800.0,Tonnes,904.1095890410959,Matathwada,2005
Maharashtra,HINGOLI,Arhar/Tur,2006-07,Kharif,26000.0,Hectare,29600.0,Tonnes,1138.4615384615383,Matathwada,2006
Maharashtra,JALGAON,Arhar/Tur,2004-05,Kharif,25900.0,Hectare,18400.0,Tonnes,710.4247104247105,Madhya Maharashtra,2004
Maharashtra,JALGAON,Arhar/Tur,2005-06,Kharif,29300.0,Hectare,20400.0,Tonnes,696.2457337883959,Madhya Maharashtra,2005
Maharashtra,JALGAON,Arhar/Tur,2006-07,Kharif,31100.0,Hectare,23800.0,Tonnes,765.2733118971062,Madhya Maharashtra,2006
Maharashtra,JALNA,Arhar/Tur,2004-05,Kharif,47400.0,Hectare,21300.0,Tonnes,449.3670886075949,Matathwada,2004
Maharashtra,JALNA,Arhar/Tur,2005-06,Kharif,57700.0,Hectare,33800.0,Tonnes,585.78856152513,Matathwada,2005
Maharashtra,JALNA,Arhar/Tur,2006-07,Kharif,55400.0,Hectare,48600.00000000001,Tonnes,877.2563176895309,Matathwada,2006
Maharashtra,KOLHAPUR,Arhar/Tur,2004-05,Kharif,3200.0,Hectare,1400.0,Tonnes,437.5,Madhya Maharashtra,2004
Maharashtra,KOLHAPUR,Arhar/Tur,2005-06,Kharif,3100.0,Hectare,1100.0,Tonnes,354.8387096774194,Madhya Maharashtra,2005
Maharashtra,KOLHAPUR,Arhar/Tur,2006-07,Kharif,2800.0000000000005,Hectare,1400.0,Tonnes,499.9999999999999,Madhya Maharashtra,2006
Maharashtra,LATUR,Arhar/Tur,2004-05,Kharif,70200.0,Hectare,57600.0,Tonnes,820.5128205128204,Matathwada,2004
Maharashtra,LATUR,Arhar/Tur,2005-06,Kharif,73400.0,Hectare,85200.0,Tonnes,1160.7629427792915,Matathwada,2005
Maharashtra,LATUR,Arhar/Tur,2006-07,Kharif,66300.0,Hectare,31800.0,Tonnes,479.63800904977376,Matathwada,2006
Maharashtra,NAGPUR,Arhar/Tur,2004-05,Kharif,52500.0,Hectare,28800.0,Tonnes,548.5714285714286,Vidarbha,2004
Maharashtra,NAGPUR,Arhar/Tur,2005-06,Kharif,52100.0,Hectare,36400.0,Tonnes,698.6564299424184,Vidarbha,2005
Maharashtra,NAGPUR,Arhar/Tur,2006-07,Kharif,52900.0,Hectare,33500.0,Tonnes,633.2703213610587,Vidarbha,2006
Maharashtra,NANDED,Arhar/Tur,2004-05,Kharif,52800.0,Hectare,47800.0,Tonnes,905.3030303030304,Matathwada,2004
Maharashtra,NANDED,Arhar/Tur,2005-06,Kharif,53300.0,Hectare,27800.0,Tonnes,521.5759849906192,Matathwada,2005
Maharashtra,NANDED,Arhar/Tur,2006-07,Kharif,54900.0,Hectare,38600.0,Tonnes,703.0965391621129,Matathwada,2006
Maharashtra,NANDURBAR,Arhar/Tur,2004-05,Kharif,22700.0,Hectare,8100.0,Tonnes,356.82819383259914,Madhya Maharashtra,2004
Maharashtra,NANDURBAR,Arhar/Tur,2005-06,Kharif,23900.0,Hectare,10900.0,Tonnes,456.06694560669456,Madhya Maharashtra,2005
Maharashtra,NANDURBAR,Arhar/Tur,2006-07,Kharif,24400.0,Hectare,9900.0,Tonnes,405.7377049180328,Madhya Maharashtra,2006
Maharashtra,NASHIK,Arhar/Tur,2004-05,Kharif,9200.0,Hectare,6500.0,Tonnes,706.5217391304349,Madhya Maharashtra,2004
Maharashtra,NASHIK,Arhar/Tur,2005-06,Kharif,9500.0,Hectare,6900.0,Tonnes,726.3157894736843,Madhya Maharashtra,2005
Maharashtra,NASHIK,Arhar/Tur,2006-07,Kharif,9700.0,Hectare,7400.0,Tonnes,762.8865979381443,Madhya Maharashtra,2006
Maharashtra,OSMANABAD,Arhar/Tur,2004-05,Kharif,83500.0,Hectare,42600.0,Tonnes,510.1796407185629,Matathwada,2004
Maharashtra,OSMANABAD,Arhar/Tur,2005-06,Kharif,84700.00000000001,Hectare,49800.00000000001,Tonnes,587.9574970484061,Matathwada,2005
Maharashtra,OSMANABAD,Arhar/Tur,2006-07,Kharif,95900.0,Hectare,49500.0,Tonnes,516.162669447341,Matathwada,2006
Maharashtra,PARBHANI,Arhar/Tur,2004-05,Kharif,63900.0,Hectare,21500.0,Tonnes,336.46322378716746,Matathwada,2004
Maharashtra,PARBHANI,Arhar/Tur,2005-06,Kharif,49400.00000000001,Hectare,26800.0,Tonnes,542.5101214574897,Matathwada,2005
Maharashtra,PARBHANI,Arhar/Tur,2006-07,Kharif,57900.0,Hectare,31000.0,Tonnes,535.405872193437,Matathwada,2006
Maharashtra,PUNE,Arhar/Tur,2004-05,Kharif,3800.0,Hectare,3700.0,Tonnes,973.6842105263158,Madhya Maharashtra,2004
Maharashtra,PUNE,Arhar/Tur,2005-06,Kharif,3700.0,Hectare,1900.0,Tonnes,513.5135135135134,Madhya Maharashtra,2005
Maharashtra,PUNE,Arhar/Tur,2006-07,Kharif,3900.0,Hectare,1900.0,Tonnes,487.1794871794871,Madhya Maharashtra,2006
Maharashtra,RAIGAD,Arhar/Tur,2004-05,Kharif,1100.0,Hectare,600.0,Tonnes,545.4545454545454,Konkan & Goa,2004
Maharashtra,RAIGAD,Arhar/Tur,2005-06,Kharif,1100.0,Hectare,700.0000000000001,Tonnes,636.3636363636365,Konkan & Goa,2005
Maharashtra,RAIGAD,Arhar/Tur,2006-07,Kharif,1000.0,Hectare,600.0,Tonnes,600.0,Konkan & Goa,2006
Maharashtra,RATNAGIRI,Arhar/Tur,2004-05,Kharif,600.0,Hectare,300.0,Tonnes,500.0,Konkan & Goa,2004
Maharashtra,RATNAGIRI,Arhar/Tur,2005-06,Kharif,600.0,Hectare,400.0,Tonnes,666.6666666666666,Konkan & Goa,2005
Maharashtra,RATNAGIRI,Arhar/Tur,2006-07,Kharif,500.0,Hectare,300.0,Tonnes,600.0,Konkan & Goa,2006
Maharashtra,SANGLI,Arhar/Tur,2004-05,Kharif,13200.0,Hectare,5800.0,Tonnes,439.3939393939394,Madhya Maharashtra,2004
Maharashtra,SANGLI,Arhar/Tur,2005-06,Kharif,12700.0,Hectare,4400.0,Tonnes,346.45669291338584,Madhya Maharashtra,2005
Maharashtra,SANGLI,Arhar/Tur,2006-07,Kharif,13700.0,Hectare,7000.0,Tonnes,510.9489051094891,Madhya Maharashtra,2006
Maharashtra,SATARA,Arhar/Tur,2004-05,Kharif,6000.0,Hectare,2600.0,Tonnes,433.3333333333333,Madhya Maharashtra,2004
Maharashtra,SATARA,Arhar/Tur,2005-06,Kharif,4600.0,Hectare,1600.0,Tonnes,347.8260869565217,Madhya Maharashtra,2005
Maharashtra,SATARA,Arhar/Tur,2006-07,Kharif,5900.0,Hectare,3000.0,Tonnes,508.47457627118644,Madhya Maharashtra,2006
Maharashtra,SOLAPUR,Arhar/Tur,2004-05,Kharif,15800.0,Hectare,5500.0,Tonnes,348.1012658227848,Madhya Maharashtra,2004
Maharashtra,SOLAPUR,Arhar/Tur,2005-06,Kharif,18900.0,Hectare,5900.0,Tonnes,312.1693121693121,Madhya Maharashtra,2005
Maharashtra,SOLAPUR,Arhar/Tur,2006-07,Kharif,28300.0,Hectare,14500.0,Tonnes,512.3674911660777,Madhya Maharashtra,2006
Maharashtra,THANE,Arhar/Tur,2004-05,Kharif,2700.0,Hectare,1500.0,Tonnes,555.5555555555555,Konkan & Goa,2004
Maharashtra,THANE,Arhar/Tur,2005-06,Kharif,3200.0,Hectare,1900.0,Tonnes,593.75,Konkan & Goa,2005
Maharashtra,THANE,Arhar/Tur,2006-07,Kharif,2899.9999999999995,Hectare,1800.0,Tonnes,620.689655172414,Konkan & Goa,2006
Maharashtra,WARDHA,Arhar/Tur,2004-05,Kharif,52500.0,Hectare,44100.0,Tonnes,840.0,Vidarbha,2004
Maharashtra,WARDHA,Arhar/Tur,2005-06,Kharif,52400.0,Hectare,53100.0,Tonnes,1013.358778625954,Vidarbha,2005
Maharashtra,WARDHA,Arhar/Tur,2006-07,Kharif,60100.0,Hectare,34100.0,Tonnes,567.38768718802,Vidarbha,2006
Maharashtra,WASHIM,Arhar/Tur,2004-05,Kharif,47400.0,Hectare,37300.0,Tonnes,786.9198312236288,Vidarbha,2004
Maharashtra,WASHIM,Arhar/Tur,2005-06,Kharif,51600.0,Hectare,40300.0,Tonnes,781.0077519379845,Vidarbha,2005
Maharashtra,WASHIM,Arhar/Tur,2006-07,Kharif,51500.0,Hectare,49000.00000000001,Tonnes,951.4563106796118,Vidarbha,2006
Maharashtra,YAVATMAL,Arhar/Tur,2004-05,Kharif,127100.0,Hectare,82800.0,Tonnes,651.4555468135327,Vidarbha,2004
Maharashtra,YAVATMAL,Arhar/Tur,2005-06,Kharif,131700.0,Hectare,106300.0,Tonnes,807.1374335611238,Vidarbha,2005
Maharashtra,YAVATMAL,Arhar/Tur,2006-07,Kharif,113800.0,Hectare,111500.0,Tonnes,979.7891036906854,Vidarbha,2006
Maharashtra,AHMEDNAGAR,Arhar/Tur,2007-08,Kharif,14600.0,Hectare,7900.0,Tonnes,541.095890410959,Madhya Maharashtra,2007
Maharashtra,AHMEDNAGAR,Arhar/Tur,2008-09,Kharif,2700.0,Hectare,1300.0,Tonnes,481.4814814814814,Madhya Maharashtra,2008
Maharashtra,AHMEDNAGAR,Arhar/Tur,2009-10,Kharif,12100.0,Hectare,6200.0,Tonnes,512.396694214876,Madhya Maharashtra,2009
Maharashtra,AKOLA,Arhar/Tur,2007-08,Kharif,58000.0,Hectare,62500.0,Tonnes,1077.5862068965519,Vidarbha,2007
Maharashtra,AKOLA,Arhar/Tur,2008-09,Kharif,49700.0,Hectare,15500.0,Tonnes,311.8712273641851,Vidarbha,2008
Maharashtra,AKOLA,Arhar/Tur,2009-10,Kharif,50900.0,Hectare,61100.0,Tonnes,1200.392927308448,Vidarbha,2009
Maharashtra,AMRAVATI,Arhar/Tur,2007-08,Kharif,84800.0,Hectare,90800.0,Tonnes,1070.754716981132,Vidarbha,2007
Maharashtra,AMRAVATI,Arhar/Tur,2008-09,Kharif,94400.0,Hectare,79300.0,Tonnes,840.042372881356,Vidarbha,2008
Maharashtra,AMRAVATI,Arhar/Tur,2009-10,Kharif,102100.0,Hectare,100500.0,Tonnes,984.3290891283057,Vidarbha,2009
Maharashtra,AURANGABAD,Arhar/Tur,2007-08,Kharif,41400.0,Hectare,30200.0,Tonnes,729.4685990338164,Matathwada,2007
Maharashtra,AURANGABAD,Arhar/Tur,2008-09,Kharif,27700.0,Hectare,17300.0,Tonnes,624.5487364620939,Matathwada,2008
Maharashtra,AURANGABAD,Arhar/Tur,2009-10,Kharif,48300.0,Hectare,36600.0,Tonnes,757.7639751552795,Matathwada,2009
Maharashtra,BEED,Arhar/Tur,2007-08,Kharif,51100.0,Hectare,31800.0,Tonnes,622.3091976516633,Matathwada,2007
Maharashtra,BEED,Arhar/Tur,2008-09,Kharif,47800.0,Hectare,22600.0,Tonnes,472.80334728033466,Matathwada,2008
Maharashtra,BEED,Arhar/Tur,2009-10,Kharif,56100.0,Hectare,25600.0,Tonnes,456.32798573975043,Matathwada,2009
Maharashtra,BHANDARA,Arhar/Tur,2007-08,Kharif,8700.0,Hectare,7400.0,Tonnes,850.5747126436781,Vidarbha,2007
Maharashtra,BHANDARA,Arhar/Tur,2008-09,Kharif,8100.0,Hectare,4700.0,Tonnes,580.2469135802469,Vidarbha,2008
Maharashtra,BHANDARA,Arhar/Tur,2009-10,Kharif,7700.0,Hectare,5400.0,Tonnes,701.2987012987013,Vidarbha,2009
Maharashtra,BULDHANA,Arhar/Tur,2007-08,Kharif,66300.0,Hectare,65900.0,Tonnes,993.9668174962292,Vidarbha,2007
Maharashtra,BULDHANA,Arhar/Tur,2008-09,Kharif,59600.0,Hectare,30300.0,Tonnes,508.38926174496646,Vidarbha,2008
Maharashtra,BULDHANA,Arhar/Tur,2009-10,Kharif,62100.0,Hectare,71700.0,Tonnes,1154.5893719806763,Vidarbha,2009
Maharashtra,CHANDRAPUR,Arhar/Tur,2007-08,Kharif,32600.0,Hectare,21500.0,Tonnes,659.5092024539877,Vidarbha,2007
Maharashtra,CHANDRAPUR,Arhar/Tur,2008-09,Kharif,27900.0,Hectare,16900.0,Tonnes,605.7347670250897,Vidarbha,2008
Maharashtra,CHANDRAPUR,Arhar/Tur,2009-10,Kharif,31400.0,Hectare,36600.0,Tonnes,1165.6050955414012,Vidarbha,2009
Maharashtra,DHULE,Arhar/Tur,2007-08,Kharif,9700.0,Hectare,7700.0,Tonnes,793.8144329896907,Madhya Maharashtra,2007
Maharashtra,DHULE,Arhar/Tur,2008-09,Kharif,7900.0,Hectare,3700.0,Tonnes,468.35443037974676,Madhya Maharashtra,2008
Maharashtra,DHULE,Arhar/Tur,2009-10,Kharif,7200.0,Hectare,4300.0,Tonnes,597.2222222222222,Madhya Maharashtra,2009
Maharashtra,GADCHIROLI,Arhar/Tur,2007-08,Kharif,3400.0,Hectare,2900.0,Tonnes,852.9411764705882,Vidarbha,2007
Maharashtra,GADCHIROLI,Arhar/Tur,2008-09,Kharif,4000.0,Hectare,2300.0,Tonnes,575.0,Vidarbha,2008
Maharashtra,GADCHIROLI,Arhar/Tur,2009-10,Kharif,5000.0,Hectare,3500.0,Tonnes,700.0,Vidarbha,2009
Maharashtra,GONDIA,Arhar/Tur,2007-08,Kharif,5300.0,Hectare,4500.0,Tonnes,849.0566037735849,Vidarbha,2007
Maharashtra,GONDIA,Arhar/Tur,2008-09,Kharif,5400.0,Hectare,3200.0,Tonnes,592.5925925925926,Vidarbha,2008
Maharashtra,GONDIA,Arhar/Tur,2009-10,Kharif,5400.0,Hectare,3800.0,Tonnes,703.7037037037037,Vidarbha,2009
Maharashtra,HINGOLI,Arhar/Tur,2008-09,Kharif,30300.0,Hectare,22200.0,Tonnes,732.6732673267327,Matathwada,2008
Maharashtra,HINGOLI,Arhar/Tur,2009-10,Kharif,26000.0,Hectare,22800.0,Tonnes,876.9230769230769,Matathwada,2009
Maharashtra,JALGAON,Arhar/Tur,2007-08,Kharif,29900.0,Hectare,23200.0,Tonnes,775.9197324414716,Madhya Maharashtra,2007
Maharashtra,JALGAON,Arhar/Tur,2008-09,Kharif,13800.0,Hectare,8500.0,Tonnes,615.9420289855072,Madhya Maharashtra,2008
Maharashtra,JALGAON,Arhar/Tur,2009-10,Kharif,14800.0,Hectare,10700.0,Tonnes,722.972972972973,Madhya Maharashtra,2009
Maharashtra,JALNA,Arhar/Tur,2007-08,Kharif,49400.0,Hectare,45000.0,Tonnes,910.9311740890688,Matathwada,2007
Maharashtra,JALNA,Arhar/Tur,2008-09,Kharif,34500.0,Hectare,23200.0,Tonnes,672.463768115942,Matathwada,2008
Maharashtra,JALNA,Arhar/Tur,2009-10,Kharif,47700.0,Hectare,40600.0,Tonnes,851.1530398322851,Matathwada,2009
Maharashtra,KOLHAPUR,Arhar/Tur,2007-08,Kharif,2800.0,Hectare,1300.0,Tonnes,464.2857142857143,Madhya Maharashtra,2007
Maharashtra,KOLHAPUR,Arhar/Tur,2008-09,Kharif,2400.0,Hectare,1100.0,Tonnes,458.3333333333333,Madhya Maharashtra,2008
Maharashtra,KOLHAPUR,Arhar/Tur,2009-10,Kharif,2700.0,Hectare,2700.0,Tonnes,1000.0,Madhya Maharashtra,2009
Maharashtra,LATUR,Arhar/Tur,2007-08,Kharif,73800.0,Hectare,88200.0,Tonnes,1195.1219512195119,Matathwada,2007
Maharashtra,LATUR,Arhar/Tur,2008-09,Kharif,95300.0,Hectare,74800.0,Tonnes,784.8898216159497,Matathwada,2008
Maharashtra,NAGPUR,Arhar/Tur,2007-08,Kharif,55200.0,Hectare,41000.0,Tonnes,742.7536231884058,Vidarbha,2007
Maharashtra,NAGPUR,Arhar/Tur,2008-09,Kharif,57100.0,Hectare,29400.0,Tonnes,514.8861646234676,Vidarbha,2008
Maharashtra,NAGPUR,Arhar/Tur,2009-10,Kharif,51100.0,Hectare,47600.0,Tonnes,931.5068493150684,Vidarbha,2009
Maharashtra,NANDED,Arhar/Tur,2007-08,Kharif,61100.0,Hectare,47500.0,Tonnes,777.4140752864157,Matathwada,2007
Maharashtra,NANDED,Arhar/Tur,2008-09,Kharif,58100.0,Hectare,27700.0,Tonnes,476.7641996557659,Matathwada,2008
Maharashtra,NANDED,Arhar/Tur,2009-10,Kharif,60200.0,Hectare,43000.0,Tonnes,714.2857142857143,Matathwada,2009
Maharashtra,NANDURBAR,Arhar/Tur,2007-08,Kharif,28800.0,Hectare,22000.0,Tonnes,763.8888888888888,Madhya Maharashtra,2007
Maharashtra,NANDURBAR,Arhar/Tur,2008-09,Kharif,18300.0,Hectare,10500.0,Tonnes,573.7704918032787,Madhya Maharashtra,2008
Maharashtra,NANDURBAR,Arhar/Tur,2009-10,Kharif,20100.0,Hectare,10500.0,Tonnes,522.3880597014925,Madhya Maharashtra,2009
Maharashtra,NASHIK,Arhar/Tur,2007-08,Kharif,10500.0,Hectare,7500.0,Tonnes,714.2857142857143,Madhya Maharashtra,2007
Maharashtra,NASHIK,Arhar/Tur,2008-09,Kharif,7600.0,Hectare,4500.0,Tonnes,592.1052631578947,Madhya Maharashtra,2008
Maharashtra,NASHIK,Arhar/Tur,2009-10,Kharif,9400.0,Hectare,3900.0,Tonnes,414.8936170212766,Madhya Maharashtra,2009
Maharashtra,OSMANABAD,Arhar/Tur,2007-08,Kharif,100000.0,Hectare,115200.0,Tonnes,1152.0,Matathwada,2007
Maharashtra,OSMANABAD,Arhar/Tur,2008-09,Kharif,59000.0,Hectare,32400.0,Tonnes,549.1525423728814,Matathwada,2008
Maharashtra,OSMANABAD,Arhar/Tur,2009-10,Kharif,72600.0,Hectare,56500.0,Tonnes,778.236914600551,Matathwada,2009
Maharashtra,PARBHANI,Arhar/Tur,2007-08,Kharif,61900.0,Hectare,45700.0,Tonnes,738.2875605815832,Matathwada,2007
Maharashtra,PARBHANI,Arhar/Tur,2008-09,Kharif,60500.0,Hectare,34900.0,Tonnes,576.8595041322315,Matathwada,2008
Maharashtra,PARBHANI,Arhar/Tur,2009-10,Kharif,58600.0,Hectare,40300.0,Tonnes,687.7133105802048,Matathwada,2009
Maharashtra,PUNE,Arhar/Tur,2007-08,Kharif,3900.0,Hectare,1800.0,Tonnes,461.5384615384615,Madhya Maharashtra,2007
Maharashtra,PUNE,Arhar/Tur,2008-09,Kharif,1900.0,Hectare,1100.0,Tonnes,578.9473684210526,Madhya Maharashtra,2008
Maharashtra,PUNE,Arhar/Tur,2009-10,Kharif,2100.0,Hectare,1300.0,Tonnes,619.047619047619,Madhya Maharashtra,2009
Maharashtra,RAIGAD,Arhar/Tur,2007-08,Kharif,1100.0,Hectare,800.0,Tonnes,727.2727272727273,Konkan & Goa,2007
Maharashtra,RAIGAD,Arhar/Tur,2008-09,Kharif,1100.0,Hectare,600.0,Tonnes,545.4545454545454,Konkan & Goa,2008
Maharashtra,RAIGAD,Arhar/Tur,2009-10,Kharif,1000.0,Hectare,800.0,Tonnes,800.0,Konkan & Goa,2009
Maharashtra,RATNAGIRI,Arhar/Tur,2007-08,Kharif,600.0,Hectare,500.0,Tonnes,833.3333333333334,Konkan & Goa,2007
Maharashtra,RATNAGIRI,Arhar/Tur,2008-09,Kharif,600.0,Hectare,300.0,Tonnes,500.0,Konkan & Goa,2008
Maharashtra,RATNAGIRI,Arhar/Tur,2009-10,Kharif,600.0,Hectare,500.0,Tonnes,833.3333333333334,Konkan & Goa,2009
Maharashtra,SANGLI,Arhar/Tur,2007-08,Kharif,14500.0,Hectare,6800.0,Tonnes,468.9655172413793,Madhya Maharashtra,2007
Maharashtra,SANGLI,Arhar/Tur,2008-09,Kharif,3900.0,Hectare,1700.0,Tonnes,435.8974358974359,Madhya Maharashtra,2008
Maharashtra,SANGLI,Arhar/Tur,2009-10,Kharif,8300.0,Hectare,8400.0,Tonnes,1012.0481927710845,Madhya Maharashtra,2009
Maharashtra,SATARA,Arhar/Tur,2007-08,Kharif,5200.0,Hectare,2400.0,Tonnes,461.5384615384615,Madhya Maharashtra,2007
Maharashtra,SATARA,Arhar/Tur,2008-09,Kharif,2700.0,Hectare,1200.0,Tonnes,444.4444444444444,Madhya Maharashtra,2008
Maharashtra,SATARA,Arhar/Tur,2009-10,Kharif,4200.0,Hectare,4200.0,Tonnes,1000.0,Madhya Maharashtra,2009
Maharashtra,SOLAPUR,Arhar/Tur,2007-08,Kharif,25700.0,Hectare,11100.0,Tonnes,431.9066147859922,Madhya Maharashtra,2007
Maharashtra,SOLAPUR,Arhar/Tur,2008-09,Kharif,6900.0,Hectare,2700.0,Tonnes,391.304347826087,Madhya Maharashtra,2008
Maharashtra,SOLAPUR,Arhar/Tur,2009-10,Kharif,23200.0,Hectare,6900.0,Tonnes,297.4137931034483,Madhya Maharashtra,2009
Maharashtra,THANE,Arhar/Tur,2007-08,Kharif,2900.0,Hectare,2200.0,Tonnes,758.6206896551723,Konkan & Goa,2007
Maharashtra,THANE,Arhar/Tur,2008-09,Kharif,3200.0,Hectare,1800.0,Tonnes,562.5,Konkan & Goa,2008
Maharashtra,THANE,Arhar/Tur,2009-10,Kharif,3500.0,Hectare,2900.0,Tonnes,828.5714285714287,Konkan & Goa,2009
Maharashtra,WARDHA,Arhar/Tur,2007-08,Kharif,67200.0,Hectare,69200.0,Tonnes,1029.7619047619048,Vidarbha,2007
Maharashtra,WARDHA,Arhar/Tur,2008-09,Kharif,62900.0,Hectare,40200.0,Tonnes,639.1096979332274,Vidarbha,2008
Maharashtra,WARDHA,Arhar/Tur,2009-10,Kharif,63300.0,Hectare,21100.0,Tonnes,333.3333333333333,Vidarbha,2009
Maharashtra,WASHIM,Arhar/Tur,2007-08,Kharif,50300.0,Hectare,52300.0,Tonnes,1039.7614314115308,Vidarbha,2007
Maharashtra,WASHIM,Arhar/Tur,2008-09,Kharif,49400.0,Hectare,26700.0,Tonnes,540.4858299595143,Vidarbha,2008
Maharashtra,WASHIM,Arhar/Tur,2009-10,Kharif,50000.0,Hectare,54300.0,Tonnes,1086.0,Vidarbha,2009
Maharashtra,YAVATMAL,Arhar/Tur,2007-08,Kharif,110100.0,Hectare,119100.0,Tonnes,1081.7438692098094,Vidarbha,2007
Maharashtra,YAVATMAL,Arhar/Tur,2008-09,Kharif,103800.0,Hectare,62400.0,Tonnes,601.1560693641619,Vidarbha,2008
Maharashtra,YAVATMAL,Arhar/Tur,2009-10,Kharif,103800.0,Hectare,71600.0,Tonnes,689.7880539499037,Vidarbha,2009
Maharashtra,AHMEDNAGAR,Arhar/Tur,2010-11,Kharif,17600.0,Hectare,11300.0,Tonnes,642.0454545454546,Madhya Maharashtra,2010
Maharashtra,AHMEDNAGAR,Arhar/Tur,2011-12,Kharif,12800.0,Hectare,6400.0,Tonnes,500.0,Madhya Maharashtra,2011
Maharashtra,AHMEDNAGAR,Arhar/Tur,2012-13,Kharif,9500.0,Hectare,2200.0,Tonnes,231.57894736842098,Madhya Maharashtra,2012
Maharashtra,AKOLA,Arhar/Tur,2010-11,Kharif,61500.0,Hectare,52100.0,Tonnes,847.1544715447154,Vidarbha,2010
Maharashtra,AKOLA,Arhar/Tur,2011-12,Kharif,62200.0,Hectare,22000.0,Tonnes,353.6977491961415,Vidarbha,2011
Maharashtra,AMRAVATI,Arhar/Tur,2010-11,Kharif,119600.0,Hectare,62900.0,Tonnes,525.9197324414716,Vidarbha,2010
Maharashtra,AMRAVATI,Arhar/Tur,2011-12,Kharif,127500.0,Hectare,108900.0,Tonnes,854.1176470588235,Vidarbha,2011
Maharashtra,AMRAVATI,Arhar/Tur,2012-13,Kharif,123800.0,Hectare,133100.0,Tonnes,1075.1211631663975,Vidarbha,2012
Maharashtra,AURANGABAD,Arhar/Tur,2010-11,Kharif,60800.0,Hectare,53400.0,Tonnes,878.2894736842105,Matathwada,2010
Maharashtra,AURANGABAD,Arhar/Tur,2011-12,Kharif,36100.0,Hectare,28800.0,Tonnes,797.7839335180056,Matathwada,2011
Maharashtra,AURANGABAD,Arhar/Tur,2012-13,Kharif,36100.0,Hectare,12000.0,Tonnes,332.4099722991689,Matathwada,2012
Maharashtra,BEED,Arhar/Tur,2010-11,Kharif,62400.0,Hectare,34100.0,Tonnes,546.4743589743589,Matathwada,2010
Maharashtra,BEED,Arhar/Tur,2011-12,Kharif,50200.0,Hectare,28800.0,Tonnes,573.7051792828686,Matathwada,2011
Maharashtra,BEED,Arhar/Tur,2012-13,Kharif,50200.0,Hectare,20300.0,Tonnes,404.3824701195219,Matathwada,2012
Maharashtra,BHANDARA,Arhar/Tur,2010-11,Kharif,8800.0,Hectare,8300.0,Tonnes,943.1818181818182,Vidarbha,2010
Maharashtra,BHANDARA,Arhar/Tur,2011-12,Kharif,9200.0,Hectare,8000.0,Tonnes,869.5652173913044,Vidarbha,2011
Maharashtra,BHANDARA,Arhar/Tur,2012-13,Kharif,8900.0,Hectare,9500.0,Tonnes,1067.4157303370787,Vidarbha,2012
Maharashtra,BULDHANA,Arhar/Tur,2010-11,Kharif,76800.0,Hectare,42500.0,Tonnes,553.3854166666666,Vidarbha,2010
Maharashtra,BULDHANA,Arhar/Tur,2011-12,Kharif,79500.0,Hectare,44100.0,Tonnes,554.7169811320755,Vidarbha,2011
Maharashtra,BULDHANA,Arhar/Tur,2012-13,Kharif,84100.0,Hectare,43900.0,Tonnes,521.9976218787158,Vidarbha,2012
Maharashtra,CHANDRAPUR,Arhar/Tur,2010-11,Kharif,39600.0,Hectare,34100.0,Tonnes,861.1111111111112,Vidarbha,2010
Maharashtra,CHANDRAPUR,Arhar/Tur,2011-12,Kharif,34700.0,Hectare,26000.0,Tonnes,749.2795389048991,Vidarbha,2011
Maharashtra,DHULE,Arhar/Tur,2010-11,Kharif,9200.0,Hectare,8200.0,Tonnes,891.3043478260869,Madhya Maharashtra,2010
Maharashtra,DHULE,Arhar/Tur,2011-12,Kharif,7500.0,Hectare,4400.0,Tonnes,586.6666666666666,Madhya Maharashtra,2011
Maharashtra,DHULE,Arhar/Tur,2012-13,Kharif,8200.0,Hectare,4000.0,Tonnes,487.8048780487805,Madhya Maharashtra,2012
Maharashtra,GADCHIROLI,Arhar/Tur,2010-11,Kharif,6800.0,Hectare,6400.0,Tonnes,941.1764705882351,Vidarbha,2010
Maharashtra,GADCHIROLI,Arhar/Tur,2011-12,Kharif,6700.0,Hectare,5800.0,Tonnes,865.6716417910447,Vidarbha,2011
Maharashtra,GADCHIROLI,Arhar/Tur,2012-13,Kharif,5800.0,Hectare,6200.0,Tonnes,1068.9655172413793,Vidarbha,2012
Maharashtra,GONDIA,Arhar/Tur,2010-11,Kharif,5300.0,Hectare,5000.0,Tonnes,943.3962264150944,Vidarbha,2010
Maharashtra,GONDIA,Arhar/Tur,2011-12,Kharif,6300.0,Hectare,5500.0,Tonnes,873.015873015873,Vidarbha,2011
Maharashtra,GONDIA,Arhar/Tur,2012-13,Kharif,6200.0,Hectare,6600.0,Tonnes,1064.516129032258,Vidarbha,2012
Maharashtra,HINGOLI,Arhar/Tur,2010-11,Kharif,29100.0,Hectare,22300.0,Tonnes,766.3230240549829,Matathwada,2010
Maharashtra,HINGOLI,Arhar/Tur,2011-12,Kharif,33500.0,Hectare,26800.0,Tonnes,800.0,Matathwada,2011
Maharashtra,JALGAON,Arhar/Tur,2010-11,Kharif,16000.0,Hectare,14300.0,Tonnes,893.75,Madhya Maharashtra,2010
Maharashtra,JALGAON,Arhar/Tur,2011-12,Kharif,16900.0,Hectare,13300.0,Tonnes,786.9822485207101,Madhya Maharashtra,2011
Maharashtra,JALGAON,Arhar/Tur,2012-13,Kharif,18300.0,Hectare,11500.0,Tonnes,628.4153005464481,Madhya Maharashtra,2012
Maharashtra,JALNA,Arhar/Tur,2010-11,Kharif,53100.0,Hectare,54000.0,Tonnes,1016.9491525423729,Matathwada,2010
Maharashtra,JALNA,Arhar/Tur,2011-12,Kharif,52700.0,Hectare,27700.0,Tonnes,525.6166982922201,Matathwada,2011
Maharashtra,JALNA,Arhar/Tur,2012-13,Kharif,46400.0,Hectare,10800.0,Tonnes,232.75862068965512,Matathwada,2012
Maharashtra,KOLHAPUR,Arhar/Tur,2010-11,Kharif,2400.0,Hectare,800.0,Tonnes,333.3333333333333,Madhya Maharashtra,2010
Maharashtra,KOLHAPUR,Arhar/Tur,2011-12,Kharif,2500.0,Hectare,700.0,Tonnes,280.0,Madhya Maharashtra,2011
Maharashtra,LATUR,Arhar/Tur,2010-11,Kharif,88600.0,Hectare,103300.0,Tonnes,1165.9142212189618,Matathwada,2010
Maharashtra,LATUR,Arhar/Tur,2011-12,Kharif,106300.0,Hectare,86100.0,Tonnes,809.9717779868297,Matathwada,2011
Maharashtra,NAGPUR,Arhar/Tur,2010-11,Kharif,61600.0,Hectare,51700.0,Tonnes,839.2857142857143,Vidarbha,2010
Maharashtra,NAGPUR,Arhar/Tur,2011-12,Kharif,56000.0,Hectare,44800.0,Tonnes,800.0,Vidarbha,2011
Maharashtra,NAGPUR,Arhar/Tur,2012-13,Kharif,55400.0,Hectare,40600.0,Tonnes,732.8519855595667,Vidarbha,2012
Maharashtra,NANDED,Arhar/Tur,2010-11,Kharif,68300.0,Hectare,40400.0,Tonnes,591.5080527086384,Matathwada,2010
Maharashtra,NANDED,Arhar/Tur,2011-12,Kharif,66500.0,Hectare,42700.0,Tonnes,642.1052631578947,Matathwada,2011
Maharashtra,NANDED,Arhar/Tur,2012-13,Kharif,64500.0,Hectare,36900.0,Tonnes,572.0930232558139,Matathwada,2012
Maharashtra,NANDURBAR,Arhar/Tur,2010-11,Kharif,20100.0,Hectare,14600.0,Tonnes,726.3681592039801,Madhya Maharashtra,2010
Maharashtra,NANDURBAR,Arhar/Tur,2011-12,Kharif,20700.0,Hectare,9800.0,Tonnes,473.4299516908212,Madhya Maharashtra,2011
Maharashtra,NANDURBAR,Arhar/Tur,2012-13,Kharif,18700.0,Hectare,7100.0,Tonnes,379.6791443850267,Madhya Maharashtra,2012
Maharashtra,NASHIK,Arhar/Tur,2010-11,Kharif,10100.0,Hectare,6200.0,Tonnes,613.8613861386139,Madhya Maharashtra,2010
Maharashtra,NASHIK,Arhar/Tur,2011-12,Kharif,10900.0,Hectare,8300.0,Tonnes,761.4678899082569,Madhya Maharashtra,2011
Maharashtra,NASHIK,Arhar/Tur,2012-13,Kharif,9500.0,Hectare,6000.0,Tonnes,631.578947368421,Madhya Maharashtra,2012
Maharashtra,OSMANABAD,Arhar/Tur,2010-11,Kharif,94300.0,Hectare,72800.0,Tonnes,772.0042417815482,Matathwada,2010
Maharashtra,OSMANABAD,Arhar/Tur,2011-12,Kharif,97800.0,Hectare,73900.0,Tonnes,755.6237218813906,Matathwada,2011
Maharashtra,OSMANABAD,Arhar/Tur,2012-13,Kharif,93200.0,Hectare,28000.0,Tonnes,300.4291845493562,Matathwada,2012
Maharashtra,PARBHANI,Arhar/Tur,2010-11,Kharif,67600.0,Hectare,39500.0,Tonnes,584.3195266272189,Matathwada,2010
Maharashtra,PARBHANI,Arhar/Tur,2011-12,Kharif,67500.0,Hectare,42100.0,Tonnes,623.7037037037037,Matathwada,2011
Maharashtra,PARBHANI,Arhar/Tur,2012-13,Kharif,67800.0,Hectare,41000.0,Tonnes,604.7197640117994,Matathwada,2012
Maharashtra,PUNE,Arhar/Tur,2010-11,Kharif,2900.0,Hectare,1800.0,Tonnes,620.6896551724138,Madhya Maharashtra,2010
Maharashtra,PUNE,Arhar/Tur,2011-12,Kharif,2900.0,Hectare,1500.0,Tonnes,517.2413793103449,Madhya Maharashtra,2011
Maharashtra,RAIGAD,Arhar/Tur,2010-11,Kharif,1300.0,Hectare,600.0,Tonnes,461.5384615384615,Konkan & Goa,2010
Maharashtra,RAIGAD,Arhar/Tur,2011-12,Kharif,1300.0,Hectare,800.0,Tonnes,615.3846153846155,Konkan & Goa,2011
Maharashtra,RATNAGIRI,Arhar/Tur,2010-11,Kharif,700.0,Hectare,300.0,Tonnes,428.5714285714285,Konkan & Goa,2010
Maharashtra,RATNAGIRI,Arhar/Tur,2011-12,Kharif,700.0,Hectare,400.0,Tonnes,571.4285714285714,Konkan & Goa,2011
Maharashtra,SANGLI,Arhar/Tur,2010-11,Kharif,11300.0,Hectare,3900.0,Tonnes,345.1327433628318,Madhya Maharashtra,2010
Maharashtra,SANGLI,Arhar/Tur,2011-12,Kharif,5500.0,Hectare,1500.0,Tonnes,272.7272727272727,Madhya Maharashtra,2011
Maharashtra,SATARA,Arhar/Tur,2010-11,Kharif,5300.0,Hectare,1800.0,Tonnes,339.6226415094339,Madhya Maharashtra,2010
Maharashtra,SATARA,Arhar/Tur,2011-12,Kharif,2300.0,Hectare,600.0,Tonnes,260.8695652173913,Madhya Maharashtra,2011
Maharashtra,SOLAPUR,Arhar/Tur,2010-11,Kharif,41800.0,Hectare,15600.0,Tonnes,373.2057416267942,Madhya Maharashtra,2010
Maharashtra,SOLAPUR,Arhar/Tur,2011-12,Kharif,21600.0,Hectare,8100.0,Tonnes,375.0,Madhya Maharashtra,2011
Maharashtra,SOLAPUR,Arhar/Tur,2012-13,Kharif,18800.0,Hectare,6300.0,Tonnes,335.1063829787234,Madhya Maharashtra,2012
Maharashtra,THANE,Arhar/Tur,2010-11,Kharif,3400.0,Hectare,1600.0,Tonnes,470.58823529411757,Konkan & Goa,2010
Maharashtra,THANE,Arhar/Tur,2011-12,Kharif,3400.0,Hectare,2100.0,Tonnes,617.6470588235294,Konkan & Goa,2011
Maharashtra,WARDHA,Arhar/Tur,2010-11,Kharif,71500.0,Hectare,76600.0,Tonnes,1071.3286713286714,Vidarbha,2010
Maharashtra,WARDHA,Arhar/Tur,2011-12,Kharif,68900.0,Hectare,67600.0,Tonnes,981.132075471698,Vidarbha,2011
Maharashtra,WARDHA,Arhar/Tur,2012-13,Kharif,66500.0,Hectare,79300.0,Tonnes,1192.4812030075186,Vidarbha,2012
Maharashtra,WASHIM,Arhar/Tur,2010-11,Kharif,62500.0,Hectare,45000.0,Tonnes,720.0,Vidarbha,2010
Maharashtra,WASHIM,Arhar/Tur,2011-12,Kharif,54000.0,Hectare,29600.0,Tonnes,548.1481481481482,Vidarbha,2011
Maharashtra,WASHIM,Arhar/Tur,2012-13,Kharif,53800.0,Hectare,35800.0,Tonnes,665.4275092936804,Vidarbha,2012
Maharashtra,YAVATMAL,Arhar/Tur,2010-11,Kharif,121600.0,Hectare,90400.0,Tonnes,743.421052631579,Vidarbha,2010
Maharashtra,YAVATMAL,Arhar/Tur,2011-12,Kharif,108500.0,Hectare,93800.0,Tonnes,864.516129032258,Vidarbha,2011
Maharashtra,YAVATMAL,Arhar/Tur,2012-13,Kharif,109600.0,Hectare,120100.0,Tonnes,1095.8029197080293,Vidarbha,2012
Maharashtra,AHMEDNAGAR,Arhar/Tur,2013-14,Kharif,11000.0,Hectare,9200.0,Tonnes,836.3636363636363,Madhya Maharashtra,2013
Maharashtra,AHMEDNAGAR,Arhar/Tur,2015-16,Kharif,9300.0,Hectare,2200.0,Tonnes,236.55913978494618,Madhya Maharashtra,2015
Maharashtra,AKOLA,Arhar/Tur,2014-15,Kharif,50100.0,Hectare,19600.0,Tonnes,391.2175648702595,Vidarbha,2014
Maharashtra,AKOLA,Arhar/Tur,2015-16,Kharif,54300.0,Hectare,45100.0,Tonnes,830.5709023941068,Vidarbha,2015
Maharashtra,AMRAVATI,Arhar/Tur,2014-15,Kharif,103800.0,Hectare,36800.0,Tonnes,354.5279383429672,Vidarbha,2014
Maharashtra,AMRAVATI,Arhar/Tur,2015-16,Kharif,108200.0,Hectare,57600.0,Tonnes,532.3475046210721,Vidarbha,2015
Maharashtra,AURANGABAD,Arhar/Tur,2013-14,Kharif,28600.0,Hectare,26800.0,Tonnes,937.0629370629372,Matathwada,2013
Maharashtra,AURANGABAD,Arhar/Tur,2014-15,Kharif,32900.0,Hectare,8700.0,Tonnes,264.43768996960483,Matathwada,2014
Maharashtra,AURANGABAD,Arhar/Tur,2015-16,Kharif,44600.0,Hectare,12100.0,Tonnes,271.3004484304933,Matathwada,2015
Maharashtra,BEED,Arhar/Tur,2013-14,Kharif,56400.0,Hectare,37700.0,Tonnes,668.4397163120568,Matathwada,2013
Maharashtra,BHANDARA,Arhar/Tur,2013-14,Kharif,11300.0,Hectare,7100.0,Tonnes,628.3185840707964,Vidarbha,2013
Maharashtra,BHANDARA,Arhar/Tur,2014-15,Kharif,11600.0,Hectare,4000.0,Tonnes,344.82758620689657,Vidarbha,2014
Maharashtra,BHANDARA,Arhar/Tur,2015-16,Kharif,11500.0,Hectare,5200.0,Tonnes,452.1739130434782,Vidarbha,2015
Maharashtra,BULDHANA,Arhar/Tur,2013-14,Kharif,21100.0,Hectare,14800.0,Tonnes,701.4218009478673,Vidarbha,2013
Maharashtra,BULDHANA,Arhar/Tur,2014-15,Kharif,69600.0,Hectare,18500.0,Tonnes,265.8045977011494,Vidarbha,2014
Maharashtra,BULDHANA,Arhar/Tur,2015-16,Kharif,72600.0,Hectare,24200.0,Tonnes,333.3333333333333,Vidarbha,2015
Maharashtra,CHANDRAPUR,Arhar/Tur,2013-14,Kharif,32600.0,Hectare,28500.0,Tonnes,874.2331288343557,Vidarbha,2013
Maharashtra,CHANDRAPUR,Arhar/Tur,2014-15,Kharif,38200.0,Hectare,19800.0,Tonnes,518.3246073298429,Vidarbha,2014
Maharashtra,CHANDRAPUR,Arhar/Tur,2015-16,Kharif,38700.0,Hectare,26200.0,Tonnes,677.0025839793282,Vidarbha,2015
Maharashtra,DHULE,Arhar/Tur,2013-14,Kharif,9000.0,Hectare,7500.0,Tonnes,833.3333333333334,Madhya Maharashtra,2013
Maharashtra,DHULE,Arhar/Tur,2014-15,Kharif,11600.0,Hectare,5200.0,Tonnes,448.2758620689655,Madhya Maharashtra,2014
Maharashtra,DHULE,Arhar/Tur,2015-16,Kharif,15000.0,Hectare,5300.0,Tonnes,353.33333333333326,Madhya Maharashtra,2015
Maharashtra,GADCHIROLI,Arhar/Tur,2013-14,Kharif,4100.0,Hectare,2600.0,Tonnes,634.1463414634146,Vidarbha,2013
Maharashtra,GADCHIROLI,Arhar/Tur,2014-15,Kharif,4600.0,Hectare,1600.0,Tonnes,347.8260869565217,Vidarbha,2014
Maharashtra,GADCHIROLI,Arhar/Tur,2015-16,Kharif,4600.0,Hectare,1800.0,Tonnes,391.304347826087,Vidarbha,2015
Maharashtra,GONDIA,Arhar/Tur,2013-14,Kharif,6000.0,Hectare,3800.0,Tonnes,633.3333333333333,Vidarbha,2013
Maharashtra,GONDIA,Arhar/Tur,2014-15,Kharif,6500.0,Hectare,2200.0,Tonnes,338.46153846153845,Vidarbha,2014
Maharashtra,GONDIA,Arhar/Tur,2015-16,Kharif,6500.0,Hectare,2900.0,Tonnes,446.1538461538462,Vidarbha,2015
Maharashtra,HINGOLI,Arhar/Tur,2013-14,Kharif,38900.0,Hectare,33200.0,Tonnes,853.4704370179949,Matathwada,2013
Maharashtra,HINGOLI,Arhar/Tur,2014-15,Kharif,41100.0,Hectare,18500.0,Tonnes,450.1216545012165,Matathwada,2014
Maharashtra,HINGOLI,Arhar/Tur,2015-16,Kharif,47000.0,Hectare,13600.0,Tonnes,289.3617021276595,Matathwada,2015
Maharashtra,JALGAON,Arhar/Tur,2013-14,Kharif,18400.0,Hectare,20400.0,Tonnes,1108.695652173913,Madhya Maharashtra,2013
Maharashtra,JALGAON,Arhar/Tur,2014-15,Kharif,15600.0,Hectare,8200.0,Tonnes,525.6410256410256,Madhya Maharashtra,2014
Maharashtra,JALGAON,Arhar/Tur,2015-16,Kharif,15500.0,Hectare,7700.0,Tonnes,496.7741935483871,Madhya Maharashtra,2015
Maharashtra,JALNA,Arhar/Tur,2013-14,Kharif,44200.0,Hectare,47500.0,Tonnes,1074.6606334841629,Matathwada,2013
Maharashtra,JALNA,Arhar/Tur,2014-15,Kharif,47200.0,Hectare,11900.0,Tonnes,252.1186440677966,Matathwada,2014
Maharashtra,JALNA,Arhar/Tur,2015-16,Kharif,46500.0,Hectare,10100.0,Tonnes,217.2043010752688,Matathwada,2015
Maharashtra,KOLHAPUR,Arhar/Tur,2013-14,Kharif,400.0,Hectare,200.0,Tonnes,500.0,Madhya Maharashtra,2013
Maharashtra,KOLHAPUR,Arhar/Tur,2014-15,Kharif,1500.0,Hectare,400.0,Tonnes,266.66666666666663,Madhya Maharashtra,2014
Maharashtra,LATUR,Arhar/Tur,2014-15,Kharif,113200.0,Hectare,28300.0,Tonnes,250.0,Matathwada,2014
Maharashtra,LATUR,Arhar/Tur,2015-16,Kharif,116200.0,Hectare,30900.0,Tonnes,265.92082616179005,Matathwada,2015
Maharashtra,NAGPUR,Arhar/Tur,2013-14,Kharif,58600.0,Hectare,26600.0,Tonnes,453.9249146757679,Vidarbha,2013
Maharashtra,NAGPUR,Arhar/Tur,2014-15,Kharif,62000.0,Hectare,21100.0,Tonnes,340.3225806451613,Vidarbha,2014
Maharashtra,NAGPUR,Arhar/Tur,2015-16,Kharif,67800.0,Hectare,27900.0,Tonnes,411.504424778761,Vidarbha,2015
Maharashtra,NANDED,Arhar/Tur,2013-14,Kharif,71600.0,Hectare,46100.0,Tonnes,643.8547486033519,Matathwada,2013
Maharashtra,NANDURBAR,Arhar/Tur,2013-14,Kharif,12000.0,Hectare,4700.0,Tonnes,391.66666666666663,Madhya Maharashtra,2013
Maharashtra,NANDURBAR,Arhar/Tur,2014-15,Kharif,12600.0,Hectare,2800.0,Tonnes,222.2222222222222,Madhya Maharashtra,2014
Maharashtra,NANDURBAR,Arhar/Tur,2015-16,Kharif,13600.0,Hectare,4200.0,Tonnes,308.8235294117647,Madhya Maharashtra,2015
Maharashtra,NASHIK,Arhar/Tur,2013-14,Kharif,10100.0,Hectare,7100.0,Tonnes,702.9702970297029,Madhya Maharashtra,2013
Maharashtra,NASHIK,Arhar/Tur,2014-15,Kharif,5700.0,Hectare,1500.0,Tonnes,263.1578947368421,Madhya Maharashtra,2014
Maharashtra,NASHIK,Arhar/Tur,2015-16,Kharif,5900.0,Hectare,1700.0,Tonnes,288.135593220339,Madhya Maharashtra,2015
Maharashtra,OSMANABAD,Arhar/Tur,2013-14,Kharif,101000.0,Hectare,115700.0,Tonnes,1145.5445544554457,Matathwada,2013
Maharashtra,OSMANABAD,Arhar/Tur,2014-15,Kharif,101000.0,Hectare,28600.0,Tonnes,283.1683168316831,Matathwada,2014
Maharashtra,PALGHAR,Arhar/Tur,2014-15,Kharif,2300.0,Hectare,900.0,Tonnes,391.304347826087,Konkan & Goa,2014
Maharashtra,PALGHAR,Arhar/Tur,2015-16,Kharif,2500.0,Hectare,900.0,Tonnes,360.0,Konkan & Goa,2015
Maharashtra,PARBHANI,Arhar/Tur,2013-14,Kharif,70500.0,Hectare,52900.0,Tonnes,750.354609929078,Matathwada,2013
Maharashtra,PUNE,Arhar/Tur,2013-14,Kharif,4200.0,Hectare,2400.0,Tonnes,571.4285714285714,Madhya Maharashtra,2013
Maharashtra,PUNE,Arhar/Tur,2014-15,Kharif,3000.0,Hectare,700.0,Tonnes,233.33333333333331,Madhya Maharashtra,2014
Maharashtra,PUNE,Arhar/Tur,2015-16,Kharif,1300.0,Hectare,600.0,Tonnes,461.5384615384615,Madhya Maharashtra,2015
Maharashtra,RAIGAD,Arhar/Tur,2013-14,Kharif,600.0,Hectare,300.0,Tonnes,500.0,Konkan & Goa,2013
Maharashtra,RAIGAD,Arhar/Tur,2014-15,Kharif,1200.0,Hectare,500.0,Tonnes,416.6666666666667,Konkan & Goa,2014
Maharashtra,RAIGAD,Arhar/Tur,2015-16,Kharif,1600.0,Hectare,600.0,Tonnes,375.0,Konkan & Goa,2015
Maharashtra,RATNAGIRI,Arhar/Tur,2013-14,Kharif,100.0,Hectare,100.0,Tonnes,1000.0,Konkan & Goa,2013
Maharashtra,RATNAGIRI,Arhar/Tur,2014-15,Kharif,600.0,Hectare,200.0,Tonnes,333.3333333333333,Konkan & Goa,2014
Maharashtra,RATNAGIRI,Arhar/Tur,2015-16,Kharif,800.0,Hectare,300.0,Tonnes,375.0,Konkan & Goa,2015
Maharashtra,SANGLI,Arhar/Tur,2013-14,Kharif,6300.0,Hectare,3300.0,Tonnes,523.8095238095239,Madhya Maharashtra,2013
Maharashtra,SANGLI,Arhar/Tur,2014-15,Kharif,6900.0,Hectare,2000.0,Tonnes,289.8550724637681,Madhya Maharashtra,2014
Maharashtra,SATARA,Arhar/Tur,2013-14,Kharif,1600.0,Hectare,800.0,Tonnes,500.0,Madhya Maharashtra,2013
Maharashtra,SATARA,Arhar/Tur,2014-15,Kharif,1300.0,Hectare,400.0,Tonnes,307.69230769230774,Madhya Maharashtra,2014
Maharashtra,SINDHUDURG,Arhar/Tur,2015-16,Kharif,700.0,Hectare,300.0,Tonnes,428.5714285714285,Konkan & Goa,2015
Maharashtra,SOLAPUR,Arhar/Tur,2013-14,Kharif,18800.0,Hectare,9200.0,Tonnes,489.3617021276595,Madhya Maharashtra,2013
Maharashtra,SOLAPUR,Arhar/Tur,2014-15,Kharif,18800.0,Hectare,9000.0,Tonnes,478.72340425531917,Madhya Maharashtra,2014
Maharashtra,THANE,Arhar/Tur,2013-14,Kharif,2800.0,Hectare,1500.0,Tonnes,535.7142857142857,Konkan & Goa,2013
Maharashtra,THANE,Arhar/Tur,2014-15,Kharif,400.0,Hectare,200.0,Tonnes,500.0,Konkan & Goa,2014
Maharashtra,THANE,Arhar/Tur,2015-16,Kharif,600.0,Hectare,200.0,Tonnes,333.3333333333333,Konkan & Goa,2015
Maharashtra,WARDHA,Arhar/Tur,2013-14,Kharif,70600.0,Hectare,47600.0,Tonnes,674.2209631728045,Vidarbha,2013
Maharashtra,WARDHA,Arhar/Tur,2014-15,Kharif,72800.0,Hectare,19200.0,Tonnes,263.7362637362637,Vidarbha,2014
Maharashtra,WARDHA,Arhar/Tur,2015-16,Kharif,77900.0,Hectare,29000.0,Tonnes,372.2721437740693,Vidarbha,2015
Maharashtra,WASHIM,Arhar/Tur,2013-14,Kharif,46200.0,Hectare,22300.0,Tonnes,482.6839826839826,Vidarbha,2013
Maharashtra,WASHIM,Arhar/Tur,2014-15,Kharif,52300.0,Hectare,16200.0,Tonnes,309.7514340344168,Vidarbha,2014
Maharashtra,WASHIM,Arhar/Tur,2015-16,Kharif,52500.0,Hectare,23000.0,Tonnes,438.0952380952381,Vidarbha,2015
Maharashtra,YAVATMAL,Arhar/Tur,2013-14,Kharif,109200.0,Hectare,80400.0,Tonnes,736.2637362637363,Vidarbha,2013
Maharashtra,YAVATMAL,Arhar/Tur,2014-15,Kharif,111800.0,Hectare,25500.0,Tonnes,228.08586762075132,Vidarbha,2014
Maharashtra,YAVATMAL,Arhar/Tur,2015-16,Kharif,119700.0,Hectare,62600.0,Tonnes,522.9741019214703,Vidarbha,2015
Maharashtra,AHMEDNAGAR,Arhar/Tur,2016-17,Kharif,21968.0,Hectare,22038.0,Tonnes,1003.1864530225785,Madhya Maharashtra,2016
Maharashtra,AHMEDNAGAR,Arhar/Tur,2017-18,Kharif,15700.0,Hectare,15600.0,Tonnes,993.6305732484077,Madhya Maharashtra,2017
Maharashtra,AHMEDNAGAR,Arhar/Tur,2018-19,Kharif,19058.0,Hectare,4757.0,Tonnes,249.6064644768601,Madhya Maharashtra,2018
Maharashtra,AKOLA,Arhar/Tur,2017-18,Kharif,58680.99999999999,Hectare,59741.99999999999,Tonnes,1018.0808098021503,Vidarbha,2017
Maharashtra,AKOLA,Arhar/Tur,2018-19,Kharif,57074.0,Hectare,34547.0,Tonnes,605.301888775975,Vidarbha,2018
Maharashtra,AMRAVATI,Arhar/Tur,2016-17,Kharif,122612.0,Hectare,146932.0,Tonnes,1198.3492643460675,Vidarbha,2016
Maharashtra,AMRAVATI,Arhar/Tur,2017-18,Kharif,112300.0,Hectare,111100.0,Tonnes,989.3143365983972,Vidarbha,2017
Maharashtra,AMRAVATI,Arhar/Tur,2018-19,Kharif,112813.0,Hectare,125540.0,Tonnes,1112.8150124542385,Vidarbha,2018
Maharashtra,AURANGABAD,Arhar/Tur,2016-17,Kharif,60725.0,Hectare,71469.0,Tonnes,1176.9287772745988,Matathwada,2016
Maharashtra,AURANGABAD,Arhar/Tur,2017-18,Kharif,63900.0,Hectare,52600.0,Tonnes,823.1611893583724,Matathwada,2017
Maharashtra,AURANGABAD,Arhar/Tur,2018-19,Kharif,37901.0,Hectare,9835.0,Tonnes,259.4918339885491,Matathwada,2018
Maharashtra,BEED,Arhar/Tur,2016-17,Kharif,89190.0,Hectare,81624.0,Tonnes,915.1698620921628,Matathwada,2016
Maharashtra,BEED,Arhar/Tur,2017-18,Kharif,92600.0,Hectare,52200.0,Tonnes,563.7149028077754,Matathwada,2017
Maharashtra,BHANDARA,Arhar/Tur,2017-18,Kharif,12305.0,Hectare,13119.999999999998,Tonnes,1066.2332385209263,Vidarbha,2017
Maharashtra,BHANDARA,Arhar/Tur,2018-19,Kharif,12865.0,Hectare,12743.0,Tonnes,990.5169063350177,Vidarbha,2018
Maharashtra,BULDHANA,Arhar/Tur,2016-17,Kharif,77864.0,Hectare,64484.0,Tonnes,828.1619233535396,Vidarbha,2016
Maharashtra,BULDHANA,Arhar/Tur,2017-18,Kharif,76195.0,Hectare,47788.0,Tonnes,627.1802611719929,Vidarbha,2017
Maharashtra,BULDHANA,Arhar/Tur,2018-19,Kharif,88381.0,Hectare,45400.0,Tonnes,513.6850680576141,Vidarbha,2018
Maharashtra,CHANDRAPUR,Arhar/Tur,2018-19,Kharif,44322.0,Hectare,48875.0,Tonnes,1102.72550877668,Vidarbha,2018
Maharashtra,DHULE,Arhar/Tur,2016-17,Kharif,9082.0,Hectare,7639.0,Tonnes,841.114292006166,Madhya Maharashtra,2016
Maharashtra,DHULE,Arhar/Tur,2017-18,Kharif,9900.0,Hectare,9300.0,Tonnes,939.3939393939395,Madhya Maharashtra,2017
Maharashtra,DHULE,Arhar/Tur,2018-19,Kharif,11036.0,Hectare,4240.0,Tonnes,384.1971728887278,Madhya Maharashtra,2018
Maharashtra,GADCHIROLI,Arhar/Tur,2017-18,Kharif,5299.0,Hectare,5650.0,Tonnes,1066.2389130024533,Vidarbha,2017
Maharashtra,GADCHIROLI,Arhar/Tur,2018-19,Kharif,5409.0,Hectare,5358.0,Tonnes,990.57127010538,Vidarbha,2018
Maharashtra,GONDIA,Arhar/Tur,2017-18,Kharif,6354.0,Hectare,6775.0,Tonnes,1066.2574756059175,Vidarbha,2017
Maharashtra,GONDIA,Arhar/Tur,2018-19,Kharif,5751.0,Hectare,5696.0,Tonnes,990.4364458355068,Vidarbha,2018
Maharashtra,HINGOLI,Arhar/Tur,2016-17,Kharif,76379.0,Hectare,82738.0,Tonnes,1083.2558687597375,Matathwada,2016
Maharashtra,HINGOLI,Arhar/Tur,2017-18,Kharif,77000.0,Hectare,61900.0,Tonnes,803.8961038961039,Matathwada,2017
Maharashtra,HINGOLI,Arhar/Tur,2018-19,Kharif,47044.0,Hectare,18150.0,Tonnes,385.8090298444009,Matathwada,2018
Maharashtra,JALGAON,Arhar/Tur,2016-17,Kharif,19764.0,Hectare,21387.0,Tonnes,1082.1190042501519,Madhya Maharashtra,2016
Maharashtra,JALGAON,Arhar/Tur,2017-18,Kharif,19500.0,Hectare,14400.0,Tonnes,738.4615384615385,Madhya Maharashtra,2017
Maharashtra,JALGAON,Arhar/Tur,2018-19,Kharif,20891.0,Hectare,10516.0,Tonnes,503.3746589440429,Madhya Maharashtra,2018
Maharashtra,JALNA,Arhar/Tur,2017-18,Kharif,54400.0,Hectare,42600.0,Tonnes,783.0882352941177,Matathwada,2017
Maharashtra,JALNA,Arhar/Tur,2018-19,Kharif,54333.00000000001,Hectare,19263.0,Tonnes,354.5359173982662,Matathwada,2018
Maharashtra,KOLHAPUR,Arhar/Tur,2016-17,Kharif,1321.0,Hectare,498.00000000000006,Tonnes,376.9871309613929,Madhya Maharashtra,2016
Maharashtra,LATUR,Arhar/Tur,2017-18,Kharif,111300.0,Hectare,131400.0,Tonnes,1180.5929919137466,Matathwada,2017
Maharashtra,LATUR,Arhar/Tur,2018-19,Kharif,114087.0,Hectare,54420.00000000001,Tonnes,477.00439138552167,Matathwada,2018
Maharashtra,NAGPUR,Arhar/Tur,2017-18,Kharif,65973.0,Hectare,73976.0,Tonnes,1121.3072014308884,Vidarbha,2017
Maharashtra,NAGPUR,Arhar/Tur,2018-19,Kharif,63334.0,Hectare,49192.0,Tonnes,776.7076136040673,Vidarbha,2018
Maharashtra,NANDED,Arhar/Tur,2017-18,Kharif,77200.0,Hectare,67900.0,Tonnes,879.5336787564767,Matathwada,2017
Maharashtra,NANDED,Arhar/Tur,2018-19,Kharif,74341.0,Hectare,68706.0,Tonnes,924.2006429830108,Matathwada,2018
Maharashtra,NANDURBAR,Arhar/Tur,2016-17,Kharif,17925.0,Hectare,9592.0,Tonnes,535.118549511855,Madhya Maharashtra,2016
Maharashtra,NANDURBAR,Arhar/Tur,2017-18,Kharif,21000.0,Hectare,11600.0,Tonnes,552.3809523809524,Madhya Maharashtra,2017
Maharashtra,NANDURBAR,Arhar/Tur,2018-19,Kharif,20597.0,Hectare,4788.0,Tonnes,232.4610380152449,Madhya Maharashtra,2018
Maharashtra,NASHIK,Arhar/Tur,2016-17,Kharif,7437.0,Hectare,5673.0,Tonnes,762.807583703106,Madhya Maharashtra,2016
Maharashtra,NASHIK,Arhar/Tur,2017-18,Kharif,7600.0,Hectare,6200.0,Tonnes,815.7894736842105,Madhya Maharashtra,2017
Maharashtra,NASHIK,Arhar/Tur,2018-19,Kharif,7579.000000000001,Hectare,1891.0,Tonnes,249.5052117693627,Madhya Maharashtra,2018
Maharashtra,OSMANABAD,Arhar/Tur,2016-17,Kharif,66804.0,Hectare,58649.0,Tonnes,877.9264714687744,Matathwada,2016
Maharashtra,OSMANABAD,Arhar/Tur,2017-18,Kharif,70300.0,Hectare,58100.0,Tonnes,826.4580369843528,Matathwada,2017
Maharashtra,OSMANABAD,Arhar/Tur,2018-19,Kharif,58049.0,Hectare,13351.0,Tonnes,229.99534875708449,Matathwada,2018
Maharashtra,PALGHAR,Arhar/Tur,2016-17,Kharif,2574.0,Hectare,2109.0,Tonnes,819.3473193473193,Konkan & Goa,2016
Maharashtra,PALGHAR,Arhar/Tur,2017-18,Kharif,2500.0,Hectare,1200.0,Tonnes,480.0,Konkan & Goa,2017
Maharashtra,PARBHANI,Arhar/Tur,2018-19,Kharif,42947.0,Hectare,19383.0,Tonnes,451.3237245907747,Matathwada,2018
Maharashtra,PUNE,Arhar/Tur,2016-17,Kharif,1773.0,Hectare,1547.0,Tonnes,872.5324309080654,Madhya Maharashtra,2016
Maharashtra,PUNE,Arhar/Tur,2017-18,Kharif,2000.0,Hectare,1300.0,Tonnes,650.0,Madhya Maharashtra,2017
Maharashtra,PUNE,Arhar/Tur,2018-19,Kharif,1103.0,Hectare,338.0,Tonnes,306.4369900271985,Madhya Maharashtra,2018
Maharashtra,RAIGAD,Arhar/Tur,2016-17,Kharif,1757.9999999999998,Hectare,1440.0,Tonnes,819.1126279863482,Konkan & Goa,2016
Maharashtra,RAIGAD,Arhar/Tur,2017-18,Kharif,300.0,Hectare,200.0,Tonnes,666.6666666666666,Konkan & Goa,2017
Maharashtra,RATNAGIRI,Arhar/Tur,2016-17,Kharif,180.0,Hectare,147.0,Tonnes,816.6666666666666,Konkan & Goa,2016
Maharashtra,SANGLI,Arhar/Tur,2016-17,Kharif,10707.0,Hectare,4040.0,Tonnes,377.3232464742692,Madhya Maharashtra,2016
Maharashtra,SANGLI,Arhar/Tur,2017-18,Kharif,7400.0,Hectare,2200.0,Tonnes,297.2972972972973,Madhya Maharashtra,2017
Maharashtra,SATARA,Arhar/Tur,2016-17,Kharif,2326.0,Hectare,877.9999999999999,Tonnes,377.4720550300945,Madhya Maharashtra,2016
Maharashtra,SATARA,Arhar/Tur,2018-19,Kharif,1635.0000000000002,Hectare,1165.0,Tonnes,712.5382262996941,Madhya Maharashtra,2018
Maharashtra,SINDHUDURG,Arhar/Tur,2016-17,Kharif,713.0,Hectare,584.0,Tonnes,819.0743338008415,Konkan & Goa,2016
Maharashtra,SOLAPUR,Arhar/Tur,2016-17,Kharif,29968.0,Hectare,16798.0,Tonnes,560.5312333155366,Madhya Maharashtra,2016
Maharashtra,SOLAPUR,Arhar/Tur,2017-18,Kharif,29800.0,Hectare,18700.0,Tonnes,627.51677852349,Madhya Maharashtra,2017
Maharashtra,THANE,Arhar/Tur,2016-17,Kharif,79.0,Hectare,65.0,Tonnes,822.7848101265823,Konkan & Goa,2016
Maharashtra,WARDHA,Arhar/Tur,2017-18,Kharif,88536.0,Hectare,100637.0,Tonnes,1136.6788650944247,Vidarbha,2017
Maharashtra,WARDHA,Arhar/Tur,2018-19,Kharif,74812.0,Hectare,83244.0,Tonnes,1112.7091910388708,Vidarbha,2018
Maharashtra,WASHIM,Arhar/Tur,2016-17,Kharif,55586.0,Hectare,35565.0,Tonnes,639.8193789803188,Vidarbha,2016
Maharashtra,WASHIM,Arhar/Tur,2017-18,Kharif,55030.99999999999,Hectare,19041.0,Tonnes,346.0049790118297,Vidarbha,2017
Maharashtra,WASHIM,Arhar/Tur,2018-19,Kharif,57063.0,Hectare,34405.0,Tonnes,602.9300948074934,Vidarbha,2018
Maharashtra,YAVATMAL,Arhar/Tur,2017-18,Kharif,134600.0,Hectare,130800.0,Tonnes,971.7682020802376,Vidarbha,2017
Maharashtra,YAVATMAL,Arhar/Tur,2018-19,Kharif,130308.0,Hectare,144939.0,Tonnes,1112.2801362924763,Vidarbha,2018
Maharashtra,AHMEDNAGAR,Arhar/Tur,2019-20,Kharif,19747.0,Hectare,9948.0,Tonnes,503.77272497088165,Madhya Maharashtra,2019
Maharashtra,AMRAVATI,Arhar/Tur,2019-20,Kharif,110012.0,Hectare,90183.0,Tonnes,819.7560266152784,Vidarbha,2019
Maharashtra,AURANGABAD,Arhar/Tur,2019-20,Kharif,37808.0,Hectare,29059.0,Tonnes,768.593948370715,Matathwada,2019
Maharashtra,BEED,Arhar/Tur,2019-20,Kharif,58598.0,Hectare,44228.0,Tonnes,754.7697873647566,Matathwada,2019
Maharashtra,BHANDARA,Arhar/Tur,2019-20,Kharif,10414.0,Hectare,5207.0,Tonnes,500.0,Vidarbha,2019
Maharashtra,BULDHANA,Arhar/Tur,2019-20,Kharif,93099.0,Hectare,111274.0,Tonnes,1195.222290250164,Vidarbha,2019
Maharashtra,DHULE,Arhar/Tur,2019-20,Kharif,15594.0,Hectare,8019.0,Tonnes,514.2362447095037,Madhya Maharashtra,2019
Maharashtra,GADCHIROLI,Arhar/Tur,2019-20,Kharif,5349.0,Hectare,4814.0,Tonnes,899.9813049168068,Vidarbha,2019
Maharashtra,GONDIA,Arhar/Tur,2019-20,Kharif,5868.0,Hectare,4107.0,Tonnes,699.8977505112475,Vidarbha,2019
Maharashtra,HINGOLI,Arhar/Tur,2019-20,Kharif,50494.0,Hectare,46688.0,Tonnes,924.6247078860856,Matathwada,2019
Maharashtra,JALGAON,Arhar/Tur,2019-20,Kharif,21751.0,Hectare,11066.0,Tonnes,508.75821801296496,Madhya Maharashtra,2019
Maharashtra,NANDED,Arhar/Tur,2019-20,Kharif,80193.0,Hectare,56710.0,Tonnes,707.1689548963126,Matathwada,2019
Maharashtra,NANDURBAR,Arhar/Tur,2019-20,Kharif,23918.0,Hectare,10879.0,Tonnes,454.8457228865289,Madhya Maharashtra,2019
Maharashtra,NASHIK,Arhar/Tur,2019-20,Kharif,6343.0,Hectare,2245.0,Tonnes,353.93346996689263,Madhya Maharashtra,2019
Maharashtra,OSMANABAD,Arhar/Tur,2019-20,Kharif,66619.0,Hectare,24783.0,Tonnes,372.0109878563172,Matathwada,2019
Maharashtra,PALGHAR,Arhar/Tur,2019-20,Kharif,2310.0,Hectare,1026.0,Tonnes,444.1558441558441,Konkan & Goa,2019
Maharashtra,PARBHANI,Arhar/Tur,2019-20,Kharif,46116.0,Hectare,52938.0,Tonnes,1147.9313036690087,Matathwada,2019
Maharashtra,PUNE,Arhar/Tur,2019-20,Kharif,2122.0,Hectare,1374.0,Tonnes,647.5023562676721,Madhya Maharashtra,2019
Maharashtra,RAIGAD,Arhar/Tur,2019-20,Kharif,222.00000000000003,Hectare,130.0,Tonnes,585.5855855855855,Konkan & Goa,2019
Maharashtra,SANGLI,Arhar/Tur,2019-20,Kharif,8152.0,Hectare,1676.0000000000002,Tonnes,205.5937193326791,Madhya Maharashtra,2019
Maharashtra,SATARA,Arhar/Tur,2019-20,Kharif,1903.0,Hectare,1588.0,Tonnes,834.4718864950079,Madhya Maharashtra,2019
Maharashtra,SOLAPUR,Arhar/Tur,2019-20,Kharif,51532.00000000001,Hectare,29432.0,Tonnes,571.1402623612512,Madhya Maharashtra,2019
Maharashtra,WASHIM,Arhar/Tur,2019-20,Kharif,62017.99999999999,Hectare,39030.0,Tonnes,629.3334193298721,Vidarbha,2019
Maharashtra,YAVATMAL,Arhar/Tur,2019-20,Kharif,137562.0,Hectare,43324.0,Tonnes,314.94162632122243,Vidarbha,2019
Maharashtra,AHMEDNAGAR,Arhar/Tur,1997-98,Kharif,17600.0,Hectare,6300.0,Tonnes,357.95454545454544,Madhya Maharashtra,1997
Maharashtra,AHMEDNAGAR,Arhar/Tur,1998-99,Kharif,18800.0,Hectare,9700.0,Tonnes,515.9574468085107,Madhya Maharashtra,1998
Maharashtra,AHMEDNAGAR,Arhar/Tur,1999-00,Kharif,19000.0,Hectare,9900.0,Tonnes,521.0526315789473,Madhya Maharashtra,1999
Maharashtra,AHMEDNAGAR,Arhar/Tur,2000-01,Kharif,19100.0,Hectare,9400.0,Tonnes,492.1465968586387,Madhya Maharashtra,2000
Maharashtra,AKOLA,Arhar/Tur,1997-98,Kharif,81200.0,Hectare,64400.0,Tonnes,793.1034482758621,Vidarbha,1997
Maharashtra,AKOLA,Arhar/Tur,1998-99,Kharif,77300.0,Hectare,88300.0,Tonnes,1142.3027166882275,Vidarbha,1998
Maharashtra,AKOLA,Arhar/Tur,2000-01,Kharif,46400.0,Hectare,33100.0,Tonnes,713.3620689655172,Vidarbha,2000
Maharashtra,AMRAVATI,Arhar/Tur,1997-98,Kharif,83400.0,Hectare,61300.0,Tonnes,735.0119904076738,Vidarbha,1997
Maharashtra,AMRAVATI,Arhar/Tur,1998-99,Kharif,86500.0,Hectare,85900.0,Tonnes,993.0635838150288,Vidarbha,1998
Maharashtra,AMRAVATI,Arhar/Tur,1999-00,Kharif,92200.0,Hectare,96700.0,Tonnes,1048.8069414316703,Vidarbha,1999
Maharashtra,AMRAVATI,Arhar/Tur,2000-01,Kharif,99600.0,Hectare,67300.0,Tonnes,675.7028112449799,Vidarbha,2000
Maharashtra,AURANGABAD,Arhar/Tur,1998-99,Kharif,40800.0,Hectare,24400.0,Tonnes,598.0392156862745,Matathwada,1998
Maharashtra,AURANGABAD,Arhar/Tur,1999-00,Kharif,42300.0,Hectare,17600.0,Tonnes,416.0756501182033,Matathwada,1999
Maharashtra,AURANGABAD,Arhar/Tur,2000-01,Kharif,52700.0,Hectare,13500.0,Tonnes,256.1669829222011,Matathwada,2000
Maharashtra,BEED,Arhar/Tur,1998-99,Kharif,46100.0,Hectare,28400.0,Tonnes,616.0520607375272,Matathwada,1998
Maharashtra,BEED,Arhar/Tur,1999-00,Kharif,47800.0,Hectare,18100.0,Tonnes,378.6610878661088,Matathwada,1999
Maharashtra,BEED,Arhar/Tur,2000-01,Kharif,53400.0,Hectare,19200.0,Tonnes,359.5505617977528,Matathwada,2000
Maharashtra,BHANDARA,Arhar/Tur,1997-98,Kharif,10200.0,Hectare,2700.0,Tonnes,264.70588235294116,Vidarbha,1997
Maharashtra,BHANDARA,Arhar/Tur,1998-99,Kharif,10100.0,Hectare,7600.0,Tonnes,752.4752475247525,Vidarbha,1998
Maharashtra,BHANDARA,Arhar/Tur,1999-00,Kharif,6100.0,Hectare,5400.0,Tonnes,885.2459016393442,Vidarbha,1999
Maharashtra,BHANDARA,Arhar/Tur,2000-01,Kharif,5600.0,Hectare,4300.0,Tonnes,767.8571428571429,Vidarbha,2000
Maharashtra,BULDHANA,Arhar/Tur,1997-98,Kharif,63000.0,Hectare,29700.0,Tonnes,471.42857142857144,Vidarbha,1997
Maharashtra,BULDHANA,Arhar/Tur,1998-99,Kharif,61600.0,Hectare,59200.0,Tonnes,961.038961038961,Vidarbha,1998
Maharashtra,BULDHANA,Arhar/Tur,1999-00,Kharif,55700.0,Hectare,42300.0,Tonnes,759.4254937163375,Vidarbha,1999
Maharashtra,BULDHANA,Arhar/Tur,2000-01,Kharif,59100.0,Hectare,23900.0,Tonnes,404.399323181049,Vidarbha,2000
Maharashtra,CHANDRAPUR,Arhar/Tur,1997-98,Kharif,30300.0,Hectare,9700.0,Tonnes,320.1320132013201,Vidarbha,1997
Maharashtra,CHANDRAPUR,Arhar/Tur,1998-99,Kharif,25200.0,Hectare,12200.0,Tonnes,484.1269841269841,Vidarbha,1998
Maharashtra,CHANDRAPUR,Arhar/Tur,1999-00,Kharif,27400.0,Hectare,21200.0,Tonnes,773.7226277372263,Vidarbha,1999
Maharashtra,CHANDRAPUR,Arhar/Tur,2000-01,Kharif,26900.0,Hectare,11400.0,Tonnes,423.7918215613382,Vidarbha,2000
Maharashtra,DHULE,Arhar/Tur,1997-98,Kharif,29400.0,Hectare,18500.0,Tonnes,629.2517006802722,Madhya Maharashtra,1997
Maharashtra,DHULE,Arhar/Tur,1998-99,Kharif,27000.0,Hectare,10000.0,Tonnes,370.37037037037027,Madhya Maharashtra,1998
Maharashtra,DHULE,Arhar/Tur,1999-00,Kharif,6900.0,Hectare,2500.0,Tonnes,362.31884057971007,Madhya Maharashtra,1999
Maharashtra,DHULE,Arhar/Tur,2000-01,Kharif,6900.0,Hectare,2000.0,Tonnes,289.8550724637681,Madhya Maharashtra,2000
Maharashtra,GADCHIROLI,Arhar/Tur,1997-98,Kharif,2100.0,Hectare,600.0,Tonnes,285.7142857142857,Vidarbha,1997
Maharashtra,GADCHIROLI,Arhar/Tur,1998-99,Kharif,1800.0,Hectare,1300.0,Tonnes,722.2222222222222,Vidarbha,1998
Maharashtra,GADCHIROLI,Arhar/Tur,1999-00,Kharif,1800.0,Hectare,1700.0,Tonnes,944.4444444444445,Vidarbha,1999
Maharashtra,GADCHIROLI,Arhar/Tur,2000-01,Kharif,1600.0,Hectare,1200.0,Tonnes,750.0,Vidarbha,2000
Maharashtra,GONDIA,Arhar/Tur,1999-00,Kharif,4000.0,Hectare,3800.0,Tonnes,950.0,Vidarbha,1999
Maharashtra,GONDIA,Arhar/Tur,2000-01,Kharif,3900.0,Hectare,3000.0,Tonnes,769.2307692307693,Vidarbha,2000
Maharashtra,HINGOLI,Arhar/Tur,1999-00,Kharif,26000.0,Hectare,13400.0,Tonnes,515.3846153846154,Matathwada,1999
Maharashtra,HINGOLI,Arhar/Tur,2000-01,Kharif,26600.0,Hectare,12200.0,Tonnes,458.6466165413533,Matathwada,2000
Maharashtra,JALGAON,Arhar/Tur,1997-98,Kharif,24100.0,Hectare,7300.0,Tonnes,302.9045643153527,Madhya Maharashtra,1997
Maharashtra,JALGAON,Arhar/Tur,1998-99,Kharif,24400.0,Hectare,13900.0,Tonnes,569.672131147541,Madhya Maharashtra,1998
Maharashtra,JALGAON,Arhar/Tur,1999-00,Kharif,25100.0,Hectare,14000.0,Tonnes,557.7689243027888,Madhya Maharashtra,1999
Maharashtra,JALGAON,Arhar/Tur,2000-01,Kharif,25700.0,Hectare,8500.0,Tonnes,330.7392996108949,Madhya Maharashtra,2000
Maharashtra,JALNA,Arhar/Tur,1998-99,Kharif,46100.0,Hectare,26000.0,Tonnes,563.9913232104121,Matathwada,1998
Maharashtra,JALNA,Arhar/Tur,1999-00,Kharif,47200.0,Hectare,22200.0,Tonnes,470.3389830508475,Matathwada,1999
Maharashtra,JALNA,Arhar/Tur,2000-01,Kharif,45500.0,Hectare,18300.0,Tonnes,402.1978021978022,Matathwada,2000
Maharashtra,KOLHAPUR,Arhar/Tur,1997-98,Kharif,3700.0,Hectare,900.0,Tonnes,243.2432432432432,Madhya Maharashtra,1997
Maharashtra,KOLHAPUR,Arhar/Tur,1998-99,Kharif,3500.0,Hectare,1300.0,Tonnes,371.4285714285714,Madhya Maharashtra,1998
Maharashtra,KOLHAPUR,Arhar/Tur,1999-00,Kharif,2000.0,Hectare,800.0,Tonnes,400.0,Madhya Maharashtra,1999
Maharashtra,KOLHAPUR,Arhar/Tur,2000-01,Kharif,2000.0,Hectare,900.0,Tonnes,450.0,Madhya Maharashtra,2000
Maharashtra,LATUR,Arhar/Tur,1998-99,Kharif,66000.0,Hectare,71200.0,Tonnes,1078.7878787878788,Matathwada,1998
Maharashtra,LATUR,Arhar/Tur,1999-00,Kharif,70100.0,Hectare,76500.0,Tonnes,1091.2981455064196,Matathwada,1999
Maharashtra,LATUR,Arhar/Tur,2000-01,Kharif,76400.0,Hectare,26500.0,Tonnes,346.8586387434555,Matathwada,2000
Maharashtra,NAGPUR,Arhar/Tur,1998-99,Kharif,51100.0,Hectare,35000.0,Tonnes,684.931506849315,Vidarbha,1998
Maharashtra,NAGPUR,Arhar/Tur,1999-00,Kharif,51100.0,Hectare,46500.0,Tonnes,909.9804305283757,Vidarbha,1999
Maharashtra,NAGPUR,Arhar/Tur,2000-01,Kharif,48700.0,Hectare,30200.0,Tonnes,620.1232032854209,Vidarbha,2000
Maharashtra,NANDED,Arhar/Tur,1998-99,Kharif,48100.0,Hectare,49900.0,Tonnes,1037.4220374220372,Matathwada,1998
Maharashtra,NANDED,Arhar/Tur,1999-00,Kharif,48600.0,Hectare,56000.0,Tonnes,1152.2633744855968,Matathwada,1999
Maharashtra,NANDED,Arhar/Tur,2000-01,Kharif,53200.0,Hectare,25400.0,Tonnes,477.4436090225564,Matathwada,2000
Maharashtra,NANDURBAR,Arhar/Tur,1999-00,Kharif,23400.0,Hectare,12000.0,Tonnes,512.8205128205128,Madhya Maharashtra,1999
Maharashtra,NANDURBAR,Arhar/Tur,2000-01,Kharif,23000.0,Hectare,9100.0,Tonnes,395.65217391304344,Madhya Maharashtra,2000
Maharashtra,NASHIK,Arhar/Tur,1997-98,Kharif,8800.0,Hectare,4300.0,Tonnes,488.63636363636357,Madhya Maharashtra,1997
Maharashtra,NASHIK,Arhar/Tur,1998-99,Kharif,9300.0,Hectare,4300.0,Tonnes,462.36559139784936,Madhya Maharashtra,1998
Maharashtra,NASHIK,Arhar/Tur,1999-00,Kharif,8700.0,Hectare,4500.0,Tonnes,517.2413793103449,Madhya Maharashtra,1999
Maharashtra,NASHIK,Arhar/Tur,2000-01,Kharif,8600.0,Hectare,3000.0,Tonnes,348.8372093023256,Madhya Maharashtra,2000
Maharashtra,OSMANABAD,Arhar/Tur,1998-99,Kharif,74900.0,Hectare,44900.0,Tonnes,599.4659546061415,Matathwada,1998
Maharashtra,OSMANABAD,Arhar/Tur,1999-00,Kharif,80200.0,Hectare,62000.0,Tonnes,773.067331670823,Matathwada,1999
Maharashtra,OSMANABAD,Arhar/Tur,2000-01,Kharif,83600.0,Hectare,58500.0,Tonnes,699.7607655502393,Matathwada,2000
Maharashtra,PARBHANI,Arhar/Tur,1998-99,Kharif,73300.0,Hectare,56200.0,Tonnes,766.7121418826739,Matathwada,1998
Maharashtra,PARBHANI,Arhar/Tur,1999-00,Kharif,47900.0,Hectare,27400.0,Tonnes,572.0250521920668,Matathwada,1999
Maharashtra,PARBHANI,Arhar/Tur,2000-01,Kharif,50800.0,Hectare,23100.0,Tonnes,454.7244094488189,Matathwada,2000
Maharashtra,PUNE,Arhar/Tur,1997-98,Kharif,3900.0,Hectare,2900.0,Tonnes,743.5897435897436,Madhya Maharashtra,1997
Maharashtra,PUNE,Arhar/Tur,1998-99,Kharif,3900.0,Hectare,1100.0,Tonnes,282.051282051282,Madhya Maharashtra,1998
Maharashtra,PUNE,Arhar/Tur,1999-00,Kharif,3900.0,Hectare,2700.0,Tonnes,692.3076923076923,Madhya Maharashtra,1999
Maharashtra,PUNE,Arhar/Tur,2000-01,Kharif,4200.0,Hectare,2000.0,Tonnes,476.1904761904761,Madhya Maharashtra,2000
Maharashtra,RAIGAD,Arhar/Tur,1997-98,Kharif,1300.0,Hectare,600.0,Tonnes,461.5384615384615,Konkan & Goa,1997
Maharashtra,RAIGAD,Arhar/Tur,1998-99,Kharif,1000.0,Hectare,500.0,Tonnes,500.0,Konkan & Goa,1998
Maharashtra,RAIGAD,Arhar/Tur,1999-00,Kharif,900.0,Hectare,500.0,Tonnes,555.5555555555555,Konkan & Goa,1999
Maharashtra,RAIGAD,Arhar/Tur,2000-01,Kharif,1000.0,Hectare,400.0,Tonnes,400.0,Konkan & Goa,2000
Maharashtra,RATNAGIRI,Arhar/Tur,1997-98,Kharif,500.0,Hectare,200.0,Tonnes,400.0,Konkan & Goa,1997
Maharashtra,RATNAGIRI,Arhar/Tur,1998-99,Kharif,500.0,Hectare,200.0,Tonnes,400.0,Konkan & Goa,1998
Maharashtra,RATNAGIRI,Arhar/Tur,1999-00,Kharif,500.0,Hectare,300.0,Tonnes,600.0,Konkan & Goa,1999
Maharashtra,RATNAGIRI,Arhar/Tur,2000-01,Kharif,500.0,Hectare,200.0,Tonnes,400.0,Konkan & Goa,2000
Maharashtra,SANGLI,Arhar/Tur,1997-98,Kharif,13600.0,Hectare,3400.0,Tonnes,250.0,Madhya Maharashtra,1997
Maharashtra,SANGLI,Arhar/Tur,1998-99,Kharif,13800.0,Hectare,5300.0,Tonnes,384.0579710144927,Madhya Maharashtra,1998
Maharashtra,SANGLI,Arhar/Tur,1999-00,Kharif,14400.0,Hectare,5900.0,Tonnes,409.72222222222223,Madhya Maharashtra,1999
Maharashtra,SANGLI,Arhar/Tur,2000-01,Kharif,15700.0,Hectare,6800.0,Tonnes,433.1210191082802,Madhya Maharashtra,2000
Maharashtra,SATARA,Arhar/Tur,1997-98,Kharif,7600.0,Hectare,1900.0,Tonnes,250.0,Madhya Maharashtra,1997
Maharashtra,SATARA,Arhar/Tur,1998-99,Kharif,7600.0,Hectare,2900.0,Tonnes,381.5789473684211,Madhya Maharashtra,1998
Maharashtra,SATARA,Arhar/Tur,1999-00,Kharif,7700.0,Hectare,3100.0,Tonnes,402.5974025974026,Madhya Maharashtra,1999
Maharashtra,SATARA,Arhar/Tur,2000-01,Kharif,7100.0,Hectare,3100.0,Tonnes,436.6197183098591,Madhya Maharashtra,2000
Maharashtra,SOLAPUR,Arhar/Tur,1998-99,Kharif,27500.0,Hectare,8400.0,Tonnes,305.4545454545455,Madhya Maharashtra,1998
Maharashtra,SOLAPUR,Arhar/Tur,1999-00,Kharif,28500.0,Hectare,8500.0,Tonnes,298.2456140350877,Madhya Maharashtra,1999
Maharashtra,SOLAPUR,Arhar/Tur,2000-01,Kharif,32300.0,Hectare,12500.0,Tonnes,386.9969040247678,Madhya Maharashtra,2000
Maharashtra,THANE,Arhar/Tur,1997-98,Kharif,2500.0,Hectare,1200.0,Tonnes,480.0,Konkan & Goa,1997
Maharashtra,THANE,Arhar/Tur,1998-99,Kharif,3100.0,Hectare,1400.0,Tonnes,451.6129032258064,Konkan & Goa,1998
Maharashtra,THANE,Arhar/Tur,1999-00,Kharif,2900.0,Hectare,1500.0,Tonnes,517.2413793103449,Konkan & Goa,1999
Maharashtra,THANE,Arhar/Tur,2000-01,Kharif,2900.0,Hectare,1000.0,Tonnes,344.82758620689657,Konkan & Goa,2000
Maharashtra,WARDHA,Arhar/Tur,1997-98,Kharif,51100.0,Hectare,16100.0,Tonnes,315.0684931506849,Vidarbha,1997
Maharashtra,WARDHA,Arhar/Tur,1998-99,Kharif,45800.0,Hectare,44800.0,Tonnes,978.1659388646287,Vidarbha,1998
Maharashtra,WARDHA,Arhar/Tur,1999-00,Kharif,48800.0,Hectare,44800.0,Tonnes,918.0327868852461,Vidarbha,1999
Maharashtra,WARDHA,Arhar/Tur,2000-01,Kharif,51900.0,Hectare,57000.0,Tonnes,1098.2658959537573,Vidarbha,2000
Maharashtra,WASHIM,Arhar/Tur,2000-01,Kharif,41700.0,Hectare,34300.0,Tonnes,822.5419664268585,Vidarbha,2000
Maharashtra,YAVATMAL,Arhar/Tur,1997-98,Kharif,113200.0,Hectare,78400.0,Tonnes,692.5795053003534,Vidarbha,1997
Maharashtra,YAVATMAL,Arhar/Tur,1998-99,Kharif,111600.0,Hectare,114600.0,Tonnes,1026.8817204301074,Vidarbha,1998
Maharashtra,YAVATMAL,Arhar/Tur,2000-01,Kharif,119500.0,Hectare,139000.0,Tonnes,1163.1799163179917,Vidarbha,2000
Maharashtra,AHMEDNAGAR,Bajra,2001-02,Kharif,194400.0,Hectare,82000.0,Tonnes,421.8106995884774,Madhya Maharashtra,2001
Maharashtra,AHMEDNAGAR,Bajra,2002-03,Kharif,218400.0,Hectare,158900.0,Tonnes,727.5641025641025,Madhya Maharashtra,2002
Maharashtra,AHMEDNAGAR,Bajra,2003-04,Kharif,204100.0,Hectare,70800.0,Tonnes,346.8887800097991,Madhya Maharashtra,2003
Maharashtra,AKOLA,Bajra,2001-02,Kharif,2300.0,Hectare,800.0,Tonnes,347.8260869565217,Vidarbha,2001
Maharashtra,AKOLA,Bajra,2002-03,Kharif,2400.0,Hectare,1600.0,Tonnes,666.6666666666666,Vidarbha,2002
Maharashtra,AKOLA,Bajra,2003-04,Kharif,1900.0,Hectare,900.0,Tonnes,473.6842105263157,Vidarbha,2003
Maharashtra,AMRAVATI,Bajra,2001-02,Kharif,1000.0,Hectare,400.0,Tonnes,400.0,Vidarbha,2001
Maharashtra,AMRAVATI,Bajra,2002-03,Kharif,800.0,Hectare,500.0,Tonnes,625.0,Vidarbha,2002
Maharashtra,AMRAVATI,Bajra,2003-04,Kharif,800.0,Hectare,400.0,Tonnes,500.0,Vidarbha,2003
Maharashtra,AURANGABAD,Bajra,2001-02,Kharif,137400.0,Hectare,86700.0,Tonnes,631.0043668122271,Matathwada,2001
Maharashtra,AURANGABAD,Bajra,2002-03,Kharif,149900.0,Hectare,131100.0,Tonnes,874.5830553702468,Matathwada,2002
Maharashtra,AURANGABAD,Bajra,2003-04,Kharif,128700.0,Hectare,110200.0,Tonnes,856.2548562548562,Matathwada,2003
Maharashtra,BEED,Bajra,2001-02,Kharif,151400.0,Hectare,74400.0,Tonnes,491.4134742404227,Matathwada,2001
Maharashtra,BEED,Bajra,2002-03,Kharif,187100.0,Hectare,156900.0,Tonnes,838.5889898450026,Matathwada,2002
Maharashtra,BEED,Bajra,2003-04,Kharif,180500.0,Hectare,100200.0,Tonnes,555.1246537396122,Matathwada,2003
Maharashtra,BULDHANA,Bajra,2001-02,Kharif,7800.0,Hectare,2900.0,Tonnes,371.7948717948718,Vidarbha,2001
Maharashtra,BULDHANA,Bajra,2002-03,Kharif,5700.0,Hectare,3600.0,Tonnes,631.578947368421,Vidarbha,2002
Maharashtra,BULDHANA,Bajra,2003-04,Kharif,4200.0,Hectare,1900.0,Tonnes,452.3809523809524,Vidarbha,2003
Maharashtra,DHULE,Bajra,2001-02,Kharif,143100.0,Hectare,130300.0,Tonnes,910.5520614954578,Madhya Maharashtra,2001
Maharashtra,DHULE,Bajra,2002-03,Kharif,143800.0,Hectare,104100.0,Tonnes,723.9221140472879,Madhya Maharashtra,2002
Maharashtra,DHULE,Bajra,2003-04,Kharif,145700.0,Hectare,158200.0,Tonnes,1085.792724776939,Madhya Maharashtra,2003
Maharashtra,HINGOLI,Bajra,2001-02,Kharif,400.0,Hectare,200.0,Tonnes,500.0,Matathwada,2001
Maharashtra,HINGOLI,Bajra,2002-03,Kharif,600.0,Hectare,500.0,Tonnes,833.3333333333334,Matathwada,2002
Maharashtra,HINGOLI,Bajra,2003-04,Kharif,1100.0,Hectare,700.0,Tonnes,636.3636363636364,Matathwada,2003
Maharashtra,JALGAON,Bajra,2001-02,Kharif,62500.0,Hectare,54000.0,Tonnes,864.0,Madhya Maharashtra,2001
Maharashtra,JALGAON,Bajra,2002-03,Kharif,63600.0,Hectare,64700.0,Tonnes,1017.2955974842768,Madhya Maharashtra,2002
Maharashtra,JALGAON,Bajra,2003-04,Kharif,61700.0,Hectare,63800.0,Tonnes,1034.0356564019448,Madhya Maharashtra,2003
Maharashtra,JALNA,Bajra,2001-02,Kharif,76700.0,Hectare,54900.0,Tonnes,715.7757496740547,Matathwada,2001
Maharashtra,JALNA,Bajra,2002-03,Kharif,86400.0,Hectare,83900.0,Tonnes,971.0648148148148,Matathwada,2002
Maharashtra,JALNA,Bajra,2003-04,Kharif,74500.0,Hectare,75600.0,Tonnes,1014.7651006711409,Matathwada,2003
Maharashtra,LATUR,Bajra,2001-02,Kharif,9500.0,Hectare,3100.0,Tonnes,326.3157894736842,Matathwada,2001
Maharashtra,LATUR,Bajra,2002-03,Kharif,9300.0,Hectare,5700.0,Tonnes,612.9032258064516,Matathwada,2002
Maharashtra,LATUR,Bajra,2003-04,Kharif,8100.0,Hectare,3600.0,Tonnes,444.4444444444444,Matathwada,2003
Maharashtra,NANDED,Bajra,2001-02,Kharif,500.0,Hectare,200.0,Tonnes,400.0,Matathwada,2001
Maharashtra,NANDED,Bajra,2002-03,Kharif,700.0,Hectare,500.0,Tonnes,714.2857142857143,Matathwada,2002
Maharashtra,NANDED,Bajra,2003-04,Kharif,600.0,Hectare,300.0,Tonnes,500.0,Matathwada,2003
Maharashtra,NANDURBAR,Bajra,2001-02,Kharif,16600.0,Hectare,18100.0,Tonnes,1090.3614457831322,Madhya Maharashtra,2001
Maharashtra,NANDURBAR,Bajra,2002-03,Kharif,16600.0,Hectare,11800.0,Tonnes,710.8433734939758,Madhya Maharashtra,2002
Maharashtra,NANDURBAR,Bajra,2003-04,Kharif,19100.0,Hectare,19500.0,Tonnes,1020.9424083769634,Madhya Maharashtra,2003
Maharashtra,NASHIK,Bajra,2001-02,Kharif,324200.0,Hectare,179900.0,Tonnes,554.9043800123382,Madhya Maharashtra,2001
Maharashtra,NASHIK,Bajra,2002-03,Kharif,320300.0,Hectare,258500.0,Tonnes,807.0558851077116,Madhya Maharashtra,2002
Maharashtra,NASHIK,Bajra,2003-04,Kharif,316800.0,Hectare,196700.0,Tonnes,620.8964646464647,Madhya Maharashtra,2003
Maharashtra,OSMANABAD,Bajra,2001-02,Kharif,18500.0,Hectare,5500.0,Tonnes,297.2972972972973,Matathwada,2001
Maharashtra,OSMANABAD,Bajra,2002-03,Kharif,20500.0,Hectare,8300.0,Tonnes,404.8780487804878,Matathwada,2002
Maharashtra,OSMANABAD,Bajra,2003-04,Kharif,19700.0,Hectare,5500.0,Tonnes,279.1878172588832,Matathwada,2003
Maharashtra,PARBHANI,Bajra,2001-02,Kharif,9600.0,Hectare,4300.0,Tonnes,447.9166666666667,Matathwada,2001
Maharashtra,PARBHANI,Bajra,2002-03,Kharif,9800.0,Hectare,8300.0,Tonnes,846.9387755102041,Matathwada,2002
Maharashtra,PARBHANI,Bajra,2003-04,Kharif,9700.0,Hectare,7100.0,Tonnes,731.9587628865979,Matathwada,2003
Maharashtra,PUNE,Bajra,2001-02,Kharif,113200.0,Hectare,85600.0,Tonnes,756.1837455830389,Madhya Maharashtra,2001
Maharashtra,PUNE,Bajra,2002-03,Kharif,123900.0,Hectare,86500.0,Tonnes,698.1436642453591,Madhya Maharashtra,2002
Maharashtra,PUNE,Bajra,2003-04,Kharif,97000.0,Hectare,67600.0,Tonnes,696.9072164948453,Madhya Maharashtra,2003
Maharashtra,SATARA,Bajra,2001-02,Kharif,66100.0,Hectare,31000.0,Tonnes,468.9863842662632,Madhya Maharashtra,2001
Maharashtra,SATARA,Bajra,2002-03,Kharif,89900.0,Hectare,36600.0,Tonnes,407.119021134594,Madhya Maharashtra,2002
Maharashtra,SATARA,Bajra,2003-04,Kharif,23300.0,Hectare,6100.0,Tonnes,261.8025751072961,Madhya Maharashtra,2003
Maharashtra,SOLAPUR,Bajra,2001-02,Kharif,11800.0,Hectare,5400.0,Tonnes,457.6271186440678,Madhya Maharashtra,2001
Maharashtra,SOLAPUR,Bajra,2002-03,Kharif,25100.0,Hectare,9500.0,Tonnes,378.48605577689244,Madhya Maharashtra,2002
Maharashtra,SOLAPUR,Bajra,2003-04,Kharif,9700.0,Hectare,3700.0,Tonnes,381.4432989690721,Madhya Maharashtra,2003
Maharashtra,WASHIM,Bajra,2001-02,Kharif,2300.0,Hectare,800.0,Tonnes,347.8260869565217,Vidarbha,2001
Maharashtra,WASHIM,Bajra,2002-03,Kharif,2400.0,Hectare,1500.0,Tonnes,625.0,Vidarbha,2002
Maharashtra,WASHIM,Bajra,2003-04,Kharif,2000.0,Hectare,900.0,Tonnes,450.0,Vidarbha,2003
Maharashtra,YAVATMAL,Bajra,2001-02,Kharif,7400.0,Hectare,2700.0,Tonnes,364.8648648648648,Vidarbha,2001
Maharashtra,YAVATMAL,Bajra,2002-03,Kharif,5600.0,Hectare,3500.0,Tonnes,625.0,Vidarbha,2002
Maharashtra,YAVATMAL,Bajra,2003-04,Kharif,5000.0,Hectare,2200.0,Tonnes,440.0,Vidarbha,2003
Maharashtra,AHMEDNAGAR,Bajra,2004-05,Kharif,240500.0,Hectare,143400.0,Tonnes,596.2577962577963,Madhya Maharashtra,2004
Maharashtra,AHMEDNAGAR,Bajra,2005-06,Kharif,217700.0,Hectare,54800.0,Tonnes,251.7225539733578,Madhya Maharashtra,2005
Maharashtra,AHMEDNAGAR,Bajra,2006-07,Kharif,243900.0,Hectare,148900.0,Tonnes,610.4961049610496,Madhya Maharashtra,2006
Maharashtra,AKOLA,Bajra,2004-05,Kharif,1400.0,Hectare,600.0,Tonnes,428.5714285714285,Vidarbha,2004
Maharashtra,AKOLA,Bajra,2005-06,Kharif,1400.0,Hectare,700.0,Tonnes,500.0,Vidarbha,2005
Maharashtra,AKOLA,Bajra,2006-07,Kharif,1100.0,Hectare,600.0,Tonnes,545.4545454545454,Vidarbha,2006
Maharashtra,AMRAVATI,Bajra,2004-05,Kharif,700.0,Hectare,400.0,Tonnes,571.4285714285714,Vidarbha,2004
Maharashtra,AMRAVATI,Bajra,2005-06,Kharif,300.0,Hectare,100.0,Tonnes,333.3333333333333,Vidarbha,2005
Maharashtra,AMRAVATI,Bajra,2006-07,Kharif,200.0,Hectare,100.0,Tonnes,500.0,Vidarbha,2006
Maharashtra,AURANGABAD,Bajra,2004-05,Kharif,128900.0,Hectare,107900.0,Tonnes,837.0830100853375,Matathwada,2004
Maharashtra,AURANGABAD,Bajra,2005-06,Kharif,131400.0,Hectare,150000.0,Tonnes,1141.5525114155253,Matathwada,2005
Maharashtra,AURANGABAD,Bajra,2006-07,Kharif,123100.0,Hectare,139400.0,Tonnes,1132.412672623883,Matathwada,2006
Maharashtra,BEED,Bajra,2004-05,Kharif,176200.0,Hectare,109100.0,Tonnes,619.1827468785472,Matathwada,2004
Maharashtra,BEED,Bajra,2005-06,Kharif,191300.0,Hectare,129300.0,Tonnes,675.9017250392054,Matathwada,2005
Maharashtra,BEED,Bajra,2006-07,Kharif,184100.0,Hectare,154100.0,Tonnes,837.0450841933732,Matathwada,2006
Maharashtra,BULDHANA,Bajra,2004-05,Kharif,4200.0,Hectare,1900.0,Tonnes,452.3809523809524,Vidarbha,2004
Maharashtra,BULDHANA,Bajra,2005-06,Kharif,4200.0,Hectare,2100.0,Tonnes,500.0,Vidarbha,2005
Maharashtra,BULDHANA,Bajra,2006-07,Kharif,3700.0,Hectare,1800.0,Tonnes,486.4864864864865,Vidarbha,2006
Maharashtra,DHULE,Bajra,2004-05,Kharif,138000.0,Hectare,142700.0,Tonnes,1034.0579710144928,Madhya Maharashtra,2004
Maharashtra,DHULE,Bajra,2005-06,Kharif,130600.0,Hectare,80700.0,Tonnes,617.9173047473201,Madhya Maharashtra,2005
Maharashtra,DHULE,Bajra,2006-07,Kharif,130000.0,Hectare,119100.0,Tonnes,916.1538461538462,Madhya Maharashtra,2006
Maharashtra,HINGOLI,Bajra,2004-05,Kharif,800.0,Hectare,400.0,Tonnes,500.0,Matathwada,2004
Maharashtra,HINGOLI,Bajra,2005-06,Kharif,300.0,Hectare,100.0,Tonnes,333.3333333333333,Matathwada,2005
Maharashtra,HINGOLI,Bajra,2006-07,Kharif,300.0,Hectare,200.0,Tonnes,666.6666666666666,Matathwada,2006
Maharashtra,JALGAON,Bajra,2004-05,Kharif,58600.0,Hectare,57100.0,Tonnes,974.4027303754266,Madhya Maharashtra,2004
Maharashtra,JALGAON,Bajra,2005-06,Kharif,60100.0,Hectare,44300.0,Tonnes,737.1048252911813,Madhya Maharashtra,2005
Maharashtra,JALGAON,Bajra,2006-07,Kharif,52700.0,Hectare,55900.0,Tonnes,1060.7210626185959,Madhya Maharashtra,2006
Maharashtra,JALNA,Bajra,2004-05,Kharif,73300.0,Hectare,65100.0,Tonnes,888.1309686221009,Matathwada,2004
Maharashtra,JALNA,Bajra,2005-06,Kharif,76200.0,Hectare,77300.0,Tonnes,1014.4356955380578,Matathwada,2005
Maharashtra,JALNA,Bajra,2006-07,Kharif,72800.0,Hectare,76600.0,Tonnes,1052.1978021978023,Matathwada,2006
Maharashtra,LATUR,Bajra,2004-05,Kharif,7400.0,Hectare,3900.0,Tonnes,527.027027027027,Matathwada,2004
Maharashtra,LATUR,Bajra,2005-06,Kharif,6000.0,Hectare,3300.0,Tonnes,550.0,Matathwada,2005
Maharashtra,LATUR,Bajra,2006-07,Kharif,5900.0,Hectare,2400.0,Tonnes,406.7796610169492,Matathwada,2006
Maharashtra,NANDED,Bajra,2004-05,Kharif,200.0,Hectare,100.0,Tonnes,500.0,Matathwada,2004
Maharashtra,NANDED,Bajra,2005-06,Kharif,100.0,Hectare,100.0,Tonnes,1000.0,Matathwada,2005
Maharashtra,NANDURBAR,Bajra,2004-05,Kharif,17100.0,Hectare,9700.0,Tonnes,567.2514619883041,Madhya Maharashtra,2004
Maharashtra,NANDURBAR,Bajra,2005-06,Kharif,13500.0,Hectare,10300.0,Tonnes,762.9629629629629,Madhya Maharashtra,2005
Maharashtra,NANDURBAR,Bajra,2006-07,Kharif,13200.0,Hectare,8300.0,Tonnes,628.7878787878788,Madhya Maharashtra,2006
Maharashtra,NASHIK,Bajra,2004-05,Kharif,315200.0,Hectare,244500.0,Tonnes,775.6979695431472,Madhya Maharashtra,2004
Maharashtra,NASHIK,Bajra,2005-06,Kharif,282900.0,Hectare,215900.0,Tonnes,763.1671968893602,Madhya Maharashtra,2005
Maharashtra,NASHIK,Bajra,2006-07,Kharif,258500.0,Hectare,187300.0,Tonnes,724.5647969052225,Madhya Maharashtra,2006
Maharashtra,OSMANABAD,Bajra,2004-05,Kharif,19200.0,Hectare,6600.0,Tonnes,343.75,Matathwada,2004
Maharashtra,OSMANABAD,Bajra,2005-06,Kharif,20100.0,Hectare,8500.0,Tonnes,422.8855721393035,Matathwada,2005
Maharashtra,OSMANABAD,Bajra,2006-07,Kharif,20000.0,Hectare,10200.0,Tonnes,510.0,Matathwada,2006
Maharashtra,PARBHANI,Bajra,2004-05,Kharif,10500.0,Hectare,5900.0,Tonnes,561.9047619047619,Matathwada,2004
Maharashtra,PARBHANI,Bajra,2005-06,Kharif,6500.0,Hectare,4200.0,Tonnes,646.1538461538462,Matathwada,2005
Maharashtra,PARBHANI,Bajra,2006-07,Kharif,6700.0,Hectare,3800.0,Tonnes,567.1641791044776,Matathwada,2006
Maharashtra,PUNE,Bajra,2004-05,Kharif,116800.0,Hectare,84800.0,Tonnes,726.027397260274,Madhya Maharashtra,2004
Maharashtra,PUNE,Bajra,2005-06,Kharif,125300.0,Hectare,90400.0,Tonnes,721.4684756584197,Madhya Maharashtra,2005
Maharashtra,PUNE,Bajra,2006-07,Kharif,128900.0,Hectare,81300.00000000001,Tonnes,630.7214895267651,Madhya Maharashtra,2006
Maharashtra,SANGLI,Bajra,2004-05,Kharif,95600.0,Hectare,45900.0,Tonnes,480.12552301255226,Madhya Maharashtra,2004
Maharashtra,SANGLI,Bajra,2005-06,Kharif,74200.0,Hectare,27500.0,Tonnes,370.61994609164424,Madhya Maharashtra,2005
Maharashtra,SANGLI,Bajra,2006-07,Kharif,92700.0,Hectare,35000.0,Tonnes,377.56202804746493,Madhya Maharashtra,2006
Maharashtra,SATARA,Bajra,2004-05,Kharif,92900.0,Hectare,79000.0,Tonnes,850.3767491926802,Madhya Maharashtra,2004
Maharashtra,SATARA,Bajra,2005-06,Kharif,72500.0,Hectare,23500.0,Tonnes,324.1379310344827,Madhya Maharashtra,2005
Maharashtra,SATARA,Bajra,2006-07,Kharif,84499.99999999999,Hectare,24600.0,Tonnes,291.1242603550296,Madhya Maharashtra,2006
Maharashtra,SOLAPUR,Bajra,2004-05,Kharif,26200.0,Hectare,15000.0,Tonnes,572.5190839694656,Madhya Maharashtra,2004
Maharashtra,SOLAPUR,Bajra,2005-06,Kharif,14800.0,Hectare,6700.0,Tonnes,452.7027027027027,Madhya Maharashtra,2005
Maharashtra,SOLAPUR,Bajra,2006-07,Kharif,27500.0,Hectare,7700.0,Tonnes,280.0,Madhya Maharashtra,2006
Maharashtra,WASHIM,Bajra,2004-05,Kharif,1600.0,Hectare,700.0,Tonnes,437.5,Vidarbha,2004
Maharashtra,WASHIM,Bajra,2005-06,Kharif,1400.0,Hectare,700.0,Tonnes,500.0,Vidarbha,2005
Maharashtra,WASHIM,Bajra,2006-07,Kharif,1600.0,Hectare,900.0,Tonnes,562.5,Vidarbha,2006
Maharashtra,YAVATMAL,Bajra,2004-05,Kharif,3600.0,Hectare,1600.0,Tonnes,444.4444444444444,Vidarbha,2004
Maharashtra,YAVATMAL,Bajra,2005-06,Kharif,3000.0,Hectare,1500.0,Tonnes,500.0,Vidarbha,2005
Maharashtra,YAVATMAL,Bajra,2006-07,Kharif,800.0,Hectare,400.0,Tonnes,500.0,Vidarbha,2006
Maharashtra,AHMEDNAGAR,Bajra,2007-08,Kharif,232600.0,Hectare,174100.0,Tonnes,748.4952708512468,Madhya Maharashtra,2007
Maharashtra,AHMEDNAGAR,Bajra,2008-09,Kharif,128200.0,Hectare,92400.0,Tonnes,720.7488299531981,Madhya Maharashtra,2008
Maharashtra,AHMEDNAGAR,Bajra,2009-10,Kharif,190700.0,Hectare,115400.0,Tonnes,605.1389617199791,Madhya Maharashtra,2009
Maharashtra,AKOLA,Bajra,2007-08,Kharif,900.0,Hectare,500.0,Tonnes,555.5555555555555,Vidarbha,2007
Maharashtra,AKOLA,Bajra,2008-09,Kharif,900.0,Hectare,500.0,Tonnes,555.5555555555555,Vidarbha,2008
Maharashtra,AKOLA,Bajra,2009-10,Kharif,600.0,Hectare,400.0,Tonnes,666.6666666666666,Vidarbha,2009
Maharashtra,AMRAVATI,Bajra,2007-08,Kharif,200.0,Hectare,100.0,Tonnes,500.0,Vidarbha,2007
Maharashtra,AMRAVATI,Bajra,2008-09,Kharif,300.0,Hectare,200.0,Tonnes,666.6666666666666,Vidarbha,2008
Maharashtra,AMRAVATI,Bajra,2009-10,Kharif,200.0,Hectare,200.0,Tonnes,1000.0,Vidarbha,2009
Maharashtra,AURANGABAD,Bajra,2008-09,Kharif,109100.0,Hectare,103500.0,Tonnes,948.6709440879928,Matathwada,2008
Maharashtra,AURANGABAD,Bajra,2009-10,Kharif,122400.0,Hectare,121800.0,Tonnes,995.0980392156864,Matathwada,2009
Maharashtra,BEED,Bajra,2007-08,Kharif,162100.0,Hectare,116500.0,Tonnes,718.6921653300432,Matathwada,2007
Maharashtra,BEED,Bajra,2008-09,Kharif,135000.0,Hectare,98100.0,Tonnes,726.6666666666666,Matathwada,2008
Maharashtra,BEED,Bajra,2009-10,Kharif,131700.0,Hectare,103300.0,Tonnes,784.3583902809415,Matathwada,2009
Maharashtra,BULDHANA,Bajra,2007-08,Kharif,3000.0,Hectare,1600.0,Tonnes,533.3333333333334,Vidarbha,2007
Maharashtra,BULDHANA,Bajra,2008-09,Kharif,3700.0,Hectare,2000.0,Tonnes,540.5405405405405,Vidarbha,2008
Maharashtra,BULDHANA,Bajra,2009-10,Kharif,3500.0,Hectare,2600.0,Tonnes,742.8571428571429,Vidarbha,2009
Maharashtra,DHULE,Bajra,2007-08,Kharif,104500.0,Hectare,119100.0,Tonnes,1139.712918660287,Madhya Maharashtra,2007
Maharashtra,DHULE,Bajra,2008-09,Kharif,124700.0,Hectare,49600.0,Tonnes,397.7546110665597,Madhya Maharashtra,2008
Maharashtra,DHULE,Bajra,2009-10,Kharif,104900.0,Hectare,99800.0,Tonnes,951.3822688274548,Madhya Maharashtra,2009
Maharashtra,HINGOLI,Bajra,2007-08,Kharif,200.0,Hectare,100.0,Tonnes,500.0,Matathwada,2007
Maharashtra,HINGOLI,Bajra,2008-09,Kharif,200.0,Hectare,100.0,Tonnes,500.0,Matathwada,2008
Maharashtra,HINGOLI,Bajra,2009-10,Kharif,300.0,Hectare,100.0,Tonnes,333.3333333333333,Matathwada,2009
Maharashtra,JALGAON,Bajra,2007-08,Kharif,46500.0,Hectare,53700.0,Tonnes,1154.8387096774193,Madhya Maharashtra,2007
Maharashtra,JALGAON,Bajra,2008-09,Kharif,33000.0,Hectare,33800.0,Tonnes,1024.2424242424242,Madhya Maharashtra,2008
Maharashtra,JALGAON,Bajra,2009-10,Kharif,33200.0,Hectare,36100.0,Tonnes,1087.3493975903614,Madhya Maharashtra,2009
Maharashtra,JALNA,Bajra,2007-08,Kharif,51700.0,Hectare,55400.0,Tonnes,1071.5667311411992,Matathwada,2007
Maharashtra,JALNA,Bajra,2008-09,Kharif,31800.0,Hectare,21900.0,Tonnes,688.6792452830189,Matathwada,2008
Maharashtra,JALNA,Bajra,2009-10,Kharif,39100.0,Hectare,36400.0,Tonnes,930.9462915601024,Matathwada,2009
Maharashtra,LATUR,Bajra,2007-08,Kharif,5600.0,Hectare,3100.0,Tonnes,553.5714285714286,Matathwada,2007
Maharashtra,LATUR,Bajra,2008-09,Kharif,5000.0,Hectare,2300.0,Tonnes,460.0,Matathwada,2008
Maharashtra,LATUR,Bajra,2009-10,Kharif,4000.0,Hectare,1500.0,Tonnes,375.0,Matathwada,2009
Maharashtra,NANDED,Bajra,2007-08,Kharif,600.0,Hectare,300.0,Tonnes,500.0,Matathwada,2007
Maharashtra,NANDED,Bajra,2008-09,Kharif,200.0,Hectare,100.0,Tonnes,500.0,Matathwada,2008
Maharashtra,NANDURBAR,Bajra,2009-10,Kharif,15600.0,Hectare,12800.0,Tonnes,820.5128205128204,Madhya Maharashtra,2009
Maharashtra,NASHIK,Bajra,2007-08,Kharif,215800.0,Hectare,239500.0,Tonnes,1109.8239110287302,Madhya Maharashtra,2007
Maharashtra,NASHIK,Bajra,2008-09,Kharif,197900.0,Hectare,191000.0,Tonnes,965.133906013138,Madhya Maharashtra,2008
Maharashtra,NASHIK,Bajra,2009-10,Kharif,171900.0,Hectare,129500.0,Tonnes,753.3449680046539,Madhya Maharashtra,2009
Maharashtra,OSMANABAD,Bajra,2007-08,Kharif,20600.0,Hectare,10200.0,Tonnes,495.1456310679611,Matathwada,2007
Maharashtra,OSMANABAD,Bajra,2008-09,Kharif,17100.0,Hectare,7700.0,Tonnes,450.29239766081866,Matathwada,2008
Maharashtra,OSMANABAD,Bajra,2009-10,Kharif,17600.0,Hectare,8000.0,Tonnes,454.54545454545445,Matathwada,2009
Maharashtra,PARBHANI,Bajra,2007-08,Kharif,6300.0,Hectare,4300.0,Tonnes,682.5396825396825,Matathwada,2007
Maharashtra,PARBHANI,Bajra,2008-09,Kharif,6200.0,Hectare,4500.0,Tonnes,725.8064516129033,Matathwada,2008
Maharashtra,PARBHANI,Bajra,2009-10,Kharif,6500.0,Hectare,3400.0,Tonnes,523.0769230769231,Matathwada,2009
Maharashtra,PUNE,Bajra,2007-08,Kharif,112700.0,Hectare,98200.0,Tonnes,871.3398402839397,Madhya Maharashtra,2007
Maharashtra,PUNE,Bajra,2008-09,Kharif,34500.0,Hectare,27000.0,Tonnes,782.608695652174,Madhya Maharashtra,2008
Maharashtra,PUNE,Bajra,2009-10,Kharif,46000.0,Hectare,33900.0,Tonnes,736.9565217391304,Madhya Maharashtra,2009
Maharashtra,SANGLI,Bajra,2007-08,Kharif,86700.0,Hectare,34400.0,Tonnes,396.7704728950403,Madhya Maharashtra,2007
Maharashtra,SANGLI,Bajra,2009-10,Kharif,54100.0,Hectare,18200.0,Tonnes,336.4140480591497,Madhya Maharashtra,2009
Maharashtra,SATARA,Bajra,2007-08,Kharif,84100.0,Hectare,48500.0,Tonnes,576.6944114149821,Madhya Maharashtra,2007
Maharashtra,SATARA,Bajra,2008-09,Kharif,6400.0,Hectare,3300.0,Tonnes,515.625,Madhya Maharashtra,2008
Maharashtra,SATARA,Bajra,2009-10,Kharif,74900.0,Hectare,36300.0,Tonnes,484.6461949265687,Madhya Maharashtra,2009
Maharashtra,SOLAPUR,Bajra,2007-08,Kharif,21500.0,Hectare,9100.0,Tonnes,423.25581395348837,Madhya Maharashtra,2007
Maharashtra,SOLAPUR,Bajra,2008-09,Kharif,1800.0,Hectare,800.0,Tonnes,444.4444444444444,Madhya Maharashtra,2008
Maharashtra,SOLAPUR,Bajra,2009-10,Kharif,14400.0,Hectare,5200.0,Tonnes,361.1111111111111,Madhya Maharashtra,2009
Maharashtra,WASHIM,Bajra,2007-08,Kharif,900.0,Hectare,500.0,Tonnes,555.5555555555555,Vidarbha,2007
Maharashtra,WASHIM,Bajra,2008-09,Kharif,400.0,Hectare,200.0,Tonnes,500.0,Vidarbha,2008
Maharashtra,WASHIM,Bajra,2009-10,Kharif,400.0,Hectare,300.0,Tonnes,750.0,Vidarbha,2009
Maharashtra,YAVATMAL,Bajra,2007-08,Kharif,700.0,Hectare,400.0,Tonnes,571.4285714285714,Vidarbha,2007
Maharashtra,YAVATMAL,Bajra,2008-09,Kharif,1500.0,Hectare,800.0,Tonnes,533.3333333333334,Vidarbha,2008
Maharashtra,YAVATMAL,Bajra,2009-10,Kharif,1500.0,Hectare,1100.0,Tonnes,733.3333333333333,Vidarbha,2009
Maharashtra,AHMEDNAGAR,Bajra,2010-11,Kharif,196000.0,Hectare,186800.0,Tonnes,953.061224489796,Madhya Maharashtra,2010
Maharashtra,AHMEDNAGAR,Bajra,2011-12,Kharif,184700.0,Hectare,179500.0,Tonnes,971.8462371413102,Madhya Maharashtra,2011
Maharashtra,AHMEDNAGAR,Bajra,2012-13,Kharif,160500.0,Hectare,55400.0,Tonnes,345.17133956386294,Madhya Maharashtra,2012
Maharashtra,AKOLA,Bajra,2010-11,Kharif,600.0,Hectare,300.0,Tonnes,500.0,Vidarbha,2010
Maharashtra,AKOLA,Bajra,2011-12,Kharif,500.0,Hectare,300.0,Tonnes,600.0,Vidarbha,2011
Maharashtra,AKOLA,Bajra,2012-13,Kharif,500.0,Hectare,300.0,Tonnes,600.0,Vidarbha,2012
Maharashtra,AMRAVATI,Bajra,2010-11,Kharif,300.0,Hectare,200.0,Tonnes,666.6666666666666,Vidarbha,2010
Maharashtra,AMRAVATI,Bajra,2011-12,Kharif,300.0,Hectare,200.0,Tonnes,666.6666666666666,Vidarbha,2011
Maharashtra,AMRAVATI,Bajra,2012-13,Kharif,300.0,Hectare,200.0,Tonnes,666.6666666666666,Vidarbha,2012
Maharashtra,AURANGABAD,Bajra,2012-13,Kharif,68500.0,Hectare,44500.0,Tonnes,649.6350364963504,Matathwada,2012
Maharashtra,BEED,Bajra,2010-11,Kharif,122500.0,Hectare,112800.0,Tonnes,920.8163265306124,Matathwada,2010
Maharashtra,BEED,Bajra,2011-12,Kharif,107100.0,Hectare,108900.0,Tonnes,1016.8067226890755,Matathwada,2011
Maharashtra,BEED,Bajra,2012-13,Kharif,107100.0,Hectare,69000.0,Tonnes,644.2577030812325,Matathwada,2012
Maharashtra,BULDHANA,Bajra,2010-11,Kharif,3600.0,Hectare,1900.0,Tonnes,527.7777777777778,Vidarbha,2010
Maharashtra,BULDHANA,Bajra,2011-12,Kharif,3300.0,Hectare,2100.0,Tonnes,636.3636363636364,Vidarbha,2011
Maharashtra,BULDHANA,Bajra,2012-13,Kharif,1900.0,Hectare,2100.0,Tonnes,1105.2631578947369,Vidarbha,2012
Maharashtra,DHULE,Bajra,2011-12,Kharif,112500.0,Hectare,123200.0,Tonnes,1095.111111111111,Madhya Maharashtra,2011
Maharashtra,DHULE,Bajra,2012-13,Kharif,130800.0,Hectare,116100.0,Tonnes,887.6146788990825,Madhya Maharashtra,2012
Maharashtra,HINGOLI,Bajra,2010-11,Kharif,200.0,Hectare,200.0,Tonnes,1000.0,Matathwada,2010
Maharashtra,HINGOLI,Bajra,2011-12,Kharif,200.0,Hectare,200.0,Tonnes,1000.0,Matathwada,2011
Maharashtra,JALGAON,Bajra,2012-13,Kharif,17600.0,Hectare,18200.0,Tonnes,1034.0909090909092,Madhya Maharashtra,2012
Maharashtra,JALNA,Bajra,2010-11,Kharif,41300.0,Hectare,44300.0,Tonnes,1072.6392251815982,Matathwada,2010
Maharashtra,JALNA,Bajra,2011-12,Kharif,26400.0,Hectare,27200.0,Tonnes,1030.3030303030305,Matathwada,2011
Maharashtra,JALNA,Bajra,2012-13,Kharif,26100.0,Hectare,14200.0,Tonnes,544.0613026819924,Matathwada,2012
Maharashtra,LATUR,Bajra,2010-11,Kharif,4300.0,Hectare,2200.0,Tonnes,511.6279069767442,Matathwada,2010
Maharashtra,LATUR,Bajra,2011-12,Kharif,3800.0,Hectare,2100.0,Tonnes,552.6315789473684,Matathwada,2011
Maharashtra,LATUR,Bajra,2012-13,Kharif,3800.0,Hectare,2700.0,Tonnes,710.5263157894736,Matathwada,2012
Maharashtra,NASHIK,Bajra,2011-12,Kharif,165900.0,Hectare,170100.0,Tonnes,1025.3164556962024,Madhya Maharashtra,2011
Maharashtra,NASHIK,Bajra,2012-13,Kharif,154800.0,Hectare,124800.0,Tonnes,806.2015503875969,Madhya Maharashtra,2012
Maharashtra,OSMANABAD,Bajra,2010-11,Kharif,16600.0,Hectare,6700.0,Tonnes,403.6144578313253,Matathwada,2010
Maharashtra,OSMANABAD,Bajra,2011-12,Kharif,16800.0,Hectare,9400.0,Tonnes,559.5238095238095,Matathwada,2011
Maharashtra,OSMANABAD,Bajra,2012-13,Kharif,17200.0,Hectare,5200.0,Tonnes,302.3255813953488,Matathwada,2012
Maharashtra,PARBHANI,Bajra,2010-11,Kharif,7500.0,Hectare,4900.0,Tonnes,653.3333333333334,Matathwada,2010
Maharashtra,PARBHANI,Bajra,2011-12,Kharif,5400.0,Hectare,5000.0,Tonnes,925.9259259259261,Matathwada,2011
Maharashtra,PARBHANI,Bajra,2012-13,Kharif,5600.0,Hectare,4000.0,Tonnes,714.2857142857143,Matathwada,2012
Maharashtra,PUNE,Bajra,2010-11,Kharif,48600.0,Hectare,43000.0,Tonnes,884.7736625514403,Madhya Maharashtra,2010
Maharashtra,PUNE,Bajra,2011-12,Kharif,50700.0,Hectare,40700.0,Tonnes,802.7613412228797,Madhya Maharashtra,2011
Maharashtra,PUNE,Bajra,2012-13,Kharif,36000.0,Hectare,16700.0,Tonnes,463.8888888888889,Madhya Maharashtra,2012
Maharashtra,SANGLI,Bajra,2010-11,Kharif,74900.0,Hectare,62500.0,Tonnes,834.4459279038718,Madhya Maharashtra,2010
Maharashtra,SANGLI,Bajra,2011-12,Kharif,26300.0,Hectare,6400.0,Tonnes,243.34600760456271,Madhya Maharashtra,2011
Maharashtra,SATARA,Bajra,2010-11,Kharif,75600.0,Hectare,59200.0,Tonnes,783.068783068783,Madhya Maharashtra,2010
Maharashtra,SATARA,Bajra,2011-12,Kharif,25700.0,Hectare,16400.0,Tonnes,638.1322957198444,Madhya Maharashtra,2011
Maharashtra,SATARA,Bajra,2012-13,Kharif,16300.0,Hectare,7500.0,Tonnes,460.1226993865031,Madhya Maharashtra,2012
Maharashtra,SOLAPUR,Bajra,2010-11,Kharif,18400.0,Hectare,9600.0,Tonnes,521.7391304347826,Madhya Maharashtra,2010
Maharashtra,SOLAPUR,Bajra,2011-12,Kharif,9900.0,Hectare,3900.0,Tonnes,393.93939393939394,Madhya Maharashtra,2011
Maharashtra,WASHIM,Bajra,2010-11,Kharif,500.0,Hectare,200.0,Tonnes,400.0,Vidarbha,2010
Maharashtra,WASHIM,Bajra,2011-12,Kharif,300.0,Hectare,200.0,Tonnes,666.6666666666666,Vidarbha,2011
Maharashtra,WASHIM,Bajra,2012-13,Kharif,300.0,Hectare,200.0,Tonnes,666.6666666666666,Vidarbha,2012
Maharashtra,YAVATMAL,Bajra,2010-11,Kharif,1300.0,Hectare,700.0,Tonnes,538.4615384615385,Vidarbha,2010
Maharashtra,YAVATMAL,Bajra,2011-12,Kharif,400.0,Hectare,300.0,Tonnes,750.0,Vidarbha,2011
Maharashtra,YAVATMAL,Bajra,2012-13,Kharif,300.0,Hectare,300.0,Tonnes,1000.0,Vidarbha,2012
Maharashtra,AHMEDNAGAR,Bajra,2013-14,Kharif,181800.0,Hectare,188200.0,Tonnes,1035.2035203520352,Madhya Maharashtra,2013
Maharashtra,AHMEDNAGAR,Bajra,2014-15,Kharif,186000.0,Hectare,107700.0,Tonnes,579.0322580645161,Madhya Maharashtra,2014
Maharashtra,AHMEDNAGAR,Bajra,2015-16,Kharif,122000.0,Hectare,30400.0,Tonnes,249.1803278688524,Madhya Maharashtra,2015
Maharashtra,AKOLA,Bajra,2013-14,Kharif,200.0,Hectare,100.0,Tonnes,500.0,Vidarbha,2013
Maharashtra,AKOLA,Bajra,2014-15,Kharif,300.0,Hectare,100.0,Tonnes,333.3333333333333,Vidarbha,2014
Maharashtra,AURANGABAD,Bajra,2014-15,Kharif,45300.0,Hectare,24200.0,Tonnes,534.2163355408388,Matathwada,2014
Maharashtra,AURANGABAD,Bajra,2015-16,Kharif,51900.0,Hectare,22400.0,Tonnes,431.5992292870905,Matathwada,2015
Maharashtra,BEED,Bajra,2013-14,Kharif,122100.0,Hectare,130300.0,Tonnes,1067.158067158067,Matathwada,2013
Maharashtra,BEED,Bajra,2014-15,Kharif,127100.0,Hectare,56200.0,Tonnes,442.1715184893784,Matathwada,2014
Maharashtra,BEED,Bajra,2015-16,Kharif,127600.0,Hectare,32800.0,Tonnes,257.0532915360501,Matathwada,2015
Maharashtra,BULDHANA,Bajra,2013-14,Kharif,3500.0,Hectare,2300.0,Tonnes,657.1428571428571,Vidarbha,2013
Maharashtra,DHULE,Bajra,2014-15,Kharif,116800.0,Hectare,97500.0,Tonnes,834.7602739726028,Madhya Maharashtra,2014
Maharashtra,DHULE,Bajra,2015-16,Kharif,117700.0,Hectare,68400.0,Tonnes,581.1384876805438,Madhya Maharashtra,2015
Maharashtra,JALGAON,Bajra,2015-16,Kharif,18400.0,Hectare,11400.0,Tonnes,619.5652173913044,Madhya Maharashtra,2015
Maharashtra,JALNA,Bajra,2014-15,Kharif,23300.0,Hectare,7700.0,Tonnes,330.4721030042918,Matathwada,2014
Maharashtra,JALNA,Bajra,2015-16,Kharif,22700.0,Hectare,5800.0,Tonnes,255.5066079295154,Matathwada,2015
Maharashtra,LATUR,Bajra,2013-14,Kharif,2700.0,Hectare,1300.0,Tonnes,481.4814814814814,Matathwada,2013
Maharashtra,NANDURBAR,Bajra,2014-15,Kharif,6200.0,Hectare,3200.0,Tonnes,516.1290322580645,Madhya Maharashtra,2014
Maharashtra,NANDURBAR,Bajra,2015-16,Kharif,5200.0,Hectare,4300.0,Tonnes,826.9230769230769,Madhya Maharashtra,2015
Maharashtra,NASHIK,Bajra,2013-14,Kharif,149600.0,Hectare,167500.0,Tonnes,1119.6524064171124,Madhya Maharashtra,2013
Maharashtra,NASHIK,Bajra,2014-15,Kharif,152700.0,Hectare,108900.0,Tonnes,713.1630648330058,Madhya Maharashtra,2014
Maharashtra,NASHIK,Bajra,2015-16,Kharif,151200.0,Hectare,86600.0,Tonnes,572.7513227513227,Madhya Maharashtra,2015
Maharashtra,OSMANABAD,Bajra,2013-14,Kharif,17700.0,Hectare,12000.0,Tonnes,677.9661016949152,Matathwada,2013
Maharashtra,OSMANABAD,Bajra,2014-15,Kharif,17700.0,Hectare,4400.0,Tonnes,248.5875706214689,Matathwada,2014
Maharashtra,PARBHANI,Bajra,2013-14,Kharif,3200.0,Hectare,2000.0,Tonnes,625.0,Matathwada,2013
Maharashtra,PUNE,Bajra,2013-14,Kharif,49800.0,Hectare,41600.0,Tonnes,835.3413654618473,Madhya Maharashtra,2013
Maharashtra,PUNE,Bajra,2014-15,Kharif,31500.0,Hectare,26300.0,Tonnes,834.9206349206349,Madhya Maharashtra,2014
Maharashtra,PUNE,Bajra,2015-16,Kharif,41400.0,Hectare,29400.0,Tonnes,710.1449275362319,Madhya Maharashtra,2015
Maharashtra,SANGLI,Bajra,2013-14,Kharif,24200.0,Hectare,7200.0,Tonnes,297.5206611570248,Madhya Maharashtra,2013
Maharashtra,SANGLI,Bajra,2014-15,Kharif,69600.0,Hectare,53100.0,Tonnes,762.9310344827587,Madhya Maharashtra,2014
Maharashtra,SANGLI,Bajra,2015-16,Kharif,33900.0,Hectare,8100.0,Tonnes,238.9380530973451,Madhya Maharashtra,2015
Maharashtra,SATARA,Bajra,2013-14,Kharif,30200.0,Hectare,15600.0,Tonnes,516.5562913907285,Madhya Maharashtra,2013
Maharashtra,SATARA,Bajra,2014-15,Kharif,55000.0,Hectare,22100.0,Tonnes,401.8181818181818,Madhya Maharashtra,2014
Maharashtra,SATARA,Bajra,2015-16,Kharif,74100.0,Hectare,26900.0,Tonnes,363.0229419703104,Madhya Maharashtra,2015
Maharashtra,SOLAPUR,Bajra,2013-14,Kharif,6300.0,Hectare,2200.0,Tonnes,349.20634920634916,Madhya Maharashtra,2013
Maharashtra,SOLAPUR,Bajra,2014-15,Kharif,5500.0,Hectare,2200.0,Tonnes,400.0,Madhya Maharashtra,2014
Maharashtra,SOLAPUR,Bajra,2015-16,Kharif,14800.0,Hectare,3400.0,Tonnes,229.72972972972968,Madhya Maharashtra,2015
Maharashtra,WASHIM,Bajra,2013-14,Kharif,400.0,Hectare,300.0,Tonnes,750.0,Vidarbha,2013
Maharashtra,YAVATMAL,Bajra,2013-14,Kharif,100.0,Hectare,100.0,Tonnes,1000.0,Vidarbha,2013
Maharashtra,AHMEDNAGAR,Bajra,2016-17,Kharif,146400.0,Hectare,149800.0,Tonnes,1023.2240437158471,Madhya Maharashtra,2016
Maharashtra,AHMEDNAGAR,Bajra,2017-18,Kharif,119500.0,Hectare,120100.0,Tonnes,1005.0209205020919,Madhya Maharashtra,2017
Maharashtra,AHMEDNAGAR,Bajra,2018-19,Kharif,130478.0,Hectare,84115.0,Tonnes,644.6680666472508,Madhya Maharashtra,2018
Maharashtra,AKOLA,Bajra,2016-17,Kharif,100.0,Hectare,36.0,Tonnes,360.0,Vidarbha,2016
Maharashtra,AKOLA,Bajra,2017-18,Kharif,100.0,Hectare,45.0,Tonnes,450.0,Vidarbha,2017
Maharashtra,AMRAVATI,Bajra,2017-18,Kharif,104.0,Hectare,46.0,Tonnes,442.30769230769226,Vidarbha,2017
Maharashtra,AURANGABAD,Bajra,2016-17,Kharif,52000.0,Hectare,57900.0,Tonnes,1113.4615384615386,Matathwada,2016
Maharashtra,AURANGABAD,Bajra,2017-18,Kharif,54200.0,Hectare,37200.0,Tonnes,686.3468634686348,Matathwada,2017
Maharashtra,AURANGABAD,Bajra,2018-19,Kharif,54728.0,Hectare,24911.0,Tonnes,455.1783365005116,Matathwada,2018
Maharashtra,BEED,Bajra,2016-17,Kharif,144700.0,Hectare,93090.0,Tonnes,643.3310297166552,Matathwada,2016
Maharashtra,BEED,Bajra,2017-18,Kharif,152700.0,Hectare,90240.0,Tonnes,590.9626719056974,Matathwada,2017
Maharashtra,BEED,Bajra,2018-19,Kharif,57506.0,Hectare,15491.999999999998,Tonnes,269.39797586338807,Matathwada,2018
Maharashtra,BULDHANA,Bajra,2016-17,Kharif,2090.0,Hectare,700.0,Tonnes,334.9282296650718,Vidarbha,2016
Maharashtra,BULDHANA,Bajra,2017-18,Kharif,2180.0,Hectare,1000.0,Tonnes,458.7155963302752,Vidarbha,2017
Maharashtra,CHANDRAPUR,Bajra,2016-17,Kharif,33.0,Hectare,11.0,Tonnes,333.3333333333333,Vidarbha,2016
Maharashtra,DHULE,Bajra,2016-17,Kharif,77400.0,Hectare,60400.0,Tonnes,780.3617571059432,Madhya Maharashtra,2016
Maharashtra,DHULE,Bajra,2018-19,Kharif,81923.0,Hectare,47140.0,Tonnes,575.4183806745359,Madhya Maharashtra,2018
Maharashtra,GADCHIROLI,Bajra,2016-17,Kharif,18.0,Hectare,6.0,Tonnes,333.3333333333333,Vidarbha,2016
Maharashtra,HINGOLI,Bajra,2016-17,Kharif,300.0,Hectare,86.0,Tonnes,286.6666666666667,Matathwada,2016
Maharashtra,HINGOLI,Bajra,2017-18,Kharif,300.0,Hectare,100.0,Tonnes,333.3333333333333,Matathwada,2017
Maharashtra,JALGAON,Bajra,2017-18,Kharif,20200.0,Hectare,20200.0,Tonnes,1000.0,Madhya Maharashtra,2017
Maharashtra,JALGAON,Bajra,2018-19,Kharif,20019.0,Hectare,15572.999999999998,Tonnes,777.9109845646634,Madhya Maharashtra,2018
Maharashtra,JALNA,Bajra,2016-17,Kharif,21900.0,Hectare,18500.0,Tonnes,844.7488584474886,Matathwada,2016
Maharashtra,JALNA,Bajra,2017-18,Kharif,19500.0,Hectare,12300.0,Tonnes,630.7692307692307,Matathwada,2017
Maharashtra,JALNA,Bajra,2018-19,Kharif,12362.0,Hectare,4268.0,Tonnes,345.2515774146578,Matathwada,2018
Maharashtra,LATUR,Bajra,2018-19,Kharif,1549.0,Hectare,378.0,Tonnes,244.02840542285338,Matathwada,2018
Maharashtra,NANDURBAR,Bajra,2016-17,Kharif,4600.0,Hectare,4800.0,Tonnes,1043.4782608695652,Madhya Maharashtra,2016
Maharashtra,NANDURBAR,Bajra,2017-18,Kharif,4962.0,Hectare,3600.0,Tonnes,725.5139056831923,Madhya Maharashtra,2017
Maharashtra,NANDURBAR,Bajra,2018-19,Kharif,6691.0,Hectare,4815.0,Tonnes,719.6233746824092,Madhya Maharashtra,2018
Maharashtra,NASHIK,Bajra,2018-19,Kharif,91002.0,Hectare,57871.0,Tonnes,635.9310784378366,Madhya Maharashtra,2018
Maharashtra,OSMANABAD,Bajra,2016-17,Kharif,10400.0,Hectare,3300.0,Tonnes,317.30769230769226,Matathwada,2016
Maharashtra,OSMANABAD,Bajra,2017-18,Kharif,9900.0,Hectare,4600.0,Tonnes,464.6464646464646,Matathwada,2017
Maharashtra,PARBHANI,Bajra,2016-17,Kharif,2540.0,Hectare,1170.0,Tonnes,460.6299212598425,Matathwada,2016
Maharashtra,PARBHANI,Bajra,2017-18,Kharif,1350.0,Hectare,489.0,Tonnes,362.2222222222221,Matathwada,2017
Maharashtra,PARBHANI,Bajra,2018-19,Kharif,456.0,Hectare,279.0,Tonnes,611.8421052631579,Matathwada,2018
Maharashtra,PUNE,Bajra,2016-17,Kharif,30400.0,Hectare,22200.0,Tonnes,730.2631578947369,Madhya Maharashtra,2016
Maharashtra,PUNE,Bajra,2017-18,Kharif,32000.0,Hectare,23100.0,Tonnes,721.875,Madhya Maharashtra,2017
Maharashtra,SANGLI,Bajra,2016-17,Kharif,66100.0,Hectare,47100.0,Tonnes,712.5567322239032,Madhya Maharashtra,2016
Maharashtra,SANGLI,Bajra,2018-19,Kharif,33724.0,Hectare,7945.999999999999,Tonnes,235.6185505871189,Madhya Maharashtra,2018
Maharashtra,SATARA,Bajra,2016-17,Kharif,72100.0,Hectare,52800.0,Tonnes,732.3162274618585,Madhya Maharashtra,2016
Maharashtra,SATARA,Bajra,2017-18,Kharif,67400.0,Hectare,34100.0,Tonnes,505.93471810089017,Madhya Maharashtra,2017
Maharashtra,SATARA,Bajra,2018-19,Kharif,51475.0,Hectare,26881.0,Tonnes,522.2146673142302,Madhya Maharashtra,2018
Maharashtra,SOLAPUR,Bajra,2016-17,Kharif,26900.0,Hectare,9400.0,Tonnes,349.4423791821561,Madhya Maharashtra,2016
Maharashtra,SOLAPUR,Bajra,2017-18,Kharif,28600.0,Hectare,9740.0,Tonnes,340.5594405594405,Madhya Maharashtra,2017
Maharashtra,WASHIM,Bajra,2016-17,Kharif,300.0,Hectare,100.0,Tonnes,333.3333333333333,Vidarbha,2016
Maharashtra,WASHIM,Bajra,2017-18,Kharif,200.0,Hectare,100.0,Tonnes,500.0,Vidarbha,2017
Maharashtra,YAVATMAL,Bajra,2016-17,Kharif,100.0,Hectare,44.0,Tonnes,440.0,Vidarbha,2016
Maharashtra,YAVATMAL,Bajra,2017-18,Kharif,37.0,Hectare,16.0,Tonnes,432.4324324324324,Vidarbha,2017
Maharashtra,AHMEDNAGAR,Bajra,2019-20,Kharif,146822.0,Hectare,127713.0,Tonnes,869.8492051599898,Madhya Maharashtra,2019
Maharashtra,AKOLA,Bajra,2019-20,Kharif,78.0,Hectare,18.0,Tonnes,230.7692307692307,Vidarbha,2019
Maharashtra,AMRAVATI,Bajra,2019-20,Kharif,1.0,Hectare,1.0,Tonnes,1000.0,Vidarbha,2019
Maharashtra,AURANGABAD,Bajra,2019-20,Kharif,59442.99999999999,Hectare,54263.0,Tonnes,912.8576956075568,Matathwada,2019
Maharashtra,BEED,Bajra,2019-20,Kharif,64497.0,Hectare,51583.00000000001,Tonnes,799.7736328821496,Matathwada,2019
Maharashtra,BULDHANA,Bajra,2019-20,Kharif,2408.0,Hectare,546.0,Tonnes,226.74418604651157,Vidarbha,2019
Maharashtra,DHULE,Bajra,2019-20,Kharif,55366.0,Hectare,29009.0,Tonnes,523.9497164324674,Madhya Maharashtra,2019
Maharashtra,JALGAON,Bajra,2019-20,Kharif,11896.0,Hectare,9472.0,Tonnes,796.2340282447882,Madhya Maharashtra,2019
Maharashtra,NANDED,Bajra,2019-20,Kharif,142.0,Hectare,32.0,Tonnes,225.3521126760563,Matathwada,2019
Maharashtra,NANDURBAR,Bajra,2019-20,Kharif,7454.000000000001,Hectare,6160.0,Tonnes,826.4019318486717,Madhya Maharashtra,2019
Maharashtra,NASHIK,Bajra,2019-20,Kharif,97031.0,Hectare,98642.0,Tonnes,1016.602941328029,Madhya Maharashtra,2019
Maharashtra,OSMANABAD,Bajra,2019-20,Kharif,7677.0,Hectare,2337.0,Tonnes,304.4157874169597,Matathwada,2019
Maharashtra,PARBHANI,Bajra,2019-20,Kharif,596.0,Hectare,279.0,Tonnes,468.1208053691275,Matathwada,2019
Maharashtra,SANGLI,Bajra,2019-20,Kharif,55928.0,Hectare,19760.0,Tonnes,353.3114003719067,Madhya Maharashtra,2019
Maharashtra,SATARA,Bajra,2019-20,Kharif,57299.0,Hectare,29615.0,Tonnes,516.8502068098919,Madhya Maharashtra,2019
Maharashtra,SOLAPUR,Bajra,2019-20,Kharif,49811.0,Hectare,11528.0,Tonnes,231.43482363333402,Madhya Maharashtra,2019
Maharashtra,WASHIM,Bajra,2019-20,Kharif,361.0,Hectare,82.0,Tonnes,227.1468144044321,Vidarbha,2019
Maharashtra,YAVATMAL,Bajra,2019-20,Kharif,57.99999999999999,Hectare,13.0,Tonnes,224.1379310344828,Vidarbha,2019
Maharashtra,AHMEDNAGAR,Bajra,1997-98,Kharif,274100.0,Hectare,152800.0,Tonnes,557.4607807369573,Madhya Maharashtra,1997
Maharashtra,AHMEDNAGAR,Bajra,1998-99,Kharif,302400.0,Hectare,243900.0,Tonnes,806.547619047619,Madhya Maharashtra,1998
Maharashtra,AHMEDNAGAR,Bajra,1999-00,Kharif,310600.0,Hectare,178300.0,Tonnes,574.050225370251,Madhya Maharashtra,1999
Maharashtra,AHMEDNAGAR,Bajra,2000-01,Kharif,326100.0,Hectare,187300.0,Tonnes,574.3636921189818,Madhya Maharashtra,2000
Maharashtra,AKOLA,Bajra,1997-98,Kharif,5600.0,Hectare,2400.0,Tonnes,428.5714285714285,Vidarbha,1997
Maharashtra,AKOLA,Bajra,1998-99,Kharif,5600.0,Hectare,2900.0,Tonnes,517.8571428571429,Vidarbha,1998
Maharashtra,AKOLA,Bajra,1999-00,Kharif,2300.0,Hectare,1200.0,Tonnes,521.7391304347826,Vidarbha,1999
Maharashtra,AKOLA,Bajra,2000-01,Kharif,2500.0,Hectare,1500.0,Tonnes,600.0,Vidarbha,2000
Maharashtra,AMRAVATI,Bajra,1997-98,Kharif,1700.0,Hectare,700.0,Tonnes,411.7647058823529,Vidarbha,1997
Maharashtra,AMRAVATI,Bajra,1998-99,Kharif,1900.0,Hectare,1000.0,Tonnes,526.3157894736842,Vidarbha,1998
Maharashtra,AMRAVATI,Bajra,1999-00,Kharif,1000.0,Hectare,500.0,Tonnes,500.0,Vidarbha,1999
Maharashtra,AMRAVATI,Bajra,2000-01,Kharif,900.0,Hectare,500.0,Tonnes,555.5555555555555,Vidarbha,2000
Maharashtra,AURANGABAD,Bajra,1997-98,Kharif,130800.0,Hectare,103400.0,Tonnes,790.519877675841,Matathwada,1997
Maharashtra,AURANGABAD,Bajra,1998-99,Kharif,131000.0,Hectare,116600.0,Tonnes,890.0763358778626,Matathwada,1998
Maharashtra,AURANGABAD,Bajra,1999-00,Kharif,138600.0,Hectare,123300.0,Tonnes,889.6103896103896,Matathwada,1999
Maharashtra,AURANGABAD,Bajra,2000-01,Kharif,161000.0,Hectare,120100.0,Tonnes,745.9627329192547,Matathwada,2000
Maharashtra,BEED,Bajra,1997-98,Kharif,176800.0,Hectare,91100.0,Tonnes,515.2714932126696,Matathwada,1997
Maharashtra,BEED,Bajra,1998-99,Kharif,176800.0,Hectare,116600.0,Tonnes,659.5022624434389,Matathwada,1998
Maharashtra,BEED,Bajra,1999-00,Kharif,181500.0,Hectare,124300.0,Tonnes,684.8484848484849,Matathwada,1999
Maharashtra,BEED,Bajra,2000-01,Kharif,213600.0,Hectare,170500.0,Tonnes,798.2209737827716,Matathwada,2000
Maharashtra,BULDHANA,Bajra,1997-98,Kharif,9200.0,Hectare,3900.0,Tonnes,423.9130434782608,Vidarbha,1997
Maharashtra,BULDHANA,Bajra,1998-99,Kharif,5500.0,Hectare,2900.0,Tonnes,527.2727272727273,Vidarbha,1998
Maharashtra,BULDHANA,Bajra,1999-00,Kharif,7500.0,Hectare,3800.0,Tonnes,506.6666666666667,Vidarbha,1999
Maharashtra,BULDHANA,Bajra,2000-01,Kharif,7900.0,Hectare,4900.0,Tonnes,620.253164556962,Vidarbha,2000
Maharashtra,DHULE,Bajra,1997-98,Kharif,172500.0,Hectare,160300.0,Tonnes,929.2753623188405,Madhya Maharashtra,1997
Maharashtra,DHULE,Bajra,1998-99,Kharif,174100.0,Hectare,184800.0,Tonnes,1061.458931648478,Madhya Maharashtra,1998
Maharashtra,DHULE,Bajra,1999-00,Kharif,107000.0,Hectare,49200.0,Tonnes,459.8130841121495,Madhya Maharashtra,1999
Maharashtra,DHULE,Bajra,2000-01,Kharif,108400.0,Hectare,41200.0,Tonnes,380.0738007380074,Madhya Maharashtra,2000
Maharashtra,GONDIA,Bajra,1999-00,Kharif,400.0,Hectare,200.0,Tonnes,500.0,Vidarbha,1999
Maharashtra,HINGOLI,Bajra,2000-01,Kharif,400.0,Hectare,200.0,Tonnes,500.0,Matathwada,2000
Maharashtra,JALGAON,Bajra,1997-98,Kharif,78000.0,Hectare,90400.0,Tonnes,1158.9743589743591,Madhya Maharashtra,1997
Maharashtra,JALGAON,Bajra,1998-99,Kharif,71800.0,Hectare,80500.0,Tonnes,1121.1699164345403,Madhya Maharashtra,1998
Maharashtra,JALGAON,Bajra,1999-00,Kharif,67300.0,Hectare,68600.0,Tonnes,1019.3164933135217,Madhya Maharashtra,1999
Maharashtra,JALGAON,Bajra,2000-01,Kharif,63800.0,Hectare,35700.0,Tonnes,559.5611285266457,Madhya Maharashtra,2000
Maharashtra,JALNA,Bajra,1997-98,Kharif,70300.0,Hectare,54800.0,Tonnes,779.5163584637269,Matathwada,1997
Maharashtra,JALNA,Bajra,1998-99,Kharif,80800.0,Hectare,64400.0,Tonnes,797.0297029702971,Matathwada,1998
Maharashtra,JALNA,Bajra,1999-00,Kharif,84800.0,Hectare,61700.0,Tonnes,727.5943396226415,Matathwada,1999
Maharashtra,JALNA,Bajra,2000-01,Kharif,93200.0,Hectare,76200.0,Tonnes,817.5965665236051,Matathwada,2000
Maharashtra,KOLHAPUR,Bajra,1997-98,Kharif,100.0,Hectare,100.0,Tonnes,1000.0,Madhya Maharashtra,1997
Maharashtra,KOLHAPUR,Bajra,1998-99,Kharif,100.0,Hectare,100.0,Tonnes,1000.0,Madhya Maharashtra,1998
Maharashtra,KOLHAPUR,Bajra,1999-00,Kharif,100.0,Hectare,100.0,Tonnes,1000.0,Madhya Maharashtra,1999
Maharashtra,LATUR,Bajra,1997-98,Kharif,8500.0,Hectare,3000.0,Tonnes,352.9411764705882,Matathwada,1997
Maharashtra,LATUR,Bajra,1998-99,Kharif,9900.0,Hectare,4700.0,Tonnes,474.7474747474747,Matathwada,1998
Maharashtra,LATUR,Bajra,1999-00,Kharif,10100.0,Hectare,5700.0,Tonnes,564.3564356435643,Matathwada,1999
Maharashtra,LATUR,Bajra,2000-01,Kharif,10100.0,Hectare,7700.0,Tonnes,762.3762376237623,Matathwada,2000
Maharashtra,NAGPUR,Bajra,1997-98,Kharif,100.0,Hectare,100.0,Tonnes,1000.0,Vidarbha,1997
Maharashtra,NAGPUR,Bajra,1998-99,Kharif,100.0,Hectare,100.0,Tonnes,1000.0,Vidarbha,1998
Maharashtra,NAGPUR,Bajra,1999-00,Kharif,100.0,Hectare,100.0,Tonnes,1000.0,Vidarbha,1999
Maharashtra,NANDED,Bajra,1997-98,Kharif,700.0,Hectare,300.0,Tonnes,428.5714285714285,Matathwada,1997
Maharashtra,NANDED,Bajra,1998-99,Kharif,300.0,Hectare,200.0,Tonnes,666.6666666666666,Matathwada,1998
Maharashtra,NANDED,Bajra,1999-00,Kharif,300.0,Hectare,200.0,Tonnes,666.6666666666666,Matathwada,1999
Maharashtra,NANDED,Bajra,2000-01,Kharif,200.0,Hectare,100.0,Tonnes,500.0,Matathwada,2000
Maharashtra,NANDURBAR,Bajra,2000-01,Kharif,15900.0,Hectare,6600.0,Tonnes,415.0943396226415,Madhya Maharashtra,2000
Maharashtra,NASHIK,Bajra,1997-98,Kharif,363100.0,Hectare,227800.0,Tonnes,627.3753786835582,Madhya Maharashtra,1997
Maharashtra,NASHIK,Bajra,1998-99,Kharif,387500.0,Hectare,403300.0,Tonnes,1040.774193548387,Madhya Maharashtra,1998
Maharashtra,NASHIK,Bajra,1999-00,Kharif,360500.0,Hectare,211900.0,Tonnes,587.7947295423024,Madhya Maharashtra,1999
Maharashtra,NASHIK,Bajra,2000-01,Kharif,346500.0,Hectare,186900.0,Tonnes,539.3939393939394,Madhya Maharashtra,2000
Maharashtra,OSMANABAD,Bajra,1997-98,Kharif,16800.0,Hectare,5200.0,Tonnes,309.52380952380946,Matathwada,1997
Maharashtra,OSMANABAD,Bajra,1998-99,Kharif,17600.0,Hectare,8600.0,Tonnes,488.63636363636357,Matathwada,1998
Maharashtra,OSMANABAD,Bajra,1999-00,Kharif,19100.0,Hectare,8000.0,Tonnes,418.848167539267,Matathwada,1999
Maharashtra,OSMANABAD,Bajra,2000-01,Kharif,19700.0,Hectare,10600.0,Tonnes,538.0710659898476,Matathwada,2000
Maharashtra,PARBHANI,Bajra,1997-98,Kharif,8800.0,Hectare,4000.0,Tonnes,454.54545454545445,Matathwada,1997
Maharashtra,PARBHANI,Bajra,1998-99,Kharif,8200.0,Hectare,4800.0,Tonnes,585.3658536585366,Matathwada,1998
Maharashtra,PARBHANI,Bajra,1999-00,Kharif,7400.0,Hectare,5200.0,Tonnes,702.7027027027027,Matathwada,1999
Maharashtra,PARBHANI,Bajra,2000-01,Kharif,9200.0,Hectare,6000.0,Tonnes,652.1739130434783,Matathwada,2000
Maharashtra,PUNE,Bajra,1997-98,Kharif,135700.0,Hectare,112000.0,Tonnes,825.3500368459837,Madhya Maharashtra,1997
Maharashtra,PUNE,Bajra,1998-99,Kharif,150000.0,Hectare,110900.0,Tonnes,739.3333333333333,Madhya Maharashtra,1998
Maharashtra,PUNE,Bajra,1999-00,Kharif,159900.0,Hectare,118100.0,Tonnes,738.5866166353971,Madhya Maharashtra,1999
Maharashtra,PUNE,Bajra,2000-01,Kharif,160400.0,Hectare,104600.0,Tonnes,652.1197007481296,Madhya Maharashtra,2000
Maharashtra,SANGLI,Bajra,1997-98,Kharif,98800.0,Hectare,51600.0,Tonnes,522.2672064777329,Madhya Maharashtra,1997
Maharashtra,SANGLI,Bajra,1998-99,Kharif,100600.0,Hectare,53400.0,Tonnes,530.8151093439363,Madhya Maharashtra,1998
Maharashtra,SANGLI,Bajra,1999-00,Kharif,102600.0,Hectare,56400.0,Tonnes,549.7076023391812,Madhya Maharashtra,1999
Maharashtra,SANGLI,Bajra,2000-01,Kharif,105300.0,Hectare,44600.0,Tonnes,423.55175688509024,Madhya Maharashtra,2000
Maharashtra,SATARA,Bajra,1997-98,Kharif,88100.0,Hectare,39700.0,Tonnes,450.6242905788876,Madhya Maharashtra,1997
Maharashtra,SATARA,Bajra,1998-99,Kharif,89100.0,Hectare,69100.0,Tonnes,775.5331088664423,Madhya Maharashtra,1998
Maharashtra,SATARA,Bajra,1999-00,Kharif,91000.0,Hectare,84300.0,Tonnes,926.3736263736264,Madhya Maharashtra,1999
Maharashtra,SATARA,Bajra,2000-01,Kharif,89900.0,Hectare,52600.0,Tonnes,585.0945494994438,Madhya Maharashtra,2000
Maharashtra,SOLAPUR,Bajra,1997-98,Kharif,22500.0,Hectare,11500.0,Tonnes,511.1111111111111,Madhya Maharashtra,1997
Maharashtra,SOLAPUR,Bajra,1998-99,Kharif,37400.0,Hectare,18900.0,Tonnes,505.3475935828877,Madhya Maharashtra,1998
Maharashtra,SOLAPUR,Bajra,1999-00,Kharif,57200.0,Hectare,19300.0,Tonnes,337.4125874125874,Madhya Maharashtra,1999
Maharashtra,SOLAPUR,Bajra,2000-01,Kharif,53300.0,Hectare,22100.0,Tonnes,414.6341463414634,Madhya Maharashtra,2000
Maharashtra,WARDHA,Bajra,1997-98,Kharif,100.0,Hectare,100.0,Tonnes,1000.0,Vidarbha,1997
Maharashtra,WARDHA,Bajra,1998-99,Kharif,100.0,Hectare,100.0,Tonnes,1000.0,Vidarbha,1998
Maharashtra,WARDHA,Bajra,1999-00,Kharif,100.0,Hectare,100.0,Tonnes,1000.0,Vidarbha,1999
Maharashtra,WASHIM,Bajra,1999-00,Kharif,2700.0,Hectare,1400.0,Tonnes,518.5185185185185,Vidarbha,1999
Maharashtra,WASHIM,Bajra,2000-01,Kharif,2500.0,Hectare,1500.0,Tonnes,600.0,Vidarbha,2000
Maharashtra,YAVATMAL,Bajra,1997-98,Kharif,8900.0,Hectare,3800.0,Tonnes,426.9662921348314,Vidarbha,1997
Maharashtra,YAVATMAL,Bajra,1998-99,Kharif,8900.0,Hectare,4700.0,Tonnes,528.0898876404494,Vidarbha,1998
Maharashtra,YAVATMAL,Bajra,1999-00,Kharif,8600.0,Hectare,4400.0,Tonnes,511.6279069767442,Vidarbha,1999
Maharashtra,YAVATMAL,Bajra,2000-01,Kharif,9200.0,Hectare,5800.0,Tonnes,630.4347826086956,Vidarbha,2000
Maharashtra,AHMEDNAGAR,Cotton(lint),2001-02,Kharif,13500.0,Hectare,16700.0,Bales,1237.037037037037,Madhya Maharashtra,2001
Maharashtra,AHMEDNAGAR,Cotton(lint),2002-03,Kharif,10800.0,Hectare,8300.0,Bales,768.5185185185185,Madhya Maharashtra,2002
Maharashtra,AHMEDNAGAR,Cotton(lint),2003-04,Kharif,10400.0,Hectare,10400.0,Bales,1000.0,Madhya Maharashtra,2003
Maharashtra,AKOLA,Cotton(lint),2001-02,Kharif,231400.0,Hectare,194900.0,Bales,842.2644770959378,Vidarbha,2001
Maharashtra,AKOLA,Cotton(lint),2002-03,Kharif,222900.0,Hectare,224600.0,Bales,1007.6267384477344,Vidarbha,2002
Maharashtra,AKOLA,Cotton(lint),2003-04,Kharif,217700.0,Hectare,199000.0,Bales,914.1019751952228,Vidarbha,2003
Maharashtra,AMRAVATI,Cotton(lint),2001-02,Kharif,324600.0,Hectare,227200.0,Bales,699.9383857054837,Vidarbha,2001
Maharashtra,AMRAVATI,Cotton(lint),2002-03,Kharif,279000.0,Hectare,243700.0,Bales,873.4767025089606,Vidarbha,2002
Maharashtra,AMRAVATI,Cotton(lint),2003-04,Kharif,266600.0,Hectare,272300.0,Bales,1021.3803450862715,Vidarbha,2003
Maharashtra,AURANGABAD,Cotton(lint),2001-02,Kharif,141300.0,Hectare,91500.0,Bales,647.5583864118896,Matathwada,2001
Maharashtra,AURANGABAD,Cotton(lint),2002-03,Kharif,135500.0,Hectare,75500.0,Bales,557.1955719557195,Matathwada,2002
Maharashtra,AURANGABAD,Cotton(lint),2003-04,Kharif,168000.0,Hectare,143700.0,Bales,855.3571428571428,Matathwada,2003
Maharashtra,BEED,Cotton(lint),2001-02,Kharif,108000.0,Hectare,79800.0,Bales,738.8888888888889,Matathwada,2001
Maharashtra,BEED,Cotton(lint),2002-03,Kharif,78800.0,Hectare,55700.0,Bales,706.8527918781726,Matathwada,2002
Maharashtra,BEED,Cotton(lint),2003-04,Kharif,94900.0,Hectare,59700.0,Bales,629.0832455216016,Matathwada,2003
Maharashtra,BULDHANA,Cotton(lint),2001-02,Kharif,220100.0,Hectare,197800.0,Bales,898.682417083144,Vidarbha,2001
Maharashtra,BULDHANA,Cotton(lint),2002-03,Kharif,168300.0,Hectare,194700.0,Bales,1156.862745098039,Vidarbha,2002
Maharashtra,BULDHANA,Cotton(lint),2003-04,Kharif,183100.0,Hectare,254900.0,Bales,1392.1354451119607,Vidarbha,2003
Maharashtra,CHANDRAPUR,Cotton(lint),2001-02,Kharif,61500.0,Hectare,43300.0,Bales,704.0650406504066,Vidarbha,2001
Maharashtra,CHANDRAPUR,Cotton(lint),2002-03,Kharif,56100.0,Hectare,42600.0,Bales,759.3582887700535,Vidarbha,2002
Maharashtra,CHANDRAPUR,Cotton(lint),2003-04,Kharif,51800.0,Hectare,64100.0,Bales,1237.4517374517375,Vidarbha,2003
Maharashtra,DHULE,Cotton(lint),2001-02,Kharif,66800.0,Hectare,48700.0,Bales,729.0419161676647,Madhya Maharashtra,2001
Maharashtra,DHULE,Cotton(lint),2003-04,Kharif,66500.0,Hectare,90300.0,Bales,1357.8947368421052,Madhya Maharashtra,2003
Maharashtra,GADCHIROLI,Cotton(lint),2002-03,Kharif,400.0,Hectare,400.0,Bales,1000.0,Vidarbha,2002
Maharashtra,GADCHIROLI,Cotton(lint),2003-04,Kharif,100.0,Hectare,100.0,Bales,1000.0,Vidarbha,2003
Maharashtra,HINGOLI,Cotton(lint),2001-02,Kharif,93500.0,Hectare,97400.0,Bales,1041.711229946524,Matathwada,2001
Maharashtra,HINGOLI,Cotton(lint),2002-03,Kharif,83200.0,Hectare,86800.0,Bales,1043.269230769231,Matathwada,2002
Maharashtra,HINGOLI,Cotton(lint),2003-04,Kharif,72500.0,Hectare,111900.0,Bales,1543.4482758620688,Matathwada,2003
Maharashtra,JALGAON,Cotton(lint),2001-02,Kharif,403000.0,Hectare,504900.0,Bales,1252.8535980148886,Madhya Maharashtra,2001
Maharashtra,JALGAON,Cotton(lint),2002-03,Kharif,384000.0,Hectare,468200.0,Bales,1219.2708333333333,Madhya Maharashtra,2002
Maharashtra,JALGAON,Cotton(lint),2003-04,Kharif,383600.0,Hectare,514800.0,Bales,1342.0229405630866,Madhya Maharashtra,2003
Maharashtra,JALNA,Cotton(lint),2001-02,Kharif,157200.0,Hectare,183400.0,Bales,1166.6666666666667,Matathwada,2001
Maharashtra,JALNA,Cotton(lint),2002-03,Kharif,144900.0,Hectare,200000.0,Bales,1380.2622498274673,Matathwada,2002
Maharashtra,JALNA,Cotton(lint),2003-04,Kharif,156900.0,Hectare,163700.0,Bales,1043.3397068196305,Matathwada,2003
Maharashtra,KOLHAPUR,Cotton(lint),2001-02,Kharif,100.0,Hectare,100.0,Bales,1000.0,Madhya Maharashtra,2001
Maharashtra,KOLHAPUR,Cotton(lint),2002-03,Kharif,100.0,Hectare,100.0,Bales,1000.0,Madhya Maharashtra,2002
Maharashtra,KOLHAPUR,Cotton(lint),2003-04,Kharif,100.0,Hectare,100.0,Bales,1000.0,Madhya Maharashtra,2003
Maharashtra,LATUR,Cotton(lint),2001-02,Kharif,17100.0,Hectare,14400.0,Bales,842.1052631578947,Matathwada,2001
Maharashtra,LATUR,Cotton(lint),2002-03,Kharif,9800.0,Hectare,5900.0,Bales,602.0408163265306,Matathwada,2002
Maharashtra,LATUR,Cotton(lint),2003-04,Kharif,5600.0,Hectare,5000.0,Bales,892.8571428571429,Matathwada,2003
Maharashtra,NAGPUR,Cotton(lint),2001-02,Kharif,80100.0,Hectare,76700.0,Bales,957.5530586766542,Vidarbha,2001
Maharashtra,NAGPUR,Cotton(lint),2002-03,Kharif,73400.0,Hectare,71200.0,Bales,970.0272479564031,Vidarbha,2002
Maharashtra,NAGPUR,Cotton(lint),2003-04,Kharif,74300.0,Hectare,115400.0,Bales,1553.1628532974428,Vidarbha,2003
Maharashtra,NANDED,Cotton(lint),2001-02,Kharif,245700.0,Hectare,165100.0,Bales,671.957671957672,Matathwada,2001
Maharashtra,NANDED,Cotton(lint),2002-03,Kharif,214600.0,Hectare,126100.0,Bales,587.6048462255359,Matathwada,2002
Maharashtra,NANDED,Cotton(lint),2003-04,Kharif,215500.0,Hectare,202900.0,Bales,941.5313225058004,Matathwada,2003
Maharashtra,NANDURBAR,Cotton(lint),2001-02,Kharif,33100.0,Hectare,23100.0,Bales,697.8851963746223,Madhya Maharashtra,2001
Maharashtra,NANDURBAR,Cotton(lint),2002-03,Kharif,34200.0,Hectare,22800.0,Bales,666.6666666666666,Madhya Maharashtra,2002
Maharashtra,NANDURBAR,Cotton(lint),2003-04,Kharif,36200.0,Hectare,40900.0,Bales,1129.8342541436464,Madhya Maharashtra,2003
Maharashtra,NASHIK,Cotton(lint),2001-02,Kharif,6200.0,Hectare,3900.0,Bales,629.0322580645161,Madhya Maharashtra,2001
Maharashtra,NASHIK,Cotton(lint),2002-03,Kharif,5400.0,Hectare,6700.0,Bales,1240.7407407407406,Madhya Maharashtra,2002
Maharashtra,NASHIK,Cotton(lint),2003-04,Kharif,7200.0,Hectare,4700.0,Bales,652.7777777777778,Madhya Maharashtra,2003
Maharashtra,OSMANABAD,Cotton(lint),2002-03,Kharif,1900.0,Hectare,1200.0,Bales,631.578947368421,Matathwada,2002
Maharashtra,OSMANABAD,Cotton(lint),2003-04,Kharif,1800.0,Hectare,1100.0,Bales,611.1111111111112,Matathwada,2003
Maharashtra,PARBHANI,Cotton(lint),2001-02,Kharif,203400.0,Hectare,179700.0,Bales,883.480825958702,Matathwada,2001
Maharashtra,PARBHANI,Cotton(lint),2002-03,Kharif,193500.0,Hectare,194900.0,Bales,1007.235142118863,Matathwada,2002
Maharashtra,PARBHANI,Cotton(lint),2003-04,Kharif,184700.0,Hectare,226800.0,Bales,1227.9371954520843,Matathwada,2003
Maharashtra,PUNE,Cotton(lint),2001-02,Kharif,200.0,Hectare,400.0,Bales,2000.0,Madhya Maharashtra,2001
Maharashtra,PUNE,Cotton(lint),2002-03,Kharif,200.0,Hectare,500.0,Bales,2500.0,Madhya Maharashtra,2002
Maharashtra,PUNE,Cotton(lint),2003-04,Kharif,100.0,Hectare,300.0,Bales,3000.0,Madhya Maharashtra,2003
Maharashtra,SANGLI,Cotton(lint),2001-02,Kharif,3100.0,Hectare,3000.0,Bales,967.741935483871,Madhya Maharashtra,2001
Maharashtra,SANGLI,Cotton(lint),2002-03,Kharif,3000.0,Hectare,3300.0,Bales,1100.0,Madhya Maharashtra,2002
Maharashtra,SANGLI,Cotton(lint),2003-04,Kharif,600.0,Hectare,900.0,Bales,1500.0,Madhya Maharashtra,2003
Maharashtra,SATARA,Cotton(lint),2001-02,Kharif,3100.0,Hectare,3000.0,Bales,967.741935483871,Madhya Maharashtra,2001
Maharashtra,SATARA,Cotton(lint),2002-03,Kharif,3600.0,Hectare,4100.0,Bales,1138.888888888889,Madhya Maharashtra,2002
Maharashtra,SATARA,Cotton(lint),2003-04,Kharif,600.0,Hectare,900.0,Bales,1500.0,Madhya Maharashtra,2003
Maharashtra,SOLAPUR,Cotton(lint),2001-02,Kharif,4000.0,Hectare,3500.0,Bales,875.0,Madhya Maharashtra,2001
Maharashtra,SOLAPUR,Cotton(lint),2002-03,Kharif,4400.0,Hectare,7500.0,Bales,1704.5454545454545,Madhya Maharashtra,2002
Maharashtra,SOLAPUR,Cotton(lint),2003-04,Kharif,1100.0,Hectare,1500.0,Bales,1363.6363636363635,Madhya Maharashtra,2003
Maharashtra,WARDHA,Cotton(lint),2001-02,Kharif,150000.0,Hectare,136200.0,Bales,908.0,Vidarbha,2001
Maharashtra,WARDHA,Cotton(lint),2002-03,Kharif,136200.0,Hectare,129300.0,Bales,949.3392070484582,Vidarbha,2002
Maharashtra,WARDHA,Cotton(lint),2003-04,Kharif,111300.0,Hectare,149900.0,Bales,1346.8104222821205,Vidarbha,2003
Maharashtra,WASHIM,Cotton(lint),2001-02,Kharif,98200.0,Hectare,88400.0,Bales,900.20366598778,Vidarbha,2001
Maharashtra,WASHIM,Cotton(lint),2002-03,Kharif,86000.0,Hectare,72600.0,Bales,844.1860465116279,Vidarbha,2002
Maharashtra,WASHIM,Cotton(lint),2003-04,Kharif,75200.0,Hectare,62500.0,Bales,831.1170212765957,Vidarbha,2003
Maharashtra,YAVATMAL,Cotton(lint),2001-02,Kharif,437000.0,Hectare,305600.0,Bales,699.3135011441648,Vidarbha,2001
Maharashtra,YAVATMAL,Cotton(lint),2002-03,Kharif,403300.0,Hectare,313600.0,Bales,777.5849243739152,Vidarbha,2002
Maharashtra,YAVATMAL,Cotton(lint),2003-04,Kharif,376000.0,Hectare,382300.0,Bales,1016.7553191489362,Vidarbha,2003
Maharashtra,AHMEDNAGAR,Cotton(lint),2004-05,Kharif,15900.0,Hectare,26700.0,Bales,1679.245283018868,Madhya Maharashtra,2004
Maharashtra,AHMEDNAGAR,Cotton(lint),2005-06,Kharif,16600.0,Hectare,22800.0,Bales,1373.4939759036145,Madhya Maharashtra,2005
Maharashtra,AHMEDNAGAR,Cotton(lint),2006-07,Kharif,20600.0,Hectare,36500.0,Bales,1771.8446601941748,Madhya Maharashtra,2006
Maharashtra,AKOLA,Cotton(lint),2004-05,Kharif,207600.0,Hectare,137800.0,Bales,663.7764932562621,Vidarbha,2004
Maharashtra,AKOLA,Cotton(lint),2005-06,Kharif,204400.0,Hectare,141400.0,Bales,691.7808219178082,Vidarbha,2005
Maharashtra,AKOLA,Cotton(lint),2006-07,Kharif,204900.0,Hectare,440200.0,Bales,2148.365056124939,Vidarbha,2006
Maharashtra,AMRAVATI,Cotton(lint),2004-05,Kharif,268200.0,Hectare,214300.0,Bales,799.0305741983594,Vidarbha,2004
Maharashtra,AMRAVATI,Cotton(lint),2005-06,Kharif,256400.0,Hectare,222900.0,Bales,869.3447737909516,Vidarbha,2005
Maharashtra,AMRAVATI,Cotton(lint),2006-07,Kharif,241800.0,Hectare,215200.0,Bales,889.991728701406,Vidarbha,2006
Maharashtra,AURANGABAD,Cotton(lint),2004-05,Kharif,209500.0,Hectare,263200.0,Bales,1256.3245823389022,Matathwada,2004
Maharashtra,AURANGABAD,Cotton(lint),2005-06,Kharif,250100.0,Hectare,322700.0,Bales,1290.2838864454218,Matathwada,2005
Maharashtra,AURANGABAD,Cotton(lint),2006-07,Kharif,282100.0,Hectare,486300.0,Bales,1723.8567883729174,Matathwada,2006
Maharashtra,BEED,Cotton(lint),2004-05,Kharif,101500.0,Hectare,116600.0,Bales,1148.768472906404,Matathwada,2004
Maharashtra,BEED,Cotton(lint),2005-06,Kharif,138600.0,Hectare,161400.0,Bales,1164.5021645021645,Matathwada,2005
Maharashtra,BEED,Cotton(lint),2006-07,Kharif,155400.0,Hectare,211400.0,Bales,1360.3603603603603,Matathwada,2006
Maharashtra,BULDHANA,Cotton(lint),2004-05,Kharif,198700.0,Hectare,149300.0,Bales,751.3839959738299,Vidarbha,2004
Maharashtra,BULDHANA,Cotton(lint),2005-06,Kharif,197500.0,Hectare,227400.0,Bales,1151.392405063291,Vidarbha,2005
Maharashtra,BULDHANA,Cotton(lint),2006-07,Kharif,234400.0,Hectare,294400.0,Bales,1255.972696245734,Vidarbha,2006
Maharashtra,CHANDRAPUR,Cotton(lint),2004-05,Kharif,49900.0,Hectare,48400.0,Bales,969.939879759519,Vidarbha,2004
Maharashtra,CHANDRAPUR,Cotton(lint),2005-06,Kharif,48600.0,Hectare,48800.0,Bales,1004.1152263374489,Vidarbha,2005
Maharashtra,CHANDRAPUR,Cotton(lint),2006-07,Kharif,47400.0,Hectare,86300.00000000001,Bales,1820.6751054852323,Vidarbha,2006
Maharashtra,DHULE,Cotton(lint),2004-05,Kharif,71800.0,Hectare,88300.0,Bales,1229.805013927577,Madhya Maharashtra,2004
Maharashtra,DHULE,Cotton(lint),2005-06,Kharif,73300.0,Hectare,74900.0,Bales,1021.8281036834924,Madhya Maharashtra,2005
Maharashtra,DHULE,Cotton(lint),2006-07,Kharif,83500.0,Hectare,124000.0,Bales,1485.0299401197603,Madhya Maharashtra,2006
Maharashtra,GADCHIROLI,Cotton(lint),2004-05,Kharif,100.0,Hectare,100.0,Bales,1000.0,Vidarbha,2004
Maharashtra,GADCHIROLI,Cotton(lint),2005-06,Kharif,100.0,Hectare,100.0,Bales,1000.0,Vidarbha,2005
Maharashtra,GADCHIROLI,Cotton(lint),2006-07,Kharif,200.0,Hectare,300.0,Bales,1500.0,Vidarbha,2006
Maharashtra,HINGOLI,Cotton(lint),2004-05,Kharif,71300.0,Hectare,65700.0,Bales,921.4586255259468,Matathwada,2004
Maharashtra,HINGOLI,Cotton(lint),2005-06,Kharif,54300.0,Hectare,72200.0,Bales,1329.6500920810313,Matathwada,2005
Maharashtra,HINGOLI,Cotton(lint),2006-07,Kharif,61900.0,Hectare,128900.0,Bales,2082.3909531502427,Matathwada,2006
Maharashtra,JALGAON,Cotton(lint),2004-05,Kharif,396100.0,Hectare,616600.0,Bales,1556.6776066649836,Madhya Maharashtra,2004
Maharashtra,JALGAON,Cotton(lint),2005-06,Kharif,393400.0,Hectare,604200.0,Bales,1535.841382816472,Madhya Maharashtra,2005
Maharashtra,JALGAON,Cotton(lint),2006-07,Kharif,420500.0,Hectare,804200.0,Bales,1912.4851367419735,Madhya Maharashtra,2006
Maharashtra,JALNA,Cotton(lint),2004-05,Kharif,174000.0,Hectare,206500.0,Bales,1186.781609195402,Matathwada,2004
Maharashtra,JALNA,Cotton(lint),2005-06,Kharif,216100.0,Hectare,270400.0,Bales,1251.2725590004627,Matathwada,2005
Maharashtra,JALNA,Cotton(lint),2006-07,Kharif,233300.0,Hectare,514700.0,Bales,2206.172310330047,Matathwada,2006
Maharashtra,KOLHAPUR,Cotton(lint),2004-05,Kharif,100.0,Hectare,100.0,Bales,1000.0,Madhya Maharashtra,2004
Maharashtra,KOLHAPUR,Cotton(lint),2005-06,Kharif,100.0,Hectare,100.0,Bales,1000.0,Madhya Maharashtra,2005
Maharashtra,KOLHAPUR,Cotton(lint),2006-07,Kharif,100.0,Hectare,200.0,Bales,2000.0,Madhya Maharashtra,2006
Maharashtra,LATUR,Cotton(lint),2004-05,Kharif,7000.0,Hectare,6700.0,Bales,957.1428571428572,Matathwada,2004
Maharashtra,LATUR,Cotton(lint),2005-06,Kharif,3400.0,Hectare,3400.0,Bales,1000.0,Matathwada,2005
Maharashtra,LATUR,Cotton(lint),2006-07,Kharif,2600.0,Hectare,2500.0,Bales,961.5384615384615,Matathwada,2006
Maharashtra,NAGPUR,Cotton(lint),2004-05,Kharif,75300.0,Hectare,104300.0,Bales,1385.1261620185924,Vidarbha,2004
Maharashtra,NAGPUR,Cotton(lint),2005-06,Kharif,73300.0,Hectare,98800.0,Bales,1347.8854024556617,Vidarbha,2005
Maharashtra,NAGPUR,Cotton(lint),2006-07,Kharif,67500.0,Hectare,84000.0,Bales,1244.4444444444446,Vidarbha,2006
Maharashtra,NANDED,Cotton(lint),2004-05,Kharif,233200.0,Hectare,194900.0,Bales,835.7632933104632,Matathwada,2004
Maharashtra,NANDED,Cotton(lint),2005-06,Kharif,227800.0,Hectare,129200.0,Bales,567.1641791044776,Matathwada,2005
Maharashtra,NANDED,Cotton(lint),2006-07,Kharif,215700.0,Hectare,129400.0,Bales,599.9072786277236,Matathwada,2006
Maharashtra,NANDURBAR,Cotton(lint),2004-05,Kharif,38100.0,Hectare,34400.0,Bales,902.8871391076117,Madhya Maharashtra,2004
Maharashtra,NANDURBAR,Cotton(lint),2005-06,Kharif,34900.0,Hectare,50400.0,Bales,1444.126074498567,Madhya Maharashtra,2005
Maharashtra,NANDURBAR,Cotton(lint),2006-07,Kharif,34700.0,Hectare,31300.0,Bales,902.0172910662824,Madhya Maharashtra,2006
Maharashtra,NASHIK,Cotton(lint),2004-05,Kharif,14100.0,Hectare,20000.0,Bales,1418.4397163120568,Madhya Maharashtra,2004
Maharashtra,NASHIK,Cotton(lint),2005-06,Kharif,17400.0,Hectare,34600.0,Bales,1988.505747126437,Madhya Maharashtra,2005
Maharashtra,NASHIK,Cotton(lint),2006-07,Kharif,34300.0,Hectare,49000.00000000001,Bales,1428.571428571429,Madhya Maharashtra,2006
Maharashtra,OSMANABAD,Cotton(lint),2004-05,Kharif,5700.0,Hectare,5300.0,Bales,929.8245614035088,Matathwada,2004
Maharashtra,OSMANABAD,Cotton(lint),2005-06,Kharif,4500.0,Hectare,5600.0,Bales,1244.4444444444446,Matathwada,2005
Maharashtra,OSMANABAD,Cotton(lint),2006-07,Kharif,5100.0,Hectare,4900.0,Bales,960.7843137254903,Matathwada,2006
Maharashtra,PARBHANI,Cotton(lint),2004-05,Kharif,198000.0,Hectare,172700.0,Bales,872.2222222222223,Matathwada,2004
Maharashtra,PARBHANI,Cotton(lint),2005-06,Kharif,185000.0,Hectare,221600.0,Bales,1197.837837837838,Matathwada,2005
Maharashtra,PARBHANI,Cotton(lint),2006-07,Kharif,194700.0,Hectare,298800.0,Bales,1534.668721109399,Matathwada,2006
Maharashtra,PUNE,Cotton(lint),2004-05,Kharif,100.0,Hectare,200.0,Bales,2000.0,Madhya Maharashtra,2004
Maharashtra,PUNE,Cotton(lint),2005-06,Kharif,100.0,Hectare,300.0,Bales,3000.0,Madhya Maharashtra,2005
Maharashtra,PUNE,Cotton(lint),2006-07,Kharif,100.0,Hectare,200.0,Bales,2000.0,Madhya Maharashtra,2006
Maharashtra,SANGLI,Cotton(lint),2005-06,Kharif,2700.0,Hectare,2400.0,Bales,888.8888888888888,Madhya Maharashtra,2005
Maharashtra,SANGLI,Cotton(lint),2006-07,Kharif,1600.0,Hectare,1900.0,Bales,1187.5,Madhya Maharashtra,2006
Maharashtra,SATARA,Cotton(lint),2004-05,Kharif,600.0,Hectare,600.0,Bales,1000.0,Madhya Maharashtra,2004
Maharashtra,SATARA,Cotton(lint),2005-06,Kharif,4700.0,Hectare,4300.0,Bales,914.8936170212766,Madhya Maharashtra,2005
Maharashtra,SATARA,Cotton(lint),2006-07,Kharif,4000.0,Hectare,4400.0,Bales,1100.0,Madhya Maharashtra,2006
Maharashtra,SOLAPUR,Cotton(lint),2004-05,Kharif,1000.0,Hectare,1900.0,Bales,1900.0,Madhya Maharashtra,2004
Maharashtra,SOLAPUR,Cotton(lint),2005-06,Kharif,800.0,Hectare,1300.0,Bales,1625.0,Madhya Maharashtra,2005
Maharashtra,SOLAPUR,Cotton(lint),2006-07,Kharif,900.0,Hectare,1500.0,Bales,1666.6666666666667,Madhya Maharashtra,2006
Maharashtra,WARDHA,Cotton(lint),2004-05,Kharif,99800.0,Hectare,128800.0,Bales,1290.5811623246493,Vidarbha,2004
Maharashtra,WARDHA,Cotton(lint),2005-06,Kharif,80100.0,Hectare,87700.0,Bales,1094.8813982521847,Vidarbha,2005
Maharashtra,WARDHA,Cotton(lint),2006-07,Kharif,83900.0,Hectare,111900.0,Bales,1333.73063170441,Vidarbha,2006
Maharashtra,WASHIM,Cotton(lint),2004-05,Kharif,67800.0,Hectare,48600.0,Bales,716.8141592920354,Vidarbha,2004
Maharashtra,WASHIM,Cotton(lint),2005-06,Kharif,66800.0,Hectare,69700.0,Bales,1043.4131736526947,Vidarbha,2005
Maharashtra,WASHIM,Cotton(lint),2006-07,Kharif,62200.0,Hectare,62900.0,Bales,1011.2540192926045,Vidarbha,2006
Maharashtra,YAVATMAL,Cotton(lint),2004-05,Kharif,332800.0,Hectare,286300.0,Bales,860.2764423076923,Vidarbha,2004
Maharashtra,YAVATMAL,Cotton(lint),2005-06,Kharif,324000.0,Hectare,281500.0,Bales,868.8271604938271,Vidarbha,2005
Maharashtra,YAVATMAL,Cotton(lint),2006-07,Kharif,413500.0,Hectare,492200.0,Bales,1190.3264812575574,Vidarbha,2006
Maharashtra,AHMEDNAGAR,Cotton(lint),2007-08,Kharif,40000.0,Hectare,82100.0,Bales,2052.5,Madhya Maharashtra,2007
Maharashtra,AHMEDNAGAR,Cotton(lint),2008-09,Kharif,59300.0,Hectare,93300.0,Bales,1573.3558178752107,Madhya Maharashtra,2008
Maharashtra,AHMEDNAGAR,Cotton(lint),2009-10,Kharif,82700.0,Hectare,125100.0,Bales,1512.6964933494557,Madhya Maharashtra,2009
Maharashtra,AKOLA,Cotton(lint),2007-08,Kharif,188600.0,Hectare,370700.0,Bales,1965.535524920467,Vidarbha,2007
Maharashtra,AKOLA,Cotton(lint),2008-09,Kharif,168300.0,Hectare,289000.0,Bales,1717.171717171717,Vidarbha,2008
Maharashtra,AKOLA,Cotton(lint),2009-10,Kharif,163300.0,Hectare,277100.0,Bales,1696.8769136558478,Vidarbha,2009
Maharashtra,AMRAVATI,Cotton(lint),2007-08,Kharif,175400.0,Hectare,353100.0,Bales,2013.1128848346643,Vidarbha,2007
Maharashtra,AMRAVATI,Cotton(lint),2008-09,Kharif,116100.0,Hectare,185000.0,Bales,1593.4539190353144,Vidarbha,2008
Maharashtra,AMRAVATI,Cotton(lint),2009-10,Kharif,179400.0,Hectare,309200.0,Bales,1723.5228539576367,Vidarbha,2009
Maharashtra,AURANGABAD,Cotton(lint),2007-08,Kharif,306100.0,Hectare,689800.0,Bales,2253.5119242077753,Matathwada,2007
Maharashtra,AURANGABAD,Cotton(lint),2008-09,Kharif,251700.0,Hectare,403500.0,Bales,1603.098927294398,Matathwada,2008
Maharashtra,AURANGABAD,Cotton(lint),2009-10,Kharif,281400.0,Hectare,510600.0,Bales,1814.4989339019191,Matathwada,2009
Maharashtra,BEED,Cotton(lint),2007-08,Kharif,188200.0,Hectare,288800.0,Bales,1534.537725823592,Matathwada,2007
Maharashtra,BEED,Cotton(lint),2008-09,Kharif,205200.0,Hectare,208400.0,Bales,1015.5945419103314,Matathwada,2008
Maharashtra,BEED,Cotton(lint),2009-10,Kharif,222800.0,Hectare,299600.0,Bales,1344.7037701974864,Matathwada,2009
Maharashtra,BULDHANA,Cotton(lint),2007-08,Kharif,249200.0,Hectare,554900.0,Bales,2226.725521669342,Vidarbha,2007
Maharashtra,BULDHANA,Cotton(lint),2008-09,Kharif,247600.0,Hectare,422400.0,Bales,1705.9773828756056,Vidarbha,2008
Maharashtra,BULDHANA,Cotton(lint),2009-10,Kharif,239400.0,Hectare,374600.0,Bales,1564.7451963241438,Vidarbha,2009
Maharashtra,CHANDRAPUR,Cotton(lint),2007-08,Kharif,50000.0,Hectare,104200.0,Bales,2084.0,Vidarbha,2007
Maharashtra,CHANDRAPUR,Cotton(lint),2008-09,Kharif,48800.0,Hectare,81400.0,Bales,1668.0327868852457,Vidarbha,2008
Maharashtra,CHANDRAPUR,Cotton(lint),2009-10,Kharif,54200.0,Hectare,77500.0,Bales,1429.889298892989,Vidarbha,2009
Maharashtra,DHULE,Cotton(lint),2007-08,Kharif,115100.0,Hectare,252300.0,Bales,2192.006950477845,Madhya Maharashtra,2007
Maharashtra,DHULE,Cotton(lint),2008-09,Kharif,110700.0,Hectare,73100.0,Bales,660.3432700993677,Madhya Maharashtra,2008
Maharashtra,DHULE,Cotton(lint),2009-10,Kharif,129300.0,Hectare,197700.0,Bales,1529.002320185615,Madhya Maharashtra,2009
Maharashtra,GADCHIROLI,Cotton(lint),2007-08,Kharif,500.0,Hectare,900.0,Bales,1800.0,Vidarbha,2007
Maharashtra,GADCHIROLI,Cotton(lint),2008-09,Kharif,600.0,Hectare,800.0,Bales,1333.3333333333333,Vidarbha,2008
Maharashtra,GADCHIROLI,Cotton(lint),2009-10,Kharif,2600.0,Hectare,3500.0,Bales,1346.1538461538464,Vidarbha,2009
Maharashtra,HINGOLI,Cotton(lint),2008-09,Kharif,105700.0,Hectare,185300.0,Bales,1753.0747398297067,Matathwada,2008
Maharashtra,HINGOLI,Cotton(lint),2009-10,Kharif,97000.0,Hectare,157900.0,Bales,1627.8350515463915,Matathwada,2009
Maharashtra,JALGAON,Cotton(lint),2007-08,Kharif,416000.0,Hectare,948500.0,Bales,2280.048076923077,Madhya Maharashtra,2007
Maharashtra,JALGAON,Cotton(lint),2008-09,Kharif,434600.0,Hectare,780100.0,Bales,1794.9838932351588,Madhya Maharashtra,2008
Maharashtra,JALGAON,Cotton(lint),2009-10,Kharif,413600.0,Hectare,685100.0,Bales,1656.4313346228241,Madhya Maharashtra,2009
Maharashtra,JALNA,Cotton(lint),2007-08,Kharif,267500.0,Hectare,649100.0,Bales,2426.542056074766,Matathwada,2007
Maharashtra,JALNA,Cotton(lint),2008-09,Kharif,285900.0,Hectare,418300.0,Bales,1463.0989856593214,Matathwada,2008
Maharashtra,JALNA,Cotton(lint),2009-10,Kharif,290700.0,Hectare,503100.0,Bales,1730.6501547987616,Matathwada,2009
Maharashtra,KOLHAPUR,Cotton(lint),2007-08,Kharif,100.0,Hectare,100.0,Bales,1000.0,Madhya Maharashtra,2007
Maharashtra,KOLHAPUR,Cotton(lint),2008-09,Kharif,100.0,Hectare,200.0,Bales,2000.0,Madhya Maharashtra,2008
Maharashtra,KOLHAPUR,Cotton(lint),2009-10,Kharif,100.0,Hectare,100.0,Bales,1000.0,Madhya Maharashtra,2009
Maharashtra,LATUR,Cotton(lint),2007-08,Kharif,1800.0,Hectare,2700.0,Bales,1500.0,Matathwada,2007
Maharashtra,LATUR,Cotton(lint),2008-09,Kharif,2700.0,Hectare,4700.0,Bales,1740.7407407407406,Matathwada,2008
Maharashtra,LATUR,Cotton(lint),2009-10,Kharif,3200.0,Hectare,6000.0,Bales,1875.0,Matathwada,2009
Maharashtra,NAGPUR,Cotton(lint),2007-08,Kharif,63100.0,Hectare,106600.0,Bales,1689.3819334389857,Vidarbha,2007
Maharashtra,NAGPUR,Cotton(lint),2008-09,Kharif,44300.0,Hectare,63500.0,Bales,1433.4085778781039,Vidarbha,2008
Maharashtra,NAGPUR,Cotton(lint),2009-10,Kharif,63600.0,Hectare,89000.0,Bales,1399.3710691823899,Vidarbha,2009
Maharashtra,NANDED,Cotton(lint),2007-08,Kharif,207800.0,Hectare,273000.0,Bales,1313.7632338787296,Matathwada,2007
Maharashtra,NANDED,Cotton(lint),2008-09,Kharif,269300.0,Hectare,191300.0,Bales,710.3601930932047,Matathwada,2008
Maharashtra,NANDED,Cotton(lint),2009-10,Kharif,257400.0,Hectare,197200.0,Bales,766.122766122766,Matathwada,2009
Maharashtra,NANDURBAR,Cotton(lint),2007-08,Kharif,46100.0,Hectare,107600.0,Bales,2334.056399132321,Madhya Maharashtra,2007
Maharashtra,NANDURBAR,Cotton(lint),2008-09,Kharif,56900.0,Hectare,107600.0,Bales,1891.03690685413,Madhya Maharashtra,2008
Maharashtra,NANDURBAR,Cotton(lint),2009-10,Kharif,54500.0,Hectare,107500.0,Bales,1972.4770642201836,Madhya Maharashtra,2009
Maharashtra,NASHIK,Cotton(lint),2007-08,Kharif,39300.0,Hectare,76100.0,Bales,1936.386768447837,Madhya Maharashtra,2007
Maharashtra,NASHIK,Cotton(lint),2008-09,Kharif,28000.0,Hectare,36300.0,Bales,1296.4285714285718,Madhya Maharashtra,2008
Maharashtra,NASHIK,Cotton(lint),2009-10,Kharif,46400.0,Hectare,69200.0,Bales,1491.3793103448277,Madhya Maharashtra,2009
Maharashtra,OSMANABAD,Cotton(lint),2007-08,Kharif,3800.0,Hectare,5600.0,Bales,1473.6842105263156,Matathwada,2007
Maharashtra,OSMANABAD,Cotton(lint),2008-09,Kharif,2400.0,Hectare,2700.0,Bales,1125.0,Matathwada,2008
Maharashtra,OSMANABAD,Cotton(lint),2009-10,Kharif,4200.0,Hectare,5700.0,Bales,1357.142857142857,Matathwada,2009
Maharashtra,PARBHANI,Cotton(lint),2007-08,Kharif,198100.0,Hectare,544500.0,Bales,2748.611812216053,Matathwada,2007
Maharashtra,PARBHANI,Cotton(lint),2008-09,Kharif,204400.0,Hectare,361000.0,Bales,1766.1448140900195,Matathwada,2008
Maharashtra,PARBHANI,Cotton(lint),2009-10,Kharif,217700.0,Hectare,343800.0,Bales,1579.2374827744602,Matathwada,2009
Maharashtra,PUNE,Cotton(lint),2007-08,Kharif,100.0,Hectare,200.0,Bales,2000.0,Madhya Maharashtra,2007
Maharashtra,PUNE,Cotton(lint),2008-09,Kharif,100.0,Hectare,300.0,Bales,3000.0,Madhya Maharashtra,2008
Maharashtra,SANGLI,Cotton(lint),2007-08,Kharif,1900.0,Hectare,6300.0,Bales,3315.7894736842104,Madhya Maharashtra,2007
Maharashtra,SANGLI,Cotton(lint),2008-09,Kharif,1500.0,Hectare,1600.0,Bales,1066.666666666667,Madhya Maharashtra,2008
Maharashtra,SANGLI,Cotton(lint),2009-10,Kharif,2500.0,Hectare,1800.0,Bales,720.0,Madhya Maharashtra,2009
Maharashtra,SATARA,Cotton(lint),2008-09,Kharif,1400.0,Hectare,1500.0,Bales,1071.4285714285713,Madhya Maharashtra,2008
Maharashtra,SATARA,Cotton(lint),2009-10,Kharif,1600.0,Hectare,1100.0,Bales,687.5,Madhya Maharashtra,2009
Maharashtra,SOLAPUR,Cotton(lint),2007-08,Kharif,1100.0,Hectare,3000.0,Bales,2727.272727272727,Madhya Maharashtra,2007
Maharashtra,SOLAPUR,Cotton(lint),2008-09,Kharif,100.0,Hectare,200.0,Bales,2000.0,Madhya Maharashtra,2008
Maharashtra,SOLAPUR,Cotton(lint),2009-10,Kharif,1400.0,Hectare,2400.0,Bales,1714.2857142857142,Madhya Maharashtra,2009
Maharashtra,WARDHA,Cotton(lint),2007-08,Kharif,80700.0,Hectare,155100.0,Bales,1921.9330855018588,Vidarbha,2007
Maharashtra,WARDHA,Cotton(lint),2008-09,Kharif,68500.0,Hectare,83800.0,Bales,1223.3576642335765,Vidarbha,2008
Maharashtra,WARDHA,Cotton(lint),2009-10,Kharif,145400.0,Hectare,198900.0,Bales,1367.9504814305362,Vidarbha,2009
Maharashtra,WASHIM,Cotton(lint),2007-08,Kharif,60300.0,Hectare,149200.0,Bales,2474.295190713101,Vidarbha,2007
Maharashtra,WASHIM,Cotton(lint),2008-09,Kharif,52400.0,Hectare,45200.0,Bales,862.5954198473282,Vidarbha,2008
Maharashtra,WASHIM,Cotton(lint),2009-10,Kharif,45000.0,Hectare,60900.0,Bales,1353.3333333333333,Vidarbha,2009
Maharashtra,YAVATMAL,Cotton(lint),2007-08,Kharif,416500.0,Hectare,1008600.0,Bales,2421.608643457383,Vidarbha,2007
Maharashtra,YAVATMAL,Cotton(lint),2008-09,Kharif,379400.0,Hectare,711800.0,Bales,1876.1201897733265,Vidarbha,2008
Maharashtra,YAVATMAL,Cotton(lint),2009-10,Kharif,392100.0,Hectare,506600.0,Bales,1292.0173425146645,Vidarbha,2009
Maharashtra,AHMEDNAGAR,Cotton(lint),2010-11,Kharif,101700.0,Hectare,221100.0,Bales,2174.041297935103,Madhya Maharashtra,2010
Maharashtra,AHMEDNAGAR,Cotton(lint),2011-12,Kharif,112000.0,Hectare,238100.0,Bales,2125.892857142857,Madhya Maharashtra,2011
Maharashtra,AHMEDNAGAR,Cotton(lint),2012-13,Kharif,96200.0,Hectare,88100.0,Bales,915.8004158004159,Madhya Maharashtra,2012
Maharashtra,AKOLA,Cotton(lint),2010-11,Kharif,167800.0,Hectare,268900.0,Bales,1602.502979737783,Vidarbha,2010
Maharashtra,AKOLA,Cotton(lint),2011-12,Kharif,169400.0,Hectare,259300.0,Bales,1530.6965761511215,Vidarbha,2011
Maharashtra,AKOLA,Cotton(lint),2012-13,Kharif,169400.0,Hectare,324000.0,Bales,1912.6328217237308,Vidarbha,2012
Maharashtra,AMRAVATI,Cotton(lint),2010-11,Kharif,204300.0,Hectare,336200.0,Bales,1645.6191874694075,Vidarbha,2010
Maharashtra,AMRAVATI,Cotton(lint),2011-12,Kharif,187400.0,Hectare,270200.0,Bales,1441.8356456776949,Vidarbha,2011
Maharashtra,AMRAVATI,Cotton(lint),2012-13,Kharif,191300.0,Hectare,611500.0,Bales,3196.549921589127,Vidarbha,2012
Maharashtra,AURANGABAD,Cotton(lint),2010-11,Kharif,332900.0,Hectare,879200.0,Bales,2641.03334334635,Matathwada,2010
Maharashtra,AURANGABAD,Cotton(lint),2011-12,Kharif,379300.0,Hectare,696500.0,Bales,1836.2773530187185,Matathwada,2011
Maharashtra,AURANGABAD,Cotton(lint),2012-13,Kharif,379300.0,Hectare,378400.0,Bales,997.627208014764,Matathwada,2012
Maharashtra,BEED,Cotton(lint),2010-11,Kharif,276800.0,Hectare,422200.0,Bales,1525.2890173410406,Matathwada,2010
Maharashtra,BEED,Cotton(lint),2011-12,Kharif,329000.0,Hectare,418900.0,Bales,1273.2522796352582,Matathwada,2011
Maharashtra,BEED,Cotton(lint),2012-13,Kharif,329000.0,Hectare,341000.0,Bales,1036.4741641337384,Matathwada,2012
Maharashtra,BULDHANA,Cotton(lint),2010-11,Kharif,251500.0,Hectare,436100.0,Bales,1733.9960238568588,Vidarbha,2010
Maharashtra,BULDHANA,Cotton(lint),2011-12,Kharif,256900.0,Hectare,321700.0,Bales,1252.2382249902687,Vidarbha,2011
Maharashtra,BULDHANA,Cotton(lint),2012-13,Kharif,253900.0,Hectare,346100.0,Bales,1363.1350925561244,Vidarbha,2012
Maharashtra,CHANDRAPUR,Cotton(lint),2010-11,Kharif,93300.0,Hectare,126300.0,Bales,1353.6977491961416,Vidarbha,2010
Maharashtra,CHANDRAPUR,Cotton(lint),2011-12,Kharif,100000.0,Hectare,158900.0,Bales,1589.0,Vidarbha,2011
Maharashtra,CHANDRAPUR,Cotton(lint),2012-13,Kharif,107700.0,Hectare,269900.0,Bales,2506.0352831940577,Vidarbha,2012
Maharashtra,DHULE,Cotton(lint),2010-11,Kharif,133100.0,Hectare,335900.0,Bales,2523.6664162284,Madhya Maharashtra,2010
Maharashtra,DHULE,Cotton(lint),2011-12,Kharif,156200.0,Hectare,270100.0,Bales,1729.1933418693982,Madhya Maharashtra,2011
Maharashtra,DHULE,Cotton(lint),2012-13,Kharif,160500.0,Hectare,260200.0,Bales,1621.183800623053,Madhya Maharashtra,2012
Maharashtra,GADCHIROLI,Cotton(lint),2010-11,Kharif,2800.0,Hectare,4300.0,Bales,1535.7142857142858,Vidarbha,2010
Maharashtra,GADCHIROLI,Cotton(lint),2011-12,Kharif,4200.0,Hectare,7000.0,Bales,1666.6666666666667,Vidarbha,2011
Maharashtra,GADCHIROLI,Cotton(lint),2012-13,Kharif,5100.0,Hectare,9900.0,Bales,1941.1764705882356,Vidarbha,2012
Maharashtra,HINGOLI,Cotton(lint),2010-11,Kharif,81900.0,Hectare,133300.0,Bales,1627.5946275946276,Matathwada,2010
Maharashtra,HINGOLI,Cotton(lint),2011-12,Kharif,89600.0,Hectare,143400.0,Bales,1600.4464285714287,Matathwada,2011
Maharashtra,HINGOLI,Cotton(lint),2012-13,Kharif,100900.0,Hectare,242100.0,Bales,2399.4053518334986,Matathwada,2012
Maharashtra,JALGAON,Cotton(lint),2010-11,Kharif,509700.0,Hectare,1097100.0,Bales,2152.4426133019424,Madhya Maharashtra,2010
Maharashtra,JALGAON,Cotton(lint),2011-12,Kharif,548600.0,Hectare,1040400.0,Bales,1896.463725847612,Madhya Maharashtra,2011
Maharashtra,JALGAON,Cotton(lint),2012-13,Kharif,558800.0,Hectare,853300.0,Bales,1527.0221904080172,Madhya Maharashtra,2012
Maharashtra,JALNA,Cotton(lint),2010-11,Kharif,303300.0,Hectare,776600.0,Bales,2560.501153972964,Matathwada,2010
Maharashtra,JALNA,Cotton(lint),2011-12,Kharif,306900.0,Hectare,527100.0,Bales,1717.4975562072336,Matathwada,2011
Maharashtra,JALNA,Cotton(lint),2012-13,Kharif,289000.0,Hectare,190200.0,Bales,658.1314878892733,Matathwada,2012
Maharashtra,KOLHAPUR,Cotton(lint),2010-11,Kharif,100.0,Hectare,200.0,Bales,2000.0,Madhya Maharashtra,2010
Maharashtra,LATUR,Cotton(lint),2010-11,Kharif,3400.0,Hectare,8000.0,Bales,2352.9411764705883,Matathwada,2010
Maharashtra,LATUR,Cotton(lint),2011-12,Kharif,4900.0,Hectare,13600.0,Bales,2775.5102040816328,Matathwada,2011
Maharashtra,LATUR,Cotton(lint),2012-13,Kharif,5500.0,Hectare,17800.0,Bales,3236.3636363636365,Matathwada,2012
Maharashtra,NAGPUR,Cotton(lint),2010-11,Kharif,80800.0,Hectare,126000.0,Bales,1559.4059405940598,Vidarbha,2010
Maharashtra,NAGPUR,Cotton(lint),2011-12,Kharif,102100.0,Hectare,141800.0,Bales,1388.8344760039174,Vidarbha,2011
Maharashtra,NAGPUR,Cotton(lint),2012-13,Kharif,89400.0,Hectare,176700.0,Bales,1976.510067114094,Vidarbha,2012
Maharashtra,NANDED,Cotton(lint),2010-11,Kharif,302100.0,Hectare,462200.0,Bales,1529.956967891427,Matathwada,2010
Maharashtra,NANDED,Cotton(lint),2011-12,Kharif,326600.0,Hectare,520900.0,Bales,1594.9173300673606,Matathwada,2011
Maharashtra,NANDED,Cotton(lint),2012-13,Kharif,326600.0,Hectare,527200.0,Bales,1614.206981016534,Matathwada,2012
Maharashtra,NANDURBAR,Cotton(lint),2010-11,Kharif,56000.0,Hectare,116600.0,Bales,2082.1428571428573,Madhya Maharashtra,2010
Maharashtra,NANDURBAR,Cotton(lint),2011-12,Kharif,57200.0,Hectare,81300.0,Bales,1421.3286713286711,Madhya Maharashtra,2011
Maharashtra,NANDURBAR,Cotton(lint),2012-13,Kharif,79200.0,Hectare,96500.0,Bales,1218.4343434343434,Madhya Maharashtra,2012
Maharashtra,NASHIK,Cotton(lint),2010-11,Kharif,50500.0,Hectare,100600.0,Bales,1992.079207920792,Madhya Maharashtra,2010
Maharashtra,NASHIK,Cotton(lint),2011-12,Kharif,47000.0,Hectare,96500.0,Bales,2053.191489361702,Madhya Maharashtra,2011
Maharashtra,NASHIK,Cotton(lint),2012-13,Kharif,45700.0,Hectare,76700.0,Bales,1678.3369803063456,Madhya Maharashtra,2012
Maharashtra,OSMANABAD,Cotton(lint),2010-11,Kharif,18200.0,Hectare,38700.0,Bales,2126.3736263736264,Matathwada,2010
Maharashtra,OSMANABAD,Cotton(lint),2011-12,Kharif,20500.0,Hectare,37600.0,Bales,1834.1463414634147,Matathwada,2011
Maharashtra,OSMANABAD,Cotton(lint),2012-13,Kharif,26000.0,Hectare,30400.0,Bales,1169.2307692307693,Matathwada,2012
Maharashtra,PARBHANI,Cotton(lint),2010-11,Kharif,232400.0,Hectare,404800.0,Bales,1741.8244406196213,Matathwada,2010
Maharashtra,PARBHANI,Cotton(lint),2011-12,Kharif,240500.0,Hectare,413400.0,Bales,1718.918918918919,Matathwada,2011
Maharashtra,PARBHANI,Cotton(lint),2012-13,Kharif,273600.0,Hectare,548000.0,Bales,2002.9239766081873,Matathwada,2012
Maharashtra,SANGLI,Cotton(lint),2010-11,Kharif,3500.0,Hectare,4100.0,Bales,1171.4285714285718,Madhya Maharashtra,2010
Maharashtra,SANGLI,Cotton(lint),2011-12,Kharif,3000.0,Hectare,5200.0,Bales,1733.3333333333335,Madhya Maharashtra,2011
Maharashtra,SATARA,Cotton(lint),2010-11,Kharif,1600.0,Hectare,1300.0,Bales,812.5,Madhya Maharashtra,2010
Maharashtra,SATARA,Cotton(lint),2011-12,Kharif,1000.0,Hectare,1700.0,Bales,1700.0,Madhya Maharashtra,2011
Maharashtra,SATARA,Cotton(lint),2012-13,Kharif,100.0,Hectare,300.0,Bales,3000.0,Madhya Maharashtra,2012
Maharashtra,SOLAPUR,Cotton(lint),2010-11,Kharif,1800.0,Hectare,5200.0,Bales,2888.8888888888887,Madhya Maharashtra,2010
Maharashtra,SOLAPUR,Cotton(lint),2011-12,Kharif,900.0,Hectare,2400.0,Bales,2666.6666666666665,Madhya Maharashtra,2011
Maharashtra,WARDHA,Cotton(lint),2010-11,Kharif,190600.0,Hectare,263000.0,Bales,1379.853095487933,Vidarbha,2010
Maharashtra,WARDHA,Cotton(lint),2011-12,Kharif,178400.0,Hectare,336700.0,Bales,1887.3318385650225,Vidarbha,2011
Maharashtra,WARDHA,Cotton(lint),2012-13,Kharif,172400.0,Hectare,324900.0,Bales,1884.5707656612528,Vidarbha,2012
Maharashtra,WASHIM,Cotton(lint),2010-11,Kharif,62000.0,Hectare,128700.0,Bales,2075.806451612903,Vidarbha,2010
Maharashtra,WASHIM,Cotton(lint),2011-12,Kharif,64000.0,Hectare,103900.0,Bales,1623.4375,Vidarbha,2011
Maharashtra,WASHIM,Cotton(lint),2012-13,Kharif,56700.0,Hectare,88000.0,Bales,1552.0282186948853,Vidarbha,2012
Maharashtra,YAVATMAL,Cotton(lint),2010-11,Kharif,479800.0,Hectare,775900.0,Bales,1617.1321383909963,Vidarbha,2010
Maharashtra,YAVATMAL,Cotton(lint),2011-12,Kharif,481100.0,Hectare,713500.0,Bales,1483.059654957389,Vidarbha,2011
Maharashtra,YAVATMAL,Cotton(lint),2012-13,Kharif,467600.0,Hectare,981400.0,Bales,2098.8023952095805,Vidarbha,2012
Maharashtra,AHMEDNAGAR,Cotton(lint),2013-14,Kharif,104700.0,Hectare,222400.0,Bales,2124.1642788920726,Madhya Maharashtra,2013
Maharashtra,AHMEDNAGAR,Cotton(lint),2014-15,Kharif,102600.0,Hectare,96700.0,Bales,942.4951267056531,Madhya Maharashtra,2014
Maharashtra,AKOLA,Cotton(lint),2013-14,Kharif,147300.0,Hectare,343600.0,Bales,2332.6544467074,Vidarbha,2013
Maharashtra,AKOLA,Cotton(lint),2014-15,Kharif,147000.0,Hectare,122600.0,Bales,834.0136054421769,Vidarbha,2014
Maharashtra,AKOLA,Cotton(lint),2015-16,Kharif,142900.0,Hectare,194900.0,Bales,1363.890832750175,Vidarbha,2015
Maharashtra,AMRAVATI,Cotton(lint),2014-15,Kharif,196500.0,Hectare,196200.0,Bales,998.473282442748,Vidarbha,2014
Maharashtra,AMRAVATI,Cotton(lint),2015-16,Kharif,200000.0,Hectare,417000.0,Bales,2085.0,Vidarbha,2015
Maharashtra,AURANGABAD,Cotton(lint),2013-14,Kharif,422600.0,Hectare,1036100.0,Bales,2451.727401798391,Matathwada,2013
Maharashtra,AURANGABAD,Cotton(lint),2014-15,Kharif,422600.0,Hectare,244300.0,Bales,578.0880265026029,Matathwada,2014
Maharashtra,AURANGABAD,Cotton(lint),2015-16,Kharif,458000.0,Hectare,271300.0,Bales,592.3580786026201,Matathwada,2015
Maharashtra,BEED,Cotton(lint),2013-14,Kharif,338600.0,Hectare,546400.0,Bales,1613.7034849379802,Matathwada,2013
Maharashtra,BULDHANA,Cotton(lint),2013-14,Kharif,227900.0,Hectare,639600.0,Bales,2806.494076349276,Vidarbha,2013
Maharashtra,BULDHANA,Cotton(lint),2014-15,Kharif,174300.0,Hectare,132500.0,Bales,760.1835915088927,Vidarbha,2014
Maharashtra,BULDHANA,Cotton(lint),2015-16,Kharif,170700.0,Hectare,165800.0,Bales,971.294669009959,Vidarbha,2015
Maharashtra,CHANDRAPUR,Cotton(lint),2013-14,Kharif,107100.0,Hectare,202300.0,Bales,1888.888888888889,Vidarbha,2013
Maharashtra,CHANDRAPUR,Cotton(lint),2014-15,Kharif,123700.0,Hectare,143900.0,Bales,1163.2983023443817,Vidarbha,2014
Maharashtra,CHANDRAPUR,Cotton(lint),2015-16,Kharif,156900.0,Hectare,203200.0,Bales,1295.0924155513067,Vidarbha,2015
Maharashtra,DHULE,Cotton(lint),2013-14,Kharif,173200.0,Hectare,432700.0,Bales,2498.267898383372,Madhya Maharashtra,2013
Maharashtra,DHULE,Cotton(lint),2014-15,Kharif,209900.0,Hectare,258200.0,Bales,1230.1095759885661,Madhya Maharashtra,2014
Maharashtra,DHULE,Cotton(lint),2015-16,Kharif,228100.0,Hectare,232600.0,Bales,1019.728189390618,Madhya Maharashtra,2015
Maharashtra,GADCHIROLI,Cotton(lint),2013-14,Kharif,5300.0,Hectare,8100.0,Bales,1528.301886792453,Vidarbha,2013
Maharashtra,GADCHIROLI,Cotton(lint),2014-15,Kharif,4200.0,Hectare,7600.0,Bales,1809.5238095238092,Vidarbha,2014
Maharashtra,GADCHIROLI,Cotton(lint),2015-16,Kharif,4100.0,Hectare,6900.0,Bales,1682.9268292682925,Vidarbha,2015
Maharashtra,HINGOLI,Cotton(lint),2013-14,Kharif,96000.0,Hectare,192400.0,Bales,2004.166666666667,Matathwada,2013
Maharashtra,HINGOLI,Cotton(lint),2014-15,Kharif,94700.0,Hectare,85400.0,Bales,901.7951425554382,Matathwada,2014
Maharashtra,HINGOLI,Cotton(lint),2015-16,Kharif,84200.0,Hectare,46500.0,Bales,552.2565320665083,Matathwada,2015
Maharashtra,JALGAON,Cotton(lint),2013-14,Kharif,558800.0,Hectare,1504000.0,Bales,2691.4817465998567,Madhya Maharashtra,2013
Maharashtra,JALGAON,Cotton(lint),2014-15,Kharif,471100.0,Hectare,768100.0,Bales,1630.4393971555933,Madhya Maharashtra,2014
Maharashtra,JALGAON,Cotton(lint),2015-16,Kharif,461600.0,Hectare,605900.0,Bales,1312.6083188908146,Madhya Maharashtra,2015
Maharashtra,JALNA,Cotton(lint),2013-14,Kharif,298800.0,Hectare,681400.0,Bales,2280.45515394913,Matathwada,2013
Maharashtra,JALNA,Cotton(lint),2014-15,Kharif,294200.0,Hectare,159100.0,Bales,540.7885791978247,Matathwada,2014
Maharashtra,LATUR,Cotton(lint),2013-14,Kharif,4400.0,Hectare,14200.0,Bales,3227.272727272727,Matathwada,2013
Maharashtra,LATUR,Cotton(lint),2014-15,Kharif,3800.0,Hectare,2700.0,Bales,710.5263157894736,Matathwada,2014
Maharashtra,NAGPUR,Cotton(lint),2013-14,Kharif,92400.0,Hectare,150400.0,Bales,1627.7056277056276,Vidarbha,2013
Maharashtra,NAGPUR,Cotton(lint),2014-15,Kharif,111300.0,Hectare,150200.0,Bales,1349.5058400718779,Vidarbha,2014
Maharashtra,NAGPUR,Cotton(lint),2015-16,Kharif,126400.0,Hectare,161400.0,Bales,1276.8987341772151,Vidarbha,2015
Maharashtra,NANDED,Cotton(lint),2013-14,Kharif,321100.0,Hectare,360900.0,Bales,1123.9489255683588,Matathwada,2013
Maharashtra,NANDED,Cotton(lint),2015-16,Kharif,352700.0,Hectare,240600.0,Bales,682.1661468670258,Matathwada,2015
Maharashtra,NANDURBAR,Cotton(lint),2013-14,Kharif,102200.0,Hectare,149800.0,Bales,1465.7534246575344,Madhya Maharashtra,2013
Maharashtra,NANDURBAR,Cotton(lint),2014-15,Kharif,118600.0,Hectare,101200.0,Bales,853.2883642495784,Madhya Maharashtra,2014
Maharashtra,NANDURBAR,Cotton(lint),2015-16,Kharif,116600.0,Hectare,110600.0,Bales,948.542024013722,Madhya Maharashtra,2015
Maharashtra,NASHIK,Cotton(lint),2013-14,Kharif,46000.0,Hectare,100800.0,Bales,2191.3043478260865,Madhya Maharashtra,2013
Maharashtra,NASHIK,Cotton(lint),2014-15,Kharif,46000.0,Hectare,44700.0,Bales,971.7391304347827,Madhya Maharashtra,2014
Maharashtra,NASHIK,Cotton(lint),2015-16,Kharif,43300.0,Hectare,26900.0,Bales,621.2471131639722,Madhya Maharashtra,2015
Maharashtra,OSMANABAD,Cotton(lint),2013-14,Kharif,29300.0,Hectare,57300.0,Bales,1955.631399317406,Matathwada,2013
Maharashtra,OSMANABAD,Cotton(lint),2014-15,Kharif,29300.0,Hectare,23000.0,Bales,784.9829351535836,Matathwada,2014
Maharashtra,PARBHANI,Cotton(lint),2013-14,Kharif,265900.0,Hectare,559000.0,Bales,2102.294095524633,Matathwada,2013
Maharashtra,PARBHANI,Cotton(lint),2014-15,Kharif,273500.0,Hectare,204800.0,Bales,748.8117001828153,Matathwada,2014
Maharashtra,SANGLI,Cotton(lint),2013-14,Kharif,2800.0,Hectare,6200.0,Bales,2214.285714285714,Madhya Maharashtra,2013
Maharashtra,SANGLI,Cotton(lint),2014-15,Kharif,1400.0,Hectare,1400.0,Bales,1000.0,Madhya Maharashtra,2014
Maharashtra,SATARA,Cotton(lint),2013-14,Kharif,200.0,Hectare,500.0,Bales,2500.0,Madhya Maharashtra,2013
Maharashtra,SATARA,Cotton(lint),2014-15,Kharif,100.0,Hectare,100.0,Bales,1000.0,Madhya Maharashtra,2014
Maharashtra,SOLAPUR,Cotton(lint),2013-14,Kharif,500.0,Hectare,700.0,Bales,1400.0,Madhya Maharashtra,2013
Maharashtra,SOLAPUR,Cotton(lint),2014-15,Kharif,600.0,Hectare,1200.0,Bales,2000.0,Madhya Maharashtra,2014
Maharashtra,SOLAPUR,Cotton(lint),2015-16,Kharif,900.0,Hectare,700.0,Bales,777.7777777777778,Madhya Maharashtra,2015
Maharashtra,WARDHA,Cotton(lint),2013-14,Kharif,176900.0,Hectare,254500.0,Bales,1438.6659129451668,Vidarbha,2013
Maharashtra,WARDHA,Cotton(lint),2014-15,Kharif,207700.0,Hectare,184600.0,Bales,888.781896966779,Vidarbha,2014
Maharashtra,WARDHA,Cotton(lint),2015-16,Kharif,223400.0,Hectare,320900.0,Bales,1436.436884512086,Vidarbha,2015
Maharashtra,WASHIM,Cotton(lint),2013-14,Kharif,34500.0,Hectare,37300.0,Bales,1081.1594202898552,Vidarbha,2013
Maharashtra,WASHIM,Cotton(lint),2014-15,Kharif,20200.0,Hectare,16800.0,Bales,831.6831683168316,Vidarbha,2014
Maharashtra,WASHIM,Cotton(lint),2015-16,Kharif,18700.0,Hectare,19600.0,Bales,1048.1283422459892,Vidarbha,2015
Maharashtra,YAVATMAL,Cotton(lint),2013-14,Kharif,416300.0,Hectare,700400.0,Bales,1682.4405476819602,Vidarbha,2013
Maharashtra,YAVATMAL,Cotton(lint),2014-15,Kharif,421000.0,Hectare,287400.0,Bales,682.6603325415676,Vidarbha,2014
Maharashtra,YAVATMAL,Cotton(lint),2015-16,Kharif,432900.0,Hectare,483400.0,Bales,1116.6551166551167,Vidarbha,2015
Maharashtra,AHMEDNAGAR,Cotton(lint),2016-17,Kharif,132400.0,Hectare,139400.0,Bales,1052.870090634441,Madhya Maharashtra,2016
Maharashtra,AHMEDNAGAR,Cotton(lint),2017-18,Kharif,132800.0,Hectare,220600.0,Bales,1661.144578313253,Madhya Maharashtra,2017
Maharashtra,AKOLA,Cotton(lint),2016-17,Kharif,155100.0,Hectare,442700.0,Bales,2854.287556415216,Vidarbha,2016
Maharashtra,AKOLA,Cotton(lint),2017-18,Kharif,164550.0,Hectare,240400.0,Bales,1460.9541172895777,Vidarbha,2017
Maharashtra,AKOLA,Cotton(lint),2018-19,Kharif,168836.0,Hectare,419575.0,Bales,2485.103887796441,Vidarbha,2018
Maharashtra,AMRAVATI,Cotton(lint),2017-18,Kharif,207457.00000000003,Hectare,380300.0,Bales,1833.1509662243254,Vidarbha,2017
Maharashtra,AMRAVATI,Cotton(lint),2018-19,Kharif,209583.0,Hectare,626027.0,Bales,2987.0123053873644,Vidarbha,2018
Maharashtra,AURANGABAD,Cotton(lint),2016-17,Kharif,506500.0,Hectare,992300.0,Bales,1959.1312931885489,Matathwada,2016
Maharashtra,AURANGABAD,Cotton(lint),2017-18,Kharif,521353.0,Hectare,415200.0,Bales,796.3893945177259,Matathwada,2017
Maharashtra,AURANGABAD,Cotton(lint),2018-19,Kharif,385441.0,Hectare,374332.0,Bales,971.1784682999473,Matathwada,2018
Maharashtra,BEED,Cotton(lint),2016-17,Kharif,341400.0,Hectare,476940.0,Bales,1397.0123022847101,Matathwada,2016
Maharashtra,BEED,Cotton(lint),2017-18,Kharif,348509.0,Hectare,277800.0,Bales,797.1099742043964,Matathwada,2017
Maharashtra,BHANDARA,Cotton(lint),2017-18,Kharif,38.0,Hectare,100.0,Bales,2631.578947368421,Vidarbha,2017
Maharashtra,BHANDARA,Cotton(lint),2018-19,Kharif,4.0,Hectare,10.0,Bales,2500.0,Vidarbha,2018
Maharashtra,BULDHANA,Cotton(lint),2016-17,Kharif,169550.0,Hectare,516600.0,Bales,3046.8888233559423,Vidarbha,2016
Maharashtra,BULDHANA,Cotton(lint),2017-18,Kharif,174539.0,Hectare,180900.0,Bales,1036.4445768567482,Vidarbha,2017
Maharashtra,BULDHANA,Cotton(lint),2018-19,Kharif,177928.0,Hectare,308970.0,Bales,1736.488916865249,Vidarbha,2018
Maharashtra,CHANDRAPUR,Cotton(lint),2017-18,Kharif,165040.0,Hectare,325200.0,Bales,1970.4314105671351,Vidarbha,2017
Maharashtra,CHANDRAPUR,Cotton(lint),2018-19,Kharif,153291.0,Hectare,322452.0,Bales,2103.5285828913634,Vidarbha,2018
Maharashtra,DHULE,Cotton(lint),2016-17,Kharif,196100.0,Hectare,345600.0,Bales,1762.36613972463,Madhya Maharashtra,2016
Maharashtra,DHULE,Cotton(lint),2017-18,Kharif,200400.0,Hectare,379400.0,Bales,1893.2135728542917,Madhya Maharashtra,2017
Maharashtra,DHULE,Cotton(lint),2018-19,Kharif,217874.0,Hectare,210521.0,Bales,966.2511359776752,Madhya Maharashtra,2018
Maharashtra,GADCHIROLI,Cotton(lint),2016-17,Kharif,4900.0,Hectare,14500.0,Bales,2959.183673469388,Vidarbha,2016
Maharashtra,GADCHIROLI,Cotton(lint),2018-19,Kharif,6897.0,Hectare,14772.999999999998,Bales,2141.9457735247206,Vidarbha,2018
Maharashtra,HINGOLI,Cotton(lint),2016-17,Kharif,75000.0,Hectare,157400.0,Bales,2098.6666666666665,Matathwada,2016
Maharashtra,HINGOLI,Cotton(lint),2017-18,Kharif,86974.0,Hectare,134200.0,Bales,1542.9898590383334,Matathwada,2017
Maharashtra,HINGOLI,Cotton(lint),2018-19,Kharif,83681.0,Hectare,163749.0,Bales,1956.8241297307636,Matathwada,2018
Maharashtra,JALGAON,Cotton(lint),2016-17,Kharif,504200.0,Hectare,1462300.0,Bales,2900.238000793336,Madhya Maharashtra,2016
Maharashtra,JALGAON,Cotton(lint),2017-18,Kharif,514300.0,Hectare,834900.0,Bales,1623.3715730118608,Madhya Maharashtra,2017
Maharashtra,JALGAON,Cotton(lint),2018-19,Kharif,503476.0,Hectare,905203.0,Bales,1797.9069508775,Madhya Maharashtra,2018
Maharashtra,JALNA,Cotton(lint),2016-17,Kharif,266400.0,Hectare,698800.0,Bales,2623.1231231231227,Matathwada,2016
Maharashtra,JALNA,Cotton(lint),2017-18,Kharif,279539.0,Hectare,174600.0,Bales,624.5997875072889,Matathwada,2017
Maharashtra,JALNA,Cotton(lint),2018-19,Kharif,302725.0,Hectare,347347.0,Bales,1147.4011066149146,Matathwada,2018
Maharashtra,KOLHAPUR,Cotton(lint),2017-18,Kharif,13.0,Hectare,12.0,Bales,923.0769230769232,Madhya Maharashtra,2017
Maharashtra,LATUR,Cotton(lint),2018-19,Kharif,5861.0,Hectare,4963.0,Bales,846.7838252857874,Matathwada,2018
Maharashtra,NAGPUR,Cotton(lint),2017-18,Kharif,145168.0,Hectare,347600.0,Bales,2394.4671001873694,Vidarbha,2017
Maharashtra,NAGPUR,Cotton(lint),2018-19,Kharif,142626.0,Hectare,324685.0,Bales,2276.478341957287,Vidarbha,2018
Maharashtra,NANDED,Cotton(lint),2016-17,Kharif,364300.0,Hectare,635400.0,Bales,1744.166895415866,Matathwada,2016
Maharashtra,NANDED,Cotton(lint),2017-18,Kharif,299543.0,Hectare,311700.0,Bales,1040.5851580574408,Matathwada,2017
Maharashtra,NANDED,Cotton(lint),2018-19,Kharif,240876.00000000003,Hectare,364857.0,Bales,1514.7088128331586,Matathwada,2018
Maharashtra,NANDURBAR,Cotton(lint),2016-17,Kharif,85500.0,Hectare,152100.0,Bales,1778.9473684210527,Madhya Maharashtra,2016
Maharashtra,NANDURBAR,Cotton(lint),2017-18,Kharif,96600.0,Hectare,192200.0,Bales,1989.648033126294,Madhya Maharashtra,2017
Maharashtra,NANDURBAR,Cotton(lint),2018-19,Kharif,111064.0,Hectare,120233.0,Bales,1082.556003745588,Madhya Maharashtra,2018
Maharashtra,NASHIK,Cotton(lint),2017-18,Kharif,65400.0,Hectare,144100.0,Bales,2203.363914373089,Madhya Maharashtra,2017
Maharashtra,OSMANABAD,Cotton(lint),2016-17,Kharif,13300.0,Hectare,21100.0,Bales,1586.4661654135339,Matathwada,2016
Maharashtra,OSMANABAD,Cotton(lint),2017-18,Kharif,13447.999999999998,Hectare,8000.0,Bales,594.883997620464,Matathwada,2017
Maharashtra,PARBHANI,Cotton(lint),2017-18,Kharif,185129.0,Hectare,367600.0,Bales,1985.6424439174843,Matathwada,2017
Maharashtra,PARBHANI,Cotton(lint),2018-19,Kharif,199869.0,Hectare,327347.0,Bales,1637.807764085476,Matathwada,2018
Maharashtra,SANGLI,Cotton(lint),2016-17,Kharif,600.0,Hectare,1800.0,Bales,3000.0,Madhya Maharashtra,2016
Maharashtra,SANGLI,Cotton(lint),2017-18,Kharif,254.0,Hectare,200.0,Bales,787.4015748031496,Madhya Maharashtra,2017
Maharashtra,SANGLI,Cotton(lint),2018-19,Kharif,178.0,Hectare,251.0,Bales,1410.1123595505617,Madhya Maharashtra,2018
Maharashtra,SATARA,Cotton(lint),2016-17,Kharif,100.0,Hectare,200.0,Bales,2000.0,Madhya Maharashtra,2016
Maharashtra,SATARA,Cotton(lint),2017-18,Kharif,85.0,Hectare,100.0,Bales,1176.4705882352941,Madhya Maharashtra,2017
Maharashtra,SATARA,Cotton(lint),2018-19,Kharif,21.0,Hectare,37.0,Bales,1761.9047619047622,Madhya Maharashtra,2018
Maharashtra,SOLAPUR,Cotton(lint),2016-17,Kharif,900.0,Hectare,1370.0,Bales,1522.222222222222,Madhya Maharashtra,2016
Maharashtra,SOLAPUR,Cotton(lint),2017-18,Kharif,300.0,Hectare,400.0,Bales,1333.3333333333333,Madhya Maharashtra,2017
Maharashtra,SOLAPUR,Cotton(lint),2018-19,Kharif,163.0,Hectare,88.0,Bales,539.8773006134969,Madhya Maharashtra,2018
Maharashtra,WARDHA,Cotton(lint),2016-17,Kharif,240500.0,Hectare,718900.0,Bales,2989.189189189189,Vidarbha,2016
Maharashtra,WARDHA,Cotton(lint),2017-18,Kharif,251062.0,Hectare,628500.0,Bales,2503.365702495798,Vidarbha,2017
Maharashtra,WARDHA,Cotton(lint),2018-19,Kharif,243002.0,Hectare,655247.0,Bales,2696.4675187858534,Vidarbha,2018
Maharashtra,WASHIM,Cotton(lint),2016-17,Kharif,18400.0,Hectare,37500.0,Bales,2038.0434782608697,Vidarbha,2016
Maharashtra,WASHIM,Cotton(lint),2017-18,Kharif,19252.0,Hectare,17700.0,Bales,919.3849989611468,Vidarbha,2017
Maharashtra,WASHIM,Cotton(lint),2018-19,Kharif,19679.0,Hectare,35638.0,Bales,1810.9660043701408,Vidarbha,2018
Maharashtra,YAVATMAL,Cotton(lint),2016-17,Kharif,420700.0,Hectare,1097900.0,Bales,2609.698122177324,Vidarbha,2016
Maharashtra,YAVATMAL,Cotton(lint),2017-18,Kharif,470300.0,Hectare,477500.0,Bales,1015.3093769934085,Vidarbha,2017
Maharashtra,YAVATMAL,Cotton(lint),2018-19,Kharif,459532.0,Hectare,844084.0,Bales,1836.8339963266974,Vidarbha,2018
Maharashtra,AHMEDNAGAR,Cotton(lint),2019-20,Kharif,159250.0,Hectare,146932.0,Bales,922.6499215070644,Madhya Maharashtra,2019
Maharashtra,AKOLA,Cotton(lint),2019-20,Kharif,154440.0,Hectare,380667.0,Bales,2464.8212898212896,Vidarbha,2019
Maharashtra,AMRAVATI,Cotton(lint),2019-20,Kharif,276078.0,Hectare,460287.0,Bales,1667.2353465325016,Vidarbha,2019
Maharashtra,AURANGABAD,Cotton(lint),2019-20,Kharif,434491.0,Hectare,611894.0,Bales,1408.3007473112216,Matathwada,2019
Maharashtra,BEED,Cotton(lint),2019-20,Kharif,384957.0,Hectare,376379.0,Bales,977.7169917679116,Matathwada,2019
Maharashtra,BHANDARA,Cotton(lint),2019-20,Kharif,107.0,Hectare,287.0,Bales,2682.2429906542056,Vidarbha,2019
Maharashtra,BULDHANA,Cotton(lint),2019-20,Kharif,196553.0,Hectare,157132.0,Bales,799.4383194354702,Vidarbha,2019
Maharashtra,CHANDRAPUR,Cotton(lint),2019-20,Kharif,154660.0,Hectare,371371.0,Bales,2401.209103840683,Vidarbha,2019
Maharashtra,DHULE,Cotton(lint),2019-20,Kharif,239542.0,Hectare,192984.0,Bales,805.6374247522356,Madhya Maharashtra,2019
Maharashtra,GADCHIROLI,Cotton(lint),2019-20,Kharif,6702.0,Hectare,20194.0,Bales,3013.130408833184,Vidarbha,2019
Maharashtra,GONDIA,Cotton(lint),2019-20,Kharif,2.0,Hectare,5.0,Bales,2500.0,Vidarbha,2019
Maharashtra,HINGOLI,Cotton(lint),2019-20,Kharif,47011.0,Hectare,118022.0,Bales,2510.518814745485,Matathwada,2019
Maharashtra,JALGAON,Cotton(lint),2019-20,Kharif,534101.0,Hectare,502286.0,Bales,940.4326148050648,Madhya Maharashtra,2019
Maharashtra,JALNA,Cotton(lint),2019-20,Kharif,330994.0,Hectare,771154.0,Bales,2329.812625002266,Matathwada,2019
Maharashtra,LATUR,Cotton(lint),2019-20,Kharif,6269.0,Hectare,9557.0,Bales,1524.4855638857873,Matathwada,2019
Maharashtra,NAGPUR,Cotton(lint),2019-20,Kharif,153345.0,Hectare,409516.0,Bales,2670.553327464215,Vidarbha,2019
Maharashtra,NANDED,Cotton(lint),2019-20,Kharif,244704.0,Hectare,258461.0,Bales,1056.218942068785,Matathwada,2019
Maharashtra,NANDURBAR,Cotton(lint),2019-20,Kharif,118092.0,Hectare,186752.0,Bales,1581.4111032076682,Madhya Maharashtra,2019
Maharashtra,NASHIK,Cotton(lint),2019-20,Kharif,64191.99999999999,Hectare,75784.0,Bales,1180.5832502492524,Madhya Maharashtra,2019
Maharashtra,PARBHANI,Cotton(lint),2019-20,Kharif,214404.0,Hectare,297153.0,Bales,1385.948956176191,Matathwada,2019
Maharashtra,SANGLI,Cotton(lint),2019-20,Kharif,95.0,Hectare,179.0,Bales,1884.2105263157896,Madhya Maharashtra,2019
Maharashtra,SATARA,Cotton(lint),2019-20,Kharif,14.000000000000002,Hectare,26.0,Bales,1857.1428571428569,Madhya Maharashtra,2019
Maharashtra,WARDHA,Cotton(lint),2019-20,Kharif,250759.0,Hectare,689607.0,Bales,2750.0787608819624,Vidarbha,2019
Maharashtra,WASHIM,Cotton(lint),2019-20,Kharif,21440.0,Hectare,36081.0,Bales,1682.8824626865674,Vidarbha,2019
Maharashtra,YAVATMAL,Cotton(lint),2019-20,Kharif,473396.0,Hectare,552718.0,Bales,1167.5595062062205,Vidarbha,2019
Maharashtra,AHMEDNAGAR,Cotton(lint),1998-99,Kharif,12100.0,Hectare,19900.0,Bales,1644.628099173554,Madhya Maharashtra,1998
Maharashtra,AHMEDNAGAR,Cotton(lint),1999-00,Kharif,15000.0,Hectare,22600.0,Bales,1506.6666666666665,Madhya Maharashtra,1999
Maharashtra,AHMEDNAGAR,Cotton(lint),2000-01,Kharif,15700.0,Hectare,25600.0,Bales,1630.5732484076434,Madhya Maharashtra,2000
Maharashtra,AKOLA,Cotton(lint),1998-99,Kharif,360300.0,Hectare,246500.0,Bales,684.1520954759922,Vidarbha,1998
Maharashtra,AKOLA,Cotton(lint),1999-00,Kharif,239600.0,Hectare,234100.0,Bales,977.0450751252088,Vidarbha,1999
Maharashtra,AKOLA,Cotton(lint),2000-01,Kharif,227800.0,Hectare,155500.0,Bales,682.6163301141353,Vidarbha,2000
Maharashtra,AMRAVATI,Cotton(lint),1999-00,Kharif,326000.0,Hectare,249600.0,Bales,765.6441717791412,Vidarbha,1999
Maharashtra,AURANGABAD,Cotton(lint),1998-99,Kharif,152600.0,Hectare,148300.0,Bales,971.821756225426,Matathwada,1998
Maharashtra,AURANGABAD,Cotton(lint),1999-00,Kharif,159500.0,Hectare,113200.0,Bales,709.717868338558,Matathwada,1999
Maharashtra,BEED,Cotton(lint),1998-99,Kharif,110300.0,Hectare,91400.0,Bales,828.649138712602,Matathwada,1998
Maharashtra,BEED,Cotton(lint),1999-00,Kharif,111200.0,Hectare,87200.0,Bales,784.1726618705036,Matathwada,1999
Maharashtra,BEED,Cotton(lint),2000-01,Kharif,82900.0,Hectare,68900.0,Bales,831.1218335343788,Matathwada,2000
Maharashtra,BULDHANA,Cotton(lint),1998-99,Kharif,265800.0,Hectare,202500.0,Bales,761.8510158013544,Vidarbha,1998
Maharashtra,BULDHANA,Cotton(lint),1999-00,Kharif,258000.0,Hectare,263500.0,Bales,1021.3178294573644,Vidarbha,1999
Maharashtra,CHANDRAPUR,Cotton(lint),1998-99,Kharif,52700.0,Hectare,44300.0,Bales,840.607210626186,Vidarbha,1998
Maharashtra,CHANDRAPUR,Cotton(lint),1999-00,Kharif,54600.0,Hectare,61200.0,Bales,1120.8791208791208,Vidarbha,1999
Maharashtra,CHANDRAPUR,Cotton(lint),2000-01,Kharif,55400.0,Hectare,36400.0,Bales,657.0397111913358,Vidarbha,2000
Maharashtra,DHULE,Cotton(lint),1998-99,Kharif,94600.0,Hectare,103300.0,Bales,1091.9661733615224,Madhya Maharashtra,1998
Maharashtra,DHULE,Cotton(lint),1999-00,Kharif,67100.0,Hectare,45900.0,Bales,684.053651266766,Madhya Maharashtra,1999
Maharashtra,HINGOLI,Cotton(lint),1999-00,Kharif,113500.0,Hectare,97100.0,Bales,855.5066079295154,Matathwada,1999
Maharashtra,JALGAON,Cotton(lint),1998-99,Kharif,371900.0,Hectare,489500.0,Bales,1316.2140360311912,Madhya Maharashtra,1998
Maharashtra,JALGAON,Cotton(lint),1999-00,Kharif,399100.0,Hectare,562000.0,Bales,1408.168378852418,Madhya Maharashtra,1999
Maharashtra,JALGAON,Cotton(lint),2000-01,Kharif,411500.0,Hectare,281100.0,Bales,683.1105710814095,Madhya Maharashtra,2000
Maharashtra,JALNA,Cotton(lint),1998-99,Kharif,162600.0,Hectare,173400.0,Bales,1066.420664206642,Matathwada,1998
Maharashtra,JALNA,Cotton(lint),1999-00,Kharif,170300.0,Hectare,121600.0,Bales,714.034057545508,Matathwada,1999
Maharashtra,JALNA,Cotton(lint),2000-01,Kharif,138200.0,Hectare,93600.0,Bales,677.2793053545586,Matathwada,2000
Maharashtra,KOLHAPUR,Cotton(lint),1998-99,Kharif,100.0,Hectare,100.0,Bales,1000.0,Madhya Maharashtra,1998
Maharashtra,KOLHAPUR,Cotton(lint),1999-00,Kharif,100.0,Hectare,100.0,Bales,1000.0,Madhya Maharashtra,1999
Maharashtra,KOLHAPUR,Cotton(lint),2000-01,Kharif,100.0,Hectare,100.0,Bales,1000.0,Madhya Maharashtra,2000
Maharashtra,LATUR,Cotton(lint),1998-99,Kharif,31600.0,Hectare,25400.0,Bales,803.7974683544303,Matathwada,1998
Maharashtra,LATUR,Cotton(lint),1999-00,Kharif,28000.0,Hectare,18700.0,Bales,667.8571428571428,Matathwada,1999
Maharashtra,LATUR,Cotton(lint),2000-01,Kharif,22200.0,Hectare,19700.0,Bales,887.3873873873874,Matathwada,2000
Maharashtra,NAGPUR,Cotton(lint),1998-99,Kharif,56500.0,Hectare,69900.0,Bales,1237.1681415929204,Vidarbha,1998
Maharashtra,NAGPUR,Cotton(lint),1999-00,Kharif,63400.0,Hectare,103700.0,Bales,1635.6466876971608,Vidarbha,1999
Maharashtra,NAGPUR,Cotton(lint),2000-01,Kharif,71100.0,Hectare,63100.0,Bales,887.4824191279888,Vidarbha,2000
Maharashtra,NANDED,Cotton(lint),1998-99,Kharif,278100.0,Hectare,208600.0,Bales,750.0898957209637,Matathwada,1998
Maharashtra,NANDED,Cotton(lint),1999-00,Kharif,274300.0,Hectare,176900.0,Bales,644.9143273787824,Matathwada,1999
Maharashtra,NANDURBAR,Cotton(lint),1999-00,Kharif,31600.0,Hectare,31800.0,Bales,1006.329113924051,Madhya Maharashtra,1999
Maharashtra,NANDURBAR,Cotton(lint),2000-01,Kharif,29600.0,Hectare,17400.0,Bales,587.8378378378378,Madhya Maharashtra,2000
Maharashtra,NASHIK,Cotton(lint),1998-99,Kharif,4200.0,Hectare,4400.0,Bales,1047.6190476190477,Madhya Maharashtra,1998
Maharashtra,NASHIK,Cotton(lint),1999-00,Kharif,5600.0,Hectare,9300.0,Bales,1660.7142857142858,Madhya Maharashtra,1999
Maharashtra,NASHIK,Cotton(lint),2000-01,Kharif,5700.0,Hectare,5700.0,Bales,1000.0,Madhya Maharashtra,2000
Maharashtra,OSMANABAD,Cotton(lint),1998-99,Kharif,4000.0,Hectare,3200.0,Bales,800.0,Matathwada,1998
Maharashtra,OSMANABAD,Cotton(lint),1999-00,Kharif,3000.0,Hectare,2000.0,Bales,666.6666666666666,Matathwada,1999
Maharashtra,PARBHANI,Cotton(lint),1998-99,Kharif,330000.0,Hectare,281800.0,Bales,853.9393939393939,Matathwada,1998
Maharashtra,PARBHANI,Cotton(lint),1999-00,Kharif,219200.0,Hectare,137100.0,Bales,625.4562043795621,Matathwada,1999
Maharashtra,PUNE,Cotton(lint),1998-99,Kharif,300.0,Hectare,500.0,Bales,1666.6666666666667,Madhya Maharashtra,1998
Maharashtra,PUNE,Cotton(lint),2000-01,Kharif,700.0,Hectare,1600.0,Bales,2285.714285714286,Madhya Maharashtra,2000
Maharashtra,SANGLI,Cotton(lint),1998-99,Kharif,3100.0,Hectare,5300.0,Bales,1709.6774193548388,Madhya Maharashtra,1998
Maharashtra,SANGLI,Cotton(lint),1999-00,Kharif,3300.0,Hectare,7600.0,Bales,2303.030303030303,Madhya Maharashtra,1999
Maharashtra,SANGLI,Cotton(lint),2000-01,Kharif,3600.0,Hectare,6500.0,Bales,1805.555555555556,Madhya Maharashtra,2000
Maharashtra,SATARA,Cotton(lint),1998-99,Kharif,4700.0,Hectare,8100.0,Bales,1723.404255319149,Madhya Maharashtra,1998
Maharashtra,SATARA,Cotton(lint),1999-00,Kharif,5400.0,Hectare,12600.0,Bales,2333.333333333333,Madhya Maharashtra,1999
Maharashtra,SATARA,Cotton(lint),2000-01,Kharif,5600.0,Hectare,10600.0,Bales,1892.857142857143,Madhya Maharashtra,2000
Maharashtra,SOLAPUR,Cotton(lint),1998-99,Kharif,4900.0,Hectare,6800.0,Bales,1387.7551020408164,Madhya Maharashtra,1998
Maharashtra,SOLAPUR,Cotton(lint),1999-00,Kharif,5800.0,Hectare,10200.0,Bales,1758.6206896551723,Madhya Maharashtra,1999
Maharashtra,SOLAPUR,Cotton(lint),2000-01,Kharif,6500.0,Hectare,11200.0,Bales,1723.076923076923,Madhya Maharashtra,2000
Maharashtra,WARDHA,Cotton(lint),1998-99,Kharif,132200.0,Hectare,100300.0,Bales,758.6989409984872,Vidarbha,1998
Maharashtra,WARDHA,Cotton(lint),1999-00,Kharif,133900.0,Hectare,175100.0,Bales,1307.6923076923076,Vidarbha,1999
Maharashtra,WARDHA,Cotton(lint),2000-01,Kharif,140400.0,Hectare,159400.0,Bales,1135.3276353276353,Vidarbha,2000
Maharashtra,WASHIM,Cotton(lint),1999-00,Kharif,119900.0,Hectare,106700.0,Bales,889.9082568807339,Vidarbha,1999
Maharashtra,YAVATMAL,Cotton(lint),1998-99,Kharif,445600.0,Hectare,242500.0,Bales,544.2100538599641,Vidarbha,1998
Maharashtra,YAVATMAL,Cotton(lint),1999-00,Kharif,446100.0,Hectare,448100.0,Bales,1004.4832997085855,Vidarbha,1999
Maharashtra,AHMEDNAGAR,Gram,2001-02,Rabi,60000.0,Hectare,33100.0,Tonnes,551.6666666666666,Madhya Maharashtra,2001
Maharashtra,AHMEDNAGAR,Gram,2002-03,Rabi,64500.0,Hectare,26500.0,Tonnes,410.8527131782946,Madhya Maharashtra,2002
Maharashtra,AHMEDNAGAR,Gram,2003-04,Rabi,50900.0,Hectare,20500.0,Tonnes,402.7504911591356,Madhya Maharashtra,2003
Maharashtra,AKOLA,Gram,2001-02,Rabi,22300.0,Hectare,12900.0,Tonnes,578.4753363228699,Vidarbha,2001
Maharashtra,AKOLA,Gram,2002-03,Rabi,24300.0,Hectare,16100.0,Tonnes,662.551440329218,Vidarbha,2002
Maharashtra,AKOLA,Gram,2003-04,Rabi,26200.0,Hectare,16600.0,Tonnes,633.587786259542,Vidarbha,2003
Maharashtra,AMRAVATI,Gram,2001-02,Rabi,33500.0,Hectare,29100.0,Tonnes,868.6567164179104,Vidarbha,2001
Maharashtra,AMRAVATI,Gram,2002-03,Rabi,35900.0,Hectare,27100.0,Tonnes,754.874651810585,Vidarbha,2002
Maharashtra,AMRAVATI,Gram,2003-04,Rabi,37300.0,Hectare,28700.0,Tonnes,769.4369973190348,Vidarbha,2003
Maharashtra,AURANGABAD,Gram,2001-02,Rabi,41500.0,Hectare,20800.0,Tonnes,501.20481927710847,Matathwada,2001
Maharashtra,AURANGABAD,Gram,2002-03,Rabi,40800.0,Hectare,23600.0,Tonnes,578.4313725490197,Matathwada,2002
Maharashtra,AURANGABAD,Gram,2003-04,Rabi,36700.0,Hectare,14900.0,Tonnes,405.9945504087193,Matathwada,2003
Maharashtra,BEED,Gram,2001-02,Rabi,25200.0,Hectare,10800.0,Tonnes,428.5714285714285,Matathwada,2001
Maharashtra,BEED,Gram,2002-03,Rabi,21100.0,Hectare,10400.0,Tonnes,492.8909952606635,Matathwada,2002
Maharashtra,BHANDARA,Gram,2001-02,Rabi,3800.0,Hectare,2100.0,Tonnes,552.6315789473684,Vidarbha,2001
Maharashtra,BHANDARA,Gram,2002-03,Rabi,3800.0,Hectare,1600.0,Tonnes,421.0526315789473,Vidarbha,2002
Maharashtra,BHANDARA,Gram,2003-04,Rabi,4000.0,Hectare,2200.0,Tonnes,550.0,Vidarbha,2003
Maharashtra,BULDHANA,Gram,2001-02,Rabi,23800.0,Hectare,14400.0,Tonnes,605.0420168067227,Vidarbha,2001
Maharashtra,BULDHANA,Gram,2002-03,Rabi,29300.0,Hectare,16000.0,Tonnes,546.0750853242321,Vidarbha,2002
Maharashtra,BULDHANA,Gram,2003-04,Rabi,33100.0,Hectare,14000.0,Tonnes,422.96072507552867,Vidarbha,2003
Maharashtra,CHANDRAPUR,Gram,2001-02,Rabi,11700.0,Hectare,4800.0,Tonnes,410.25641025641016,Vidarbha,2001
Maharashtra,CHANDRAPUR,Gram,2003-04,Rabi,22600.0,Hectare,9000.0,Tonnes,398.23008849557516,Vidarbha,2003
Maharashtra,DHULE,Gram,2001-02,Rabi,8400.0,Hectare,4600.0,Tonnes,547.6190476190477,Madhya Maharashtra,2001
Maharashtra,DHULE,Gram,2002-03,Rabi,11300.0,Hectare,7500.0,Tonnes,663.7168141592921,Madhya Maharashtra,2002
Maharashtra,DHULE,Gram,2003-04,Rabi,14300.0,Hectare,10000.0,Tonnes,699.3006993006993,Madhya Maharashtra,2003
Maharashtra,GADCHIROLI,Gram,2001-02,Rabi,2300.0,Hectare,1400.0,Tonnes,608.6956521739131,Vidarbha,2001
Maharashtra,GADCHIROLI,Gram,2002-03,Rabi,2200.0,Hectare,900.0,Tonnes,409.0909090909091,Vidarbha,2002
Maharashtra,GADCHIROLI,Gram,2003-04,Rabi,2300.0,Hectare,1000.0,Tonnes,434.78260869565213,Vidarbha,2003
Maharashtra,GONDIA,Gram,2001-02,Rabi,2600.0,Hectare,1200.0,Tonnes,461.5384615384615,Vidarbha,2001
Maharashtra,GONDIA,Gram,2002-03,Rabi,2800.0,Hectare,1100.0,Tonnes,392.8571428571428,Vidarbha,2002
Maharashtra,GONDIA,Gram,2003-04,Rabi,3000.0,Hectare,1600.0,Tonnes,533.3333333333334,Vidarbha,2003
Maharashtra,HINGOLI,Gram,2001-02,Rabi,21600.0,Hectare,12400.0,Tonnes,574.074074074074,Matathwada,2001
Maharashtra,HINGOLI,Gram,2002-03,Rabi,26500.0,Hectare,18600.0,Tonnes,701.8867924528302,Matathwada,2002
Maharashtra,HINGOLI,Gram,2003-04,Rabi,28900.0,Hectare,15600.0,Tonnes,539.7923875432526,Matathwada,2003
Maharashtra,JALGAON,Gram,2001-02,Rabi,27100.0,Hectare,24400.0,Tonnes,900.369003690037,Madhya Maharashtra,2001
Maharashtra,JALGAON,Gram,2002-03,Rabi,35200.0,Hectare,35900.0,Tonnes,1019.8863636363635,Madhya Maharashtra,2002
Maharashtra,JALGAON,Gram,2003-04,Rabi,45000.0,Hectare,38400.0,Tonnes,853.3333333333334,Madhya Maharashtra,2003
Maharashtra,JALNA,Gram,2001-02,Rabi,15600.0,Hectare,10000.0,Tonnes,641.0256410256411,Matathwada,2001
Maharashtra,JALNA,Gram,2002-03,Rabi,15700.0,Hectare,11900.0,Tonnes,757.9617834394905,Matathwada,2002
Maharashtra,JALNA,Gram,2003-04,Rabi,13100.0,Hectare,6800.0,Tonnes,519.0839694656488,Matathwada,2003
Maharashtra,KOLHAPUR,Gram,2001-02,Rabi,13900.0,Hectare,8700.0,Tonnes,625.8992805755396,Madhya Maharashtra,2001
Maharashtra,KOLHAPUR,Gram,2002-03,Rabi,12100.0,Hectare,9400.0,Tonnes,776.8595041322313,Madhya Maharashtra,2002
Maharashtra,KOLHAPUR,Gram,2003-04,Rabi,11700.0,Hectare,9200.0,Tonnes,786.3247863247863,Madhya Maharashtra,2003
Maharashtra,LATUR,Gram,2001-02,Rabi,36900.0,Hectare,17100.0,Tonnes,463.4146341463415,Matathwada,2001
Maharashtra,LATUR,Gram,2002-03,Rabi,36500.0,Hectare,17000.0,Tonnes,465.7534246575342,Matathwada,2002
Maharashtra,LATUR,Gram,2003-04,Rabi,40200.0,Hectare,16900.0,Tonnes,420.39800995024865,Matathwada,2003
Maharashtra,NAGPUR,Gram,2001-02,Rabi,30300.0,Hectare,19400.0,Tonnes,640.2640264026402,Vidarbha,2001
Maharashtra,NAGPUR,Gram,2002-03,Rabi,31900.0,Hectare,17800.0,Tonnes,557.9937304075236,Vidarbha,2002
Maharashtra,NAGPUR,Gram,2003-04,Rabi,37700.0,Hectare,24000.0,Tonnes,636.604774535809,Vidarbha,2003
Maharashtra,NANDED,Gram,2001-02,Rabi,26000.0,Hectare,15800.0,Tonnes,607.6923076923076,Matathwada,2001
Maharashtra,NANDED,Gram,2002-03,Rabi,33200.0,Hectare,22700.0,Tonnes,683.7349397590361,Matathwada,2002
Maharashtra,NANDED,Gram,2003-04,Rabi,37500.0,Hectare,25800.0,Tonnes,688.0,Matathwada,2003
Maharashtra,NANDURBAR,Gram,2001-02,Rabi,9800.0,Hectare,4500.0,Tonnes,459.1836734693877,Madhya Maharashtra,2001
Maharashtra,NANDURBAR,Gram,2002-03,Rabi,11500.0,Hectare,7400.0,Tonnes,643.4782608695651,Madhya Maharashtra,2002
Maharashtra,NANDURBAR,Gram,2003-04,Rabi,12400.0,Hectare,9100.0,Tonnes,733.8709677419355,Madhya Maharashtra,2003
Maharashtra,NASHIK,Gram,2001-02,Rabi,28200.0,Hectare,14000.0,Tonnes,496.4539007092198,Madhya Maharashtra,2001
Maharashtra,NASHIK,Gram,2002-03,Rabi,31200.0,Hectare,17300.0,Tonnes,554.4871794871796,Madhya Maharashtra,2002
Maharashtra,NASHIK,Gram,2003-04,Rabi,30600.0,Hectare,16400.0,Tonnes,535.9477124183006,Madhya Maharashtra,2003
Maharashtra,OSMANABAD,Gram,2001-02,Rabi,58400.0,Hectare,30600.0,Tonnes,523.972602739726,Matathwada,2001
Maharashtra,OSMANABAD,Gram,2002-03,Rabi,58400.0,Hectare,22200.0,Tonnes,380.13698630136986,Matathwada,2002
Maharashtra,PARBHANI,Gram,2001-02,Rabi,39200.0,Hectare,21000.0,Tonnes,535.7142857142857,Matathwada,2001
Maharashtra,PARBHANI,Gram,2002-03,Rabi,42800.0,Hectare,24600.0,Tonnes,574.7663551401869,Matathwada,2002
Maharashtra,PARBHANI,Gram,2003-04,Rabi,44400.0,Hectare,22800.0,Tonnes,513.5135135135134,Matathwada,2003
Maharashtra,PUNE,Gram,2001-02,Rabi,56200.0,Hectare,35100.0,Tonnes,624.5551601423488,Madhya Maharashtra,2001
Maharashtra,PUNE,Gram,2002-03,Rabi,54600.0,Hectare,27700.0,Tonnes,507.3260073260073,Madhya Maharashtra,2002
Maharashtra,PUNE,Gram,2003-04,Rabi,32200.0,Hectare,16400.0,Tonnes,509.31677018633536,Madhya Maharashtra,2003
Maharashtra,RAIGAD,Gram,2001-02,Rabi,2000.0,Hectare,1000.0,Tonnes,500.0,Konkan & Goa,2001
Maharashtra,RAIGAD,Gram,2002-03,Rabi,1400.0,Hectare,900.0,Tonnes,642.8571428571429,Konkan & Goa,2002
Maharashtra,RAIGAD,Gram,2003-04,Rabi,1300.0,Hectare,900.0,Tonnes,692.3076923076923,Konkan & Goa,2003
Maharashtra,SANGLI,Gram,2001-02,Rabi,30800.0,Hectare,22800.0,Tonnes,740.2597402597403,Madhya Maharashtra,2001
Maharashtra,SANGLI,Gram,2002-03,Rabi,26500.0,Hectare,14700.0,Tonnes,554.7169811320755,Madhya Maharashtra,2002
Maharashtra,SANGLI,Gram,2003-04,Rabi,19000.0,Hectare,11400.0,Tonnes,600.0,Madhya Maharashtra,2003
Maharashtra,SATARA,Gram,2001-02,Rabi,25400.0,Hectare,15600.0,Tonnes,614.1732283464568,Madhya Maharashtra,2001
Maharashtra,SATARA,Gram,2003-04,Rabi,13100.0,Hectare,7500.0,Tonnes,572.5190839694656,Madhya Maharashtra,2003
Maharashtra,SOLAPUR,Gram,2001-02,Rabi,31600.0,Hectare,17500.0,Tonnes,553.7974683544303,Madhya Maharashtra,2001
Maharashtra,SOLAPUR,Gram,2002-03,Rabi,31900.0,Hectare,13800.0,Tonnes,432.6018808777429,Madhya Maharashtra,2002
Maharashtra,THANE,Gram,2001-02,Rabi,3800.0,Hectare,1900.0,Tonnes,500.0,Konkan & Goa,2001
Maharashtra,THANE,Gram,2002-03,Rabi,3500.0,Hectare,2300.0,Tonnes,657.1428571428571,Konkan & Goa,2002
Maharashtra,THANE,Gram,2003-04,Rabi,3700.0,Hectare,2500.0,Tonnes,675.6756756756756,Konkan & Goa,2003
Maharashtra,WARDHA,Gram,2001-02,Rabi,19700.0,Hectare,12300.0,Tonnes,624.3654822335026,Vidarbha,2001
Maharashtra,WARDHA,Gram,2002-03,Rabi,25200.0,Hectare,12000.0,Tonnes,476.1904761904761,Vidarbha,2002
Maharashtra,WARDHA,Gram,2003-04,Rabi,31000.0,Hectare,19600.0,Tonnes,632.258064516129,Vidarbha,2003
Maharashtra,WASHIM,Gram,2001-02,Rabi,29100.0,Hectare,21400.0,Tonnes,735.3951890034365,Vidarbha,2001
Maharashtra,WASHIM,Gram,2002-03,Rabi,32800.0,Hectare,22500.0,Tonnes,685.9756097560976,Vidarbha,2002
Maharashtra,WASHIM,Gram,2003-04,Rabi,29200.0,Hectare,19300.0,Tonnes,660.9589041095891,Vidarbha,2003
Maharashtra,YAVATMAL,Gram,2001-02,Rabi,15600.0,Hectare,9800.0,Tonnes,628.2051282051282,Vidarbha,2001
Maharashtra,YAVATMAL,Gram,2002-03,Rabi,16800.0,Hectare,8800.0,Tonnes,523.8095238095239,Vidarbha,2002
Maharashtra,YAVATMAL,Gram,2003-04,Rabi,21600.0,Hectare,14800.0,Tonnes,685.1851851851852,Vidarbha,2003
Maharashtra,AHMEDNAGAR,Gram,2004-05,Rabi,61700.0,Hectare,40900.0,Tonnes,662.8849270664505,Madhya Maharashtra,2004
Maharashtra,AHMEDNAGAR,Gram,2005-06,Rabi,68600.0,Hectare,47100.0,Tonnes,686.5889212827988,Madhya Maharashtra,2005
Maharashtra,AHMEDNAGAR,Gram,2006-07,Rabi,95800.0,Hectare,65700.0,Tonnes,685.80375782881,Madhya Maharashtra,2006
Maharashtra,AKOLA,Gram,2004-05,Rabi,24000.0,Hectare,9100.0,Tonnes,379.1666666666666,Vidarbha,2004
Maharashtra,AKOLA,Gram,2005-06,Rabi,42000.0,Hectare,38300.0,Tonnes,911.904761904762,Vidarbha,2005
Maharashtra,AKOLA,Gram,2006-07,Rabi,78500.0,Hectare,68300.0,Tonnes,870.063694267516,Vidarbha,2006
Maharashtra,AMRAVATI,Gram,2004-05,Rabi,37200.0,Hectare,20900.0,Tonnes,561.8279569892472,Vidarbha,2004
Maharashtra,AMRAVATI,Gram,2005-06,Rabi,51800.0,Hectare,50400.0,Tonnes,972.972972972973,Vidarbha,2005
Maharashtra,AMRAVATI,Gram,2006-07,Rabi,73300.0,Hectare,56700.0,Tonnes,773.5334242837654,Vidarbha,2006
Maharashtra,AURANGABAD,Gram,2004-05,Rabi,38500.0,Hectare,23700.0,Tonnes,615.5844155844155,Matathwada,2004
Maharashtra,AURANGABAD,Gram,2005-06,Rabi,39100.0,Hectare,28500.0,Tonnes,728.9002557544757,Matathwada,2005
Maharashtra,AURANGABAD,Gram,2006-07,Rabi,52100.0,Hectare,44900.0,Tonnes,861.8042226487524,Matathwada,2006
Maharashtra,BEED,Gram,2004-05,Rabi,28300.0,Hectare,15000.0,Tonnes,530.035335689046,Matathwada,2004
Maharashtra,BEED,Gram,2005-06,Rabi,35200.0,Hectare,18800.0,Tonnes,534.090909090909,Matathwada,2005
Maharashtra,BEED,Gram,2006-07,Rabi,39900.0,Hectare,26100.0,Tonnes,654.1353383458646,Matathwada,2006
Maharashtra,BHANDARA,Gram,2005-06,Rabi,5000.0,Hectare,2400.0,Tonnes,480.0,Vidarbha,2005
Maharashtra,BHANDARA,Gram,2006-07,Rabi,8300.0,Hectare,5300.0,Tonnes,638.5542168674698,Vidarbha,2006
Maharashtra,BULDHANA,Gram,2004-05,Rabi,30100.0,Hectare,11400.0,Tonnes,378.7375415282392,Vidarbha,2004
Maharashtra,BULDHANA,Gram,2005-06,Rabi,36600.0,Hectare,23800.0,Tonnes,650.2732240437158,Vidarbha,2005
Maharashtra,BULDHANA,Gram,2006-07,Rabi,80900.0,Hectare,57300.0,Tonnes,708.2818294190358,Vidarbha,2006
Maharashtra,CHANDRAPUR,Gram,2004-05,Rabi,19300.0,Hectare,7000.0,Tonnes,362.69430051813475,Vidarbha,2004
Maharashtra,CHANDRAPUR,Gram,2005-06,Rabi,22400.0,Hectare,14100.0,Tonnes,629.4642857142857,Vidarbha,2005
Maharashtra,CHANDRAPUR,Gram,2006-07,Rabi,28600.0,Hectare,14100.0,Tonnes,493.006993006993,Vidarbha,2006
Maharashtra,DHULE,Gram,2004-05,Rabi,15700.0,Hectare,12300.0,Tonnes,783.43949044586,Madhya Maharashtra,2004
Maharashtra,DHULE,Gram,2005-06,Rabi,16400.0,Hectare,9400.0,Tonnes,573.170731707317,Madhya Maharashtra,2005
Maharashtra,DHULE,Gram,2006-07,Rabi,23800.0,Hectare,16300.0,Tonnes,684.8739495798319,Madhya Maharashtra,2006
Maharashtra,GADCHIROLI,Gram,2005-06,Rabi,3300.0,Hectare,1300.0,Tonnes,393.93939393939394,Vidarbha,2005
Maharashtra,GADCHIROLI,Gram,2006-07,Rabi,3300.0,Hectare,1500.0,Tonnes,454.54545454545445,Vidarbha,2006
Maharashtra,GONDIA,Gram,2005-06,Rabi,3400.0,Hectare,1600.0,Tonnes,470.58823529411757,Vidarbha,2005
Maharashtra,GONDIA,Gram,2006-07,Rabi,4200.0,Hectare,2000.0,Tonnes,476.1904761904761,Vidarbha,2006
Maharashtra,HINGOLI,Gram,2004-05,Rabi,27100.0,Hectare,13700.0,Tonnes,505.53505535055353,Matathwada,2004
Maharashtra,HINGOLI,Gram,2005-06,Rabi,34100.0,Hectare,24400.0,Tonnes,715.542521994135,Matathwada,2005
Maharashtra,HINGOLI,Gram,2006-07,Rabi,39100.0,Hectare,30700.0,Tonnes,785.1662404092071,Matathwada,2006
Maharashtra,JALGAON,Gram,2004-05,Rabi,51900.0,Hectare,49700.0,Tonnes,957.610789980732,Madhya Maharashtra,2004
Maharashtra,JALGAON,Gram,2005-06,Rabi,47700.0,Hectare,41300.0,Tonnes,865.8280922431866,Madhya Maharashtra,2005
Maharashtra,JALGAON,Gram,2006-07,Rabi,59000.0,Hectare,56800.0,Tonnes,962.7118644067796,Madhya Maharashtra,2006
Maharashtra,JALNA,Gram,2004-05,Rabi,14000.0,Hectare,7500.0,Tonnes,535.7142857142857,Matathwada,2004
Maharashtra,JALNA,Gram,2005-06,Rabi,18100.0,Hectare,12100.0,Tonnes,668.5082872928176,Matathwada,2005
Maharashtra,JALNA,Gram,2006-07,Rabi,18700.0,Hectare,15600.0,Tonnes,834.2245989304813,Matathwada,2006
Maharashtra,KOLHAPUR,Gram,2004-05,Rabi,10700.0,Hectare,9400.0,Tonnes,878.5046728971962,Madhya Maharashtra,2004
Maharashtra,KOLHAPUR,Gram,2005-06,Rabi,9200.0,Hectare,7100.0,Tonnes,771.7391304347826,Madhya Maharashtra,2005
Maharashtra,KOLHAPUR,Gram,2006-07,Rabi,8900.0,Hectare,6700.0,Tonnes,752.8089887640449,Madhya Maharashtra,2006
Maharashtra,LATUR,Gram,2004-05,Rabi,44500.0,Hectare,20100.0,Tonnes,451.685393258427,Matathwada,2004
Maharashtra,LATUR,Gram,2005-06,Rabi,54400.0,Hectare,38700.0,Tonnes,711.3970588235294,Matathwada,2005
Maharashtra,LATUR,Gram,2006-07,Rabi,50999.99999999999,Hectare,32700.0,Tonnes,641.1764705882354,Matathwada,2006
Maharashtra,NAGPUR,Gram,2004-05,Rabi,40300.0,Hectare,19400.0,Tonnes,481.3895781637717,Vidarbha,2004
Maharashtra,NAGPUR,Gram,2005-06,Rabi,50300.0,Hectare,31200.0,Tonnes,620.2783300198807,Vidarbha,2005
Maharashtra,NAGPUR,Gram,2006-07,Rabi,66500.0,Hectare,39800.0,Tonnes,598.4962406015037,Vidarbha,2006
Maharashtra,NANDED,Gram,2004-05,Rabi,40700.0,Hectare,20400.0,Tonnes,501.2285012285013,Matathwada,2004
Maharashtra,NANDED,Gram,2005-06,Rabi,52300.0,Hectare,31600.0,Tonnes,604.2065009560229,Matathwada,2005
Maharashtra,NANDED,Gram,2006-07,Rabi,58600.0,Hectare,34000.0,Tonnes,580.2047781569966,Matathwada,2006
Maharashtra,NANDURBAR,Gram,2004-05,Rabi,13400.0,Hectare,8100.0,Tonnes,604.4776119402985,Madhya Maharashtra,2004
Maharashtra,NANDURBAR,Gram,2005-06,Rabi,16500.0,Hectare,11800.0,Tonnes,715.1515151515152,Madhya Maharashtra,2005
Maharashtra,NANDURBAR,Gram,2006-07,Rabi,17800.0,Hectare,12300.0,Tonnes,691.0112359550562,Madhya Maharashtra,2006
Maharashtra,NASHIK,Gram,2004-05,Rabi,39100.0,Hectare,24500.0,Tonnes,626.5984654731458,Madhya Maharashtra,2004
Maharashtra,NASHIK,Gram,2005-06,Rabi,42200.0,Hectare,29500.0,Tonnes,699.0521327014218,Madhya Maharashtra,2005
Maharashtra,NASHIK,Gram,2006-07,Rabi,48200.0,Hectare,32100.0,Tonnes,665.9751037344398,Madhya Maharashtra,2006
Maharashtra,OSMANABAD,Gram,2004-05,Rabi,51100.0,Hectare,26000.0,Tonnes,508.80626223091974,Matathwada,2004
Maharashtra,OSMANABAD,Gram,2005-06,Rabi,63900.0,Hectare,44700.0,Tonnes,699.5305164319249,Matathwada,2005
Maharashtra,OSMANABAD,Gram,2006-07,Rabi,72100.0,Hectare,42900.0,Tonnes,595.00693481276,Matathwada,2006
Maharashtra,PARBHANI,Gram,2005-06,Rabi,49600.0,Hectare,27300.0,Tonnes,550.4032258064516,Matathwada,2005
Maharashtra,PARBHANI,Gram,2006-07,Rabi,61000.0,Hectare,42800.0,Tonnes,701.6393442622951,Matathwada,2006
Maharashtra,PUNE,Gram,2004-05,Rabi,39200.0,Hectare,25500.0,Tonnes,650.5102040816327,Madhya Maharashtra,2004
Maharashtra,PUNE,Gram,2005-06,Rabi,49500.0,Hectare,33500.0,Tonnes,676.7676767676768,Madhya Maharashtra,2005
Maharashtra,PUNE,Gram,2006-07,Rabi,56100.0,Hectare,39200.0,Tonnes,698.7522281639929,Madhya Maharashtra,2006
Maharashtra,RAIGAD,Gram,2004-05,Rabi,1200.0,Hectare,800.0,Tonnes,666.6666666666666,Konkan & Goa,2004
Maharashtra,RAIGAD,Gram,2005-06,Rabi,1800.0,Hectare,1200.0,Tonnes,666.6666666666666,Konkan & Goa,2005
Maharashtra,RAIGAD,Gram,2006-07,Rabi,1700.0,Hectare,1300.0,Tonnes,764.7058823529411,Konkan & Goa,2006
Maharashtra,SANGLI,Gram,2004-05,Rabi,29600.0,Hectare,18600.0,Tonnes,628.3783783783784,Madhya Maharashtra,2004
Maharashtra,SANGLI,Gram,2005-06,Rabi,29000.0,Hectare,20000.0,Tonnes,689.6551724137931,Madhya Maharashtra,2005
Maharashtra,SANGLI,Gram,2006-07,Rabi,29600.0,Hectare,19100.0,Tonnes,645.2702702702703,Madhya Maharashtra,2006
Maharashtra,SATARA,Gram,2004-05,Rabi,24200.0,Hectare,20200.0,Tonnes,834.7107438016529,Madhya Maharashtra,2004
Maharashtra,SATARA,Gram,2005-06,Rabi,26600.0,Hectare,18300.0,Tonnes,687.9699248120302,Madhya Maharashtra,2005
Maharashtra,SATARA,Gram,2006-07,Rabi,31000.0,Hectare,19300.0,Tonnes,622.5806451612902,Madhya Maharashtra,2006
Maharashtra,SOLAPUR,Gram,2004-05,Rabi,38400.0,Hectare,18800.0,Tonnes,489.5833333333333,Madhya Maharashtra,2004
Maharashtra,SOLAPUR,Gram,2005-06,Rabi,43900.0,Hectare,33400.0,Tonnes,760.8200455580866,Madhya Maharashtra,2005
Maharashtra,SOLAPUR,Gram,2006-07,Rabi,47100.0,Hectare,28700.0,Tonnes,609.3418259023355,Madhya Maharashtra,2006
Maharashtra,THANE,Gram,2004-05,Rabi,3800.0,Hectare,2500.0,Tonnes,657.8947368421053,Konkan & Goa,2004
Maharashtra,THANE,Gram,2005-06,Rabi,4100.0,Hectare,2700.0,Tonnes,658.5365853658537,Konkan & Goa,2005
Maharashtra,THANE,Gram,2006-07,Rabi,4100.0,Hectare,3000.0,Tonnes,731.7073170731708,Konkan & Goa,2006
Maharashtra,WARDHA,Gram,2004-05,Rabi,21300.0,Hectare,11000.0,Tonnes,516.4319248826291,Vidarbha,2004
Maharashtra,WARDHA,Gram,2005-06,Rabi,25900.0,Hectare,13800.0,Tonnes,532.8185328185328,Vidarbha,2005
Maharashtra,WARDHA,Gram,2006-07,Rabi,30900.0,Hectare,16900.0,Tonnes,546.9255663430421,Vidarbha,2006
Maharashtra,WASHIM,Gram,2004-05,Rabi,24700.0,Hectare,8900.0,Tonnes,360.3238866396761,Vidarbha,2004
Maharashtra,WASHIM,Gram,2005-06,Rabi,40600.0,Hectare,24300.0,Tonnes,598.5221674876847,Vidarbha,2005
Maharashtra,WASHIM,Gram,2006-07,Rabi,62000.0,Hectare,46700.0,Tonnes,753.2258064516128,Vidarbha,2006
Maharashtra,YAVATMAL,Gram,2004-05,Rabi,12900.0,Hectare,6400.0,Tonnes,496.12403100775185,Vidarbha,2004
Maharashtra,YAVATMAL,Gram,2005-06,Rabi,36900.0,Hectare,22600.0,Tonnes,612.4661246612466,Vidarbha,2005
Maharashtra,YAVATMAL,Gram,2006-07,Rabi,56000.0,Hectare,46300.0,Tonnes,826.7857142857142,Vidarbha,2006
Maharashtra,AHMEDNAGAR,Gram,2007-08,Rabi,87300.0,Hectare,60300.0,Tonnes,690.7216494845361,Madhya Maharashtra,2007
Maharashtra,AHMEDNAGAR,Gram,2008-09,Rabi,90500.0,Hectare,65700.0,Tonnes,725.9668508287292,Madhya Maharashtra,2008
Maharashtra,AHMEDNAGAR,Gram,2009-10,Rabi,102300.0,Hectare,75700.0,Tonnes,739.980449657869,Madhya Maharashtra,2009
Maharashtra,AKOLA,Gram,2007-08,Rabi,85400.0,Hectare,75600.0,Tonnes,885.2459016393442,Vidarbha,2007
Maharashtra,AMRAVATI,Gram,2007-08,Rabi,103700.0,Hectare,109600.0,Tonnes,1056.894889103182,Vidarbha,2007
Maharashtra,AMRAVATI,Gram,2008-09,Rabi,79000.0,Hectare,57500.0,Tonnes,727.8481012658228,Vidarbha,2008
Maharashtra,AURANGABAD,Gram,2007-08,Rabi,49500.0,Hectare,45700.0,Tonnes,923.2323232323232,Matathwada,2007
Maharashtra,AURANGABAD,Gram,2008-09,Rabi,53000.0,Hectare,42900.0,Tonnes,809.433962264151,Matathwada,2008
Maharashtra,AURANGABAD,Gram,2009-10,Rabi,57200.0,Hectare,48300.0,Tonnes,844.4055944055943,Matathwada,2009
Maharashtra,BEED,Gram,2007-08,Rabi,46000.0,Hectare,33400.0,Tonnes,726.0869565217391,Matathwada,2007
Maharashtra,BEED,Gram,2008-09,Rabi,45100.0,Hectare,28700.0,Tonnes,636.3636363636364,Matathwada,2008
Maharashtra,BEED,Gram,2009-10,Rabi,67300.0,Hectare,40700.0,Tonnes,604.7548291233284,Matathwada,2009
Maharashtra,BHANDARA,Gram,2007-08,Rabi,10000.0,Hectare,6400.0,Tonnes,640.0,Vidarbha,2007
Maharashtra,BHANDARA,Gram,2008-09,Rabi,6000.0,Hectare,3000.0,Tonnes,500.0,Vidarbha,2008
Maharashtra,BHANDARA,Gram,2009-10,Rabi,7600.0,Hectare,4400.0,Tonnes,578.9473684210526,Vidarbha,2009
Maharashtra,BULDHANA,Gram,2007-08,Rabi,75600.0,Hectare,72600.0,Tonnes,960.3174603174604,Vidarbha,2007
Maharashtra,BULDHANA,Gram,2008-09,Rabi,63500.0,Hectare,47900.0,Tonnes,754.3307086614172,Vidarbha,2008
Maharashtra,CHANDRAPUR,Gram,2007-08,Rabi,33300.0,Hectare,20200.0,Tonnes,606.6066066066066,Vidarbha,2007
Maharashtra,CHANDRAPUR,Gram,2008-09,Rabi,30500.0,Hectare,15000.0,Tonnes,491.8032786885246,Vidarbha,2008
Maharashtra,CHANDRAPUR,Gram,2009-10,Rabi,30300.0,Hectare,13600.0,Tonnes,448.84488448844877,Vidarbha,2009
Maharashtra,DHULE,Gram,2007-08,Rabi,25000.0,Hectare,27900.0,Tonnes,1116.0,Madhya Maharashtra,2007
Maharashtra,DHULE,Gram,2008-09,Rabi,13100.0,Hectare,10400.0,Tonnes,793.8931297709923,Madhya Maharashtra,2008
Maharashtra,DHULE,Gram,2009-10,Rabi,20800.0,Hectare,21600.0,Tonnes,1038.4615384615383,Madhya Maharashtra,2009
Maharashtra,GADCHIROLI,Gram,2007-08,Rabi,3400.0,Hectare,1800.0,Tonnes,529.4117647058823,Vidarbha,2007
Maharashtra,GADCHIROLI,Gram,2008-09,Rabi,1400.0,Hectare,700.0,Tonnes,500.0,Vidarbha,2008
Maharashtra,GADCHIROLI,Gram,2009-10,Rabi,1500.0,Hectare,700.0,Tonnes,466.6666666666667,Vidarbha,2009
Maharashtra,GONDIA,Gram,2007-08,Rabi,5400.0,Hectare,3300.0,Tonnes,611.1111111111112,Vidarbha,2007
Maharashtra,GONDIA,Gram,2008-09,Rabi,2700.0,Hectare,1200.0,Tonnes,444.4444444444444,Vidarbha,2008
Maharashtra,GONDIA,Gram,2009-10,Rabi,3500.0,Hectare,1900.0,Tonnes,542.8571428571428,Vidarbha,2009
Maharashtra,HINGOLI,Gram,2007-08,Rabi,35300.0,Hectare,30100.0,Tonnes,852.6912181303115,Matathwada,2007
Maharashtra,HINGOLI,Gram,2008-09,Rabi,27500.0,Hectare,16600.0,Tonnes,603.6363636363636,Matathwada,2008
Maharashtra,HINGOLI,Gram,2009-10,Rabi,32500.0,Hectare,24200.0,Tonnes,744.6153846153845,Matathwada,2009
Maharashtra,JALGAON,Gram,2007-08,Rabi,38000.0,Hectare,42400.0,Tonnes,1115.7894736842104,Madhya Maharashtra,2007
Maharashtra,JALGAON,Gram,2008-09,Rabi,27700.0,Hectare,27400.0,Tonnes,989.1696750902528,Madhya Maharashtra,2008
Maharashtra,JALGAON,Gram,2009-10,Rabi,57300.0,Hectare,65600.0,Tonnes,1144.851657940663,Madhya Maharashtra,2009
Maharashtra,JALNA,Gram,2007-08,Rabi,14500.0,Hectare,11100.0,Tonnes,765.5172413793103,Matathwada,2007
Maharashtra,JALNA,Gram,2008-09,Rabi,14900.0,Hectare,9200.0,Tonnes,617.4496644295302,Matathwada,2008
Maharashtra,JALNA,Gram,2009-10,Rabi,22400.0,Hectare,20400.0,Tonnes,910.7142857142856,Matathwada,2009
Maharashtra,KOLHAPUR,Gram,2007-08,Rabi,9900.0,Hectare,9300.0,Tonnes,939.3939393939395,Madhya Maharashtra,2007
Maharashtra,KOLHAPUR,Gram,2008-09,Rabi,10100.0,Hectare,7500.0,Tonnes,742.5742574257425,Madhya Maharashtra,2008
Maharashtra,KOLHAPUR,Gram,2009-10,Rabi,9000.0,Hectare,7900.0,Tonnes,877.7777777777777,Madhya Maharashtra,2009
Maharashtra,LATUR,Gram,2007-08,Rabi,62300.0,Hectare,42400.0,Tonnes,680.577849117175,Matathwada,2007
Maharashtra,LATUR,Gram,2008-09,Rabi,56500.0,Hectare,39900.0,Tonnes,706.1946902654868,Matathwada,2008
Maharashtra,LATUR,Gram,2009-10,Rabi,63100.0,Hectare,39600.0,Tonnes,627.5752773375594,Matathwada,2009
Maharashtra,NAGPUR,Gram,2007-08,Rabi,75500.0,Hectare,56200.0,Tonnes,744.3708609271523,Vidarbha,2007
Maharashtra,NAGPUR,Gram,2008-09,Rabi,66400.0,Hectare,39900.0,Tonnes,600.9036144578314,Vidarbha,2008
Maharashtra,NAGPUR,Gram,2009-10,Rabi,73800.0,Hectare,58800.0,Tonnes,796.7479674796748,Vidarbha,2009
Maharashtra,NANDED,Gram,2007-08,Rabi,42600.0,Hectare,40500.0,Tonnes,950.7042253521126,Matathwada,2007
Maharashtra,NANDED,Gram,2008-09,Rabi,44300.0,Hectare,31500.0,Tonnes,711.0609480812641,Matathwada,2008
Maharashtra,NANDED,Gram,2009-10,Rabi,48400.0,Hectare,34800.0,Tonnes,719.00826446281,Matathwada,2009
Maharashtra,NANDURBAR,Gram,2007-08,Rabi,17600.0,Hectare,18700.0,Tonnes,1062.5,Madhya Maharashtra,2007
Maharashtra,NANDURBAR,Gram,2008-09,Rabi,18100.0,Hectare,15900.0,Tonnes,878.4530386740331,Madhya Maharashtra,2008
Maharashtra,NANDURBAR,Gram,2009-10,Rabi,24100.0,Hectare,23500.0,Tonnes,975.103734439834,Madhya Maharashtra,2009
Maharashtra,NASHIK,Gram,2007-08,Rabi,41400.0,Hectare,31000.0,Tonnes,748.792270531401,Madhya Maharashtra,2007
Maharashtra,NASHIK,Gram,2008-09,Rabi,34500.0,Hectare,20200.0,Tonnes,585.5072463768116,Madhya Maharashtra,2008
Maharashtra,NASHIK,Gram,2009-10,Rabi,39300.0,Hectare,27500.0,Tonnes,699.7455470737914,Madhya Maharashtra,2009
Maharashtra,OSMANABAD,Gram,2007-08,Rabi,58400.0,Hectare,44100.0,Tonnes,755.1369863013698,Matathwada,2007
Maharashtra,OSMANABAD,Gram,2008-09,Rabi,102100.0,Hectare,71400.0,Tonnes,699.3143976493633,Matathwada,2008
Maharashtra,OSMANABAD,Gram,2009-10,Rabi,69800.0,Hectare,54200.0,Tonnes,776.5042979942693,Matathwada,2009
Maharashtra,PARBHANI,Gram,2007-08,Rabi,49800.0,Hectare,35200.0,Tonnes,706.8273092369478,Matathwada,2007
Maharashtra,PARBHANI,Gram,2008-09,Rabi,42400.0,Hectare,24800.0,Tonnes,584.9056603773585,Matathwada,2008
Maharashtra,PARBHANI,Gram,2009-10,Rabi,48200.0,Hectare,30000.0,Tonnes,622.4066390041494,Matathwada,2009
Maharashtra,PUNE,Gram,2007-08,Rabi,54900.0,Hectare,37600.0,Tonnes,684.8816029143899,Madhya Maharashtra,2007
Maharashtra,PUNE,Gram,2008-09,Rabi,47400.0,Hectare,35700.0,Tonnes,753.1645569620254,Madhya Maharashtra,2008
Maharashtra,PUNE,Gram,2009-10,Rabi,54100.0,Hectare,42500.0,Tonnes,785.5822550831792,Madhya Maharashtra,2009
Maharashtra,RAIGAD,Gram,2007-08,Rabi,1900.0,Hectare,1500.0,Tonnes,789.4736842105264,Konkan & Goa,2007
Maharashtra,RAIGAD,Gram,2008-09,Rabi,2000.0,Hectare,1400.0,Tonnes,700.0,Konkan & Goa,2008
Maharashtra,RAIGAD,Gram,2009-10,Rabi,2000.0,Hectare,1300.0,Tonnes,650.0,Konkan & Goa,2009
Maharashtra,SANGLI,Gram,2007-08,Rabi,29900.0,Hectare,27600.0,Tonnes,923.0769230769232,Madhya Maharashtra,2007
Maharashtra,SANGLI,Gram,2008-09,Rabi,28100.0,Hectare,18100.0,Tonnes,644.1281138790036,Madhya Maharashtra,2008
Maharashtra,SANGLI,Gram,2009-10,Rabi,34000.0,Hectare,28200.0,Tonnes,829.4117647058824,Madhya Maharashtra,2009
Maharashtra,SATARA,Gram,2007-08,Rabi,30200.0,Hectare,20200.0,Tonnes,668.8741721854304,Madhya Maharashtra,2007
Maharashtra,SATARA,Gram,2008-09,Rabi,28000.0,Hectare,20400.0,Tonnes,728.5714285714286,Madhya Maharashtra,2008
Maharashtra,SATARA,Gram,2009-10,Rabi,28000.0,Hectare,16900.0,Tonnes,603.5714285714286,Madhya Maharashtra,2009
Maharashtra,SOLAPUR,Gram,2007-08,Rabi,40300.0,Hectare,31000.0,Tonnes,769.2307692307693,Madhya Maharashtra,2007
Maharashtra,SOLAPUR,Gram,2008-09,Rabi,38500.0,Hectare,28200.0,Tonnes,732.4675324675325,Madhya Maharashtra,2008
Maharashtra,SOLAPUR,Gram,2009-10,Rabi,47700.0,Hectare,37200.0,Tonnes,779.874213836478,Madhya Maharashtra,2009
Maharashtra,THANE,Gram,2007-08,Rabi,4100.0,Hectare,3300.0,Tonnes,804.8780487804878,Konkan & Goa,2007
Maharashtra,THANE,Gram,2008-09,Rabi,4300.0,Hectare,3000.0,Tonnes,697.6744186046512,Konkan & Goa,2008
Maharashtra,THANE,Gram,2009-10,Rabi,4400.0,Hectare,2900.0,Tonnes,659.090909090909,Konkan & Goa,2009
Maharashtra,WARDHA,Gram,2007-08,Rabi,38200.0,Hectare,27200.0,Tonnes,712.0418848167538,Vidarbha,2007
Maharashtra,WARDHA,Gram,2008-09,Rabi,16800.0,Hectare,9000.0,Tonnes,535.7142857142857,Vidarbha,2008
Maharashtra,WARDHA,Gram,2009-10,Rabi,26600.0,Hectare,14200.0,Tonnes,533.8345864661654,Vidarbha,2009
Maharashtra,WASHIM,Gram,2007-08,Rabi,79500.0,Hectare,61000.0,Tonnes,767.2955974842768,Vidarbha,2007
Maharashtra,WASHIM,Gram,2008-09,Rabi,56500.0,Hectare,42500.0,Tonnes,752.2123893805309,Vidarbha,2008
Maharashtra,YAVATMAL,Gram,2007-08,Rabi,104400.0,Hectare,88500.0,Tonnes,847.7011494252874,Vidarbha,2007
Maharashtra,YAVATMAL,Gram,2008-09,Rabi,33400.0,Hectare,24700.0,Tonnes,739.5209580838323,Vidarbha,2008
Maharashtra,YAVATMAL,Gram,2009-10,Rabi,27600.0,Hectare,17800.0,Tonnes,644.927536231884,Vidarbha,2009
Maharashtra,AHMEDNAGAR,Gram,2010-11,Rabi,115200.0,Hectare,94000.0,Tonnes,815.9722222222222,Madhya Maharashtra,2010
Maharashtra,AHMEDNAGAR,Gram,2011-12,Rabi,45300.0,Hectare,27700.0,Tonnes,611.4790286975717,Madhya Maharashtra,2011
Maharashtra,AHMEDNAGAR,Gram,2012-13,Rabi,59400.0,Hectare,21700.0,Tonnes,365.3198653198653,Madhya Maharashtra,2012
Maharashtra,AKOLA,Gram,2011-12,Rabi,66200.0,Hectare,23800.0,Tonnes,359.5166163141994,Vidarbha,2011
Maharashtra,AKOLA,Gram,2012-13,Rabi,80400.0,Hectare,57900.0,Tonnes,720.1492537313433,Vidarbha,2012
Maharashtra,AMRAVATI,Gram,2010-11,Rabi,99300.0,Hectare,99800.0,Tonnes,1005.0352467270895,Vidarbha,2010
Maharashtra,AMRAVATI,Gram,2011-12,Rabi,68900.0,Hectare,67200.0,Tonnes,975.3265602322207,Vidarbha,2011
Maharashtra,AURANGABAD,Gram,2010-11,Rabi,59900.0,Hectare,55200.0,Tonnes,921.5358931552587,Matathwada,2010
Maharashtra,AURANGABAD,Gram,2011-12,Rabi,39600.0,Hectare,30200.0,Tonnes,762.6262626262627,Matathwada,2011
Maharashtra,BEED,Gram,2010-11,Rabi,57800.0,Hectare,40600.0,Tonnes,702.4221453287197,Matathwada,2010
Maharashtra,BEED,Gram,2011-12,Rabi,39600.0,Hectare,24200.0,Tonnes,611.1111111111112,Matathwada,2011
Maharashtra,BEED,Gram,2012-13,Rabi,39900.0,Hectare,19900.0,Tonnes,498.74686716791973,Matathwada,2012
Maharashtra,BHANDARA,Gram,2010-11,Rabi,8500.0,Hectare,5800.0,Tonnes,682.3529411764706,Vidarbha,2010
Maharashtra,BHANDARA,Gram,2011-12,Rabi,8000.0,Hectare,5600.0,Tonnes,700.0,Vidarbha,2011
Maharashtra,BHANDARA,Gram,2012-13,Rabi,8600.0,Hectare,4300.0,Tonnes,500.0,Vidarbha,2012
Maharashtra,BULDHANA,Gram,2010-11,Rabi,74200.0,Hectare,78700.0,Tonnes,1060.6469002695417,Vidarbha,2010
Maharashtra,BULDHANA,Gram,2011-12,Rabi,48100.0,Hectare,40300.0,Tonnes,837.8378378378378,Vidarbha,2011
Maharashtra,BULDHANA,Gram,2012-13,Rabi,44300.0,Hectare,33000.0,Tonnes,744.920993227991,Vidarbha,2012
Maharashtra,CHANDRAPUR,Gram,2010-11,Rabi,37400.0,Hectare,22400.0,Tonnes,598.9304812834224,Vidarbha,2010
Maharashtra,CHANDRAPUR,Gram,2011-12,Rabi,26800.0,Hectare,15700.0,Tonnes,585.820895522388,Vidarbha,2011
Maharashtra,CHANDRAPUR,Gram,2012-13,Rabi,29100.0,Hectare,23600.0,Tonnes,810.9965635738831,Vidarbha,2012
Maharashtra,DHULE,Gram,2010-11,Rabi,22600.0,Hectare,20000.0,Tonnes,884.9557522123894,Madhya Maharashtra,2010
Maharashtra,DHULE,Gram,2011-12,Rabi,25300.0,Hectare,22900.0,Tonnes,905.1383399209486,Madhya Maharashtra,2011
Maharashtra,DHULE,Gram,2012-13,Rabi,37000.0,Hectare,32300.0,Tonnes,872.9729729729729,Madhya Maharashtra,2012
Maharashtra,GADCHIROLI,Gram,2010-11,Rabi,2800.0,Hectare,1800.0,Tonnes,642.8571428571429,Vidarbha,2010
Maharashtra,GADCHIROLI,Gram,2011-12,Rabi,2400.0,Hectare,1200.0,Tonnes,500.0,Vidarbha,2011
Maharashtra,GADCHIROLI,Gram,2012-13,Rabi,2800.0,Hectare,1500.0,Tonnes,535.7142857142857,Vidarbha,2012
Maharashtra,GONDIA,Gram,2010-11,Rabi,4600.0,Hectare,2700.0,Tonnes,586.9565217391305,Vidarbha,2010
Maharashtra,GONDIA,Gram,2011-12,Rabi,4700.0,Hectare,2500.0,Tonnes,531.9148936170212,Vidarbha,2011
Maharashtra,GONDIA,Gram,2012-13,Rabi,4600.0,Hectare,2600.0,Tonnes,565.2173913043478,Vidarbha,2012
Maharashtra,HINGOLI,Gram,2010-11,Rabi,42400.0,Hectare,27900.0,Tonnes,658.0188679245283,Matathwada,2010
Maharashtra,HINGOLI,Gram,2011-12,Rabi,40200.0,Hectare,37000.0,Tonnes,920.3980099502488,Matathwada,2011
Maharashtra,HINGOLI,Gram,2012-13,Rabi,48900.0,Hectare,36100.0,Tonnes,738.241308793456,Matathwada,2012
Maharashtra,JALGAON,Gram,2010-11,Rabi,70600.0,Hectare,82200.0,Tonnes,1164.3059490084986,Madhya Maharashtra,2010
Maharashtra,JALGAON,Gram,2012-13,Rabi,34400.0,Hectare,24900.0,Tonnes,723.8372093023255,Madhya Maharashtra,2012
Maharashtra,JALNA,Gram,2010-11,Rabi,26100.0,Hectare,19900.0,Tonnes,762.4521072796935,Matathwada,2010
Maharashtra,JALNA,Gram,2011-12,Rabi,22800.0,Hectare,13800.0,Tonnes,605.2631578947369,Matathwada,2011
Maharashtra,KOLHAPUR,Gram,2010-11,Rabi,8500.0,Hectare,7100.0,Tonnes,835.2941176470589,Madhya Maharashtra,2010
Maharashtra,KOLHAPUR,Gram,2012-13,Rabi,9800.0,Hectare,10800.0,Tonnes,1102.0408163265306,Madhya Maharashtra,2012
Maharashtra,LATUR,Gram,2010-11,Rabi,79600.0,Hectare,65600.0,Tonnes,824.1206030150754,Matathwada,2010
Maharashtra,LATUR,Gram,2011-12,Rabi,65400.0,Hectare,57200.0,Tonnes,874.6177370030581,Matathwada,2011
Maharashtra,LATUR,Gram,2012-13,Rabi,71600.0,Hectare,65800.0,Tonnes,918.9944134078212,Matathwada,2012
Maharashtra,NAGPUR,Gram,2010-11,Rabi,84900.0,Hectare,73500.0,Tonnes,865.7243816254418,Vidarbha,2010
Maharashtra,NAGPUR,Gram,2011-12,Rabi,69900.0,Hectare,61800.0,Tonnes,884.1201716738198,Vidarbha,2011
Maharashtra,NAGPUR,Gram,2012-13,Rabi,71000.0,Hectare,60500.0,Tonnes,852.112676056338,Vidarbha,2012
Maharashtra,NANDED,Gram,2010-11,Rabi,52900.0,Hectare,53800.0,Tonnes,1017.0132325141776,Matathwada,2010
Maharashtra,NANDED,Gram,2011-12,Rabi,54500.0,Hectare,42600.0,Tonnes,781.6513761467891,Matathwada,2011
Maharashtra,NANDURBAR,Gram,2010-11,Rabi,27100.0,Hectare,30200.0,Tonnes,1114.391143911439,Madhya Maharashtra,2010
Maharashtra,NANDURBAR,Gram,2011-12,Rabi,15300.0,Hectare,16200.0,Tonnes,1058.8235294117646,Madhya Maharashtra,2011
Maharashtra,NANDURBAR,Gram,2012-13,Rabi,19300.0,Hectare,15700.0,Tonnes,813.4715025906736,Madhya Maharashtra,2012
Maharashtra,NASHIK,Gram,2010-11,Rabi,40600.0,Hectare,31200.0,Tonnes,768.4729064039408,Madhya Maharashtra,2010
Maharashtra,NASHIK,Gram,2011-12,Rabi,37900.0,Hectare,27000.0,Tonnes,712.401055408971,Madhya Maharashtra,2011
Maharashtra,NASHIK,Gram,2012-13,Rabi,25600.0,Hectare,17600.0,Tonnes,687.5,Madhya Maharashtra,2012
Maharashtra,OSMANABAD,Gram,2010-11,Rabi,73900.0,Hectare,62600.0,Tonnes,847.0906630581867,Matathwada,2010
Maharashtra,OSMANABAD,Gram,2011-12,Rabi,54200.0,Hectare,38200.0,Tonnes,704.7970479704798,Matathwada,2011
Maharashtra,OSMANABAD,Gram,2012-13,Rabi,55600.0,Hectare,19400.0,Tonnes,348.9208633093525,Matathwada,2012
Maharashtra,PARBHANI,Gram,2010-11,Rabi,61000.0,Hectare,39800.0,Tonnes,652.4590163934427,Matathwada,2010
Maharashtra,PARBHANI,Gram,2011-12,Rabi,48400.0,Hectare,33400.0,Tonnes,690.0826446280992,Matathwada,2011
Maharashtra,PARBHANI,Gram,2012-13,Rabi,57300.0,Hectare,33500.0,Tonnes,584.6422338568935,Matathwada,2012
Maharashtra,PUNE,Gram,2010-11,Rabi,58100.0,Hectare,55200.0,Tonnes,950.0860585197935,Madhya Maharashtra,2010
Maharashtra,PUNE,Gram,2011-12,Rabi,35400.0,Hectare,33000.0,Tonnes,932.2033898305084,Madhya Maharashtra,2011
Maharashtra,PUNE,Gram,2012-13,Rabi,37800.0,Hectare,27000.0,Tonnes,714.2857142857143,Madhya Maharashtra,2012
Maharashtra,RAIGAD,Gram,2010-11,Rabi,1800.0,Hectare,1600.0,Tonnes,888.8888888888888,Konkan & Goa,2010
Maharashtra,RAIGAD,Gram,2011-12,Rabi,1800.0,Hectare,1600.0,Tonnes,888.8888888888888,Konkan & Goa,2011
Maharashtra,SANGLI,Gram,2010-11,Rabi,37200.0,Hectare,34400.0,Tonnes,924.7311827956987,Madhya Maharashtra,2010
Maharashtra,SANGLI,Gram,2011-12,Rabi,22700.0,Hectare,17400.0,Tonnes,766.5198237885462,Madhya Maharashtra,2011
Maharashtra,SANGLI,Gram,2012-13,Rabi,23900.0,Hectare,14400.0,Tonnes,602.5104602510461,Madhya Maharashtra,2012
Maharashtra,SATARA,Gram,2010-11,Rabi,29900.0,Hectare,24300.0,Tonnes,812.7090301003344,Madhya Maharashtra,2010
Maharashtra,SATARA,Gram,2011-12,Rabi,27300.0,Hectare,18100.0,Tonnes,663.003663003663,Madhya Maharashtra,2011
Maharashtra,SATARA,Gram,2012-13,Rabi,25400.0,Hectare,14100.0,Tonnes,555.1181102362204,Madhya Maharashtra,2012
Maharashtra,SOLAPUR,Gram,2010-11,Rabi,56400.0,Hectare,37500.0,Tonnes,664.8936170212766,Madhya Maharashtra,2010
Maharashtra,SOLAPUR,Gram,2011-12,Rabi,24800.0,Hectare,16400.0,Tonnes,661.2903225806451,Madhya Maharashtra,2011
Maharashtra,SOLAPUR,Gram,2012-13,Rabi,26100.0,Hectare,10900.0,Tonnes,417.6245210727969,Madhya Maharashtra,2012
Maharashtra,THANE,Gram,2010-11,Rabi,4300.0,Hectare,3700.0,Tonnes,860.4651162790698,Konkan & Goa,2010
Maharashtra,THANE,Gram,2011-12,Rabi,4200.0,Hectare,3700.0,Tonnes,880.952380952381,Konkan & Goa,2011
Maharashtra,THANE,Gram,2012-13,Rabi,2500.0,Hectare,1700.0,Tonnes,680.0,Konkan & Goa,2012
Maharashtra,WARDHA,Gram,2010-11,Rabi,27600.0,Hectare,21200.0,Tonnes,768.1159420289855,Vidarbha,2010
Maharashtra,WARDHA,Gram,2011-12,Rabi,28000.0,Hectare,19900.0,Tonnes,710.7142857142858,Vidarbha,2011
Maharashtra,WARDHA,Gram,2012-13,Rabi,30000.0,Hectare,27800.0,Tonnes,926.6666666666666,Vidarbha,2012
Maharashtra,WASHIM,Gram,2010-11,Rabi,68000.0,Hectare,68100.0,Tonnes,1001.4705882352939,Vidarbha,2010
Maharashtra,WASHIM,Gram,2011-12,Rabi,61600.0,Hectare,48000.0,Tonnes,779.2207792207793,Vidarbha,2011
Maharashtra,WASHIM,Gram,2012-13,Rabi,57800.0,Hectare,59000.0,Tonnes,1020.7612456747406,Vidarbha,2012
Maharashtra,YAVATMAL,Gram,2010-11,Rabi,38000.0,Hectare,43900.0,Tonnes,1155.2631578947369,Vidarbha,2010
Maharashtra,AHMEDNAGAR,Gram,2013-14,Rabi,120700.0,Hectare,93300.0,Tonnes,772.9908864954432,Madhya Maharashtra,2013
Maharashtra,AHMEDNAGAR,Gram,2014-15,Rabi,115200.0,Hectare,85200.0,Tonnes,739.5833333333334,Madhya Maharashtra,2014
Maharashtra,AHMEDNAGAR,Gram,2015-16,Rabi,135100.0,Hectare,54300.0,Tonnes,401.9245003700962,Madhya Maharashtra,2015
Maharashtra,AKOLA,Gram,2014-15,Rabi,91100.0,Hectare,59600.0,Tonnes,654.2261251372119,Vidarbha,2014
Maharashtra,AKOLA,Gram,2015-16,Rabi,93400.0,Hectare,60600.0,Tonnes,648.8222698072806,Vidarbha,2015
Maharashtra,AMRAVATI,Gram,2013-14,Rabi,89900.0,Hectare,103300.0,Tonnes,1149.0545050055619,Vidarbha,2013
Maharashtra,AMRAVATI,Gram,2014-15,Rabi,126500.0,Hectare,100400.0,Tonnes,793.6758893280632,Vidarbha,2014
Maharashtra,AMRAVATI,Gram,2015-16,Rabi,125700.0,Hectare,99600.0,Tonnes,792.36276849642,Vidarbha,2015
Maharashtra,AURANGABAD,Gram,2013-14,Rabi,42900.0,Hectare,32600.0,Tonnes,759.9067599067599,Matathwada,2013
Maharashtra,AURANGABAD,Gram,2014-15,Rabi,41800.0,Hectare,16300.0,Tonnes,389.9521531100478,Matathwada,2014
Maharashtra,AURANGABAD,Gram,2015-16,Rabi,46800.0,Hectare,17200.0,Tonnes,367.5213675213675,Matathwada,2015
Maharashtra,BEED,Gram,2013-14,Rabi,63400.0,Hectare,47260.0,Tonnes,745.4258675078864,Matathwada,2013
Maharashtra,BEED,Gram,2014-15,Rabi,64400.0,Hectare,24000.0,Tonnes,372.6708074534161,Matathwada,2014
Maharashtra,BHANDARA,Gram,2013-14,Rabi,11100.0,Hectare,5700.0,Tonnes,513.5135135135134,Vidarbha,2013
Maharashtra,BHANDARA,Gram,2014-15,Rabi,16500.0,Hectare,8200.0,Tonnes,496.9696969696969,Vidarbha,2014
Maharashtra,BHANDARA,Gram,2015-16,Rabi,6900.0,Hectare,2700.0,Tonnes,391.304347826087,Vidarbha,2015
Maharashtra,BULDHANA,Gram,2013-14,Rabi,79000.0,Hectare,63100.0,Tonnes,798.7341772151899,Vidarbha,2013
Maharashtra,BULDHANA,Gram,2014-15,Rabi,57200.0,Hectare,36600.0,Tonnes,639.86013986014,Vidarbha,2014
Maharashtra,BULDHANA,Gram,2015-16,Rabi,55700.0,Hectare,31000.0,Tonnes,556.5529622980251,Vidarbha,2015
Maharashtra,CHANDRAPUR,Gram,2013-14,Rabi,32800.0,Hectare,17200.0,Tonnes,524.390243902439,Vidarbha,2013
Maharashtra,CHANDRAPUR,Gram,2014-15,Rabi,29100.0,Hectare,12000.0,Tonnes,412.37113402061846,Vidarbha,2014
Maharashtra,CHANDRAPUR,Gram,2015-16,Rabi,28600.0,Hectare,18500.0,Tonnes,646.8531468531469,Vidarbha,2015
Maharashtra,DHULE,Gram,2014-15,Rabi,22300.0,Hectare,17800.0,Tonnes,798.2062780269058,Madhya Maharashtra,2014
Maharashtra,DHULE,Gram,2015-16,Rabi,28000.0,Hectare,23640.0,Tonnes,844.2857142857143,Madhya Maharashtra,2015
Maharashtra,GADCHIROLI,Gram,2013-14,Rabi,3600.0,Hectare,1700.0,Tonnes,472.22222222222223,Vidarbha,2013
Maharashtra,GADCHIROLI,Gram,2014-15,Rabi,3800.0,Hectare,2300.0,Tonnes,605.2631578947369,Vidarbha,2014
Maharashtra,GADCHIROLI,Gram,2015-16,Rabi,10200.0,Hectare,4500.0,Tonnes,441.1764705882353,Vidarbha,2015
Maharashtra,GONDIA,Gram,2013-14,Rabi,5900.0,Hectare,2900.0,Tonnes,491.52542372881356,Vidarbha,2013
Maharashtra,GONDIA,Gram,2014-15,Rabi,5200.0,Hectare,3400.0,Tonnes,653.8461538461538,Vidarbha,2014
Maharashtra,GONDIA,Gram,2015-16,Rabi,4100.0,Hectare,2000.0,Tonnes,487.8048780487805,Vidarbha,2015
Maharashtra,HINGOLI,Gram,2013-14,Rabi,99300.0,Hectare,105400.0,Tonnes,1061.4300100704934,Matathwada,2013
Maharashtra,HINGOLI,Gram,2015-16,Rabi,68800.0,Hectare,26500.0,Tonnes,385.1744186046512,Matathwada,2015
Maharashtra,JALGAON,Gram,2013-14,Rabi,34400.0,Hectare,39800.0,Tonnes,1156.9767441860465,Madhya Maharashtra,2013
Maharashtra,JALGAON,Gram,2014-15,Rabi,51600.0,Hectare,54400.0,Tonnes,1054.263565891473,Madhya Maharashtra,2014
Maharashtra,JALGAON,Gram,2015-16,Rabi,49100.0,Hectare,46500.0,Tonnes,947.0468431771895,Madhya Maharashtra,2015
Maharashtra,JALNA,Gram,2013-14,Rabi,26900.0,Hectare,23600.0,Tonnes,877.3234200743495,Matathwada,2013
Maharashtra,KOLHAPUR,Gram,2014-15,Rabi,6300.0,Hectare,5700.0,Tonnes,904.7619047619048,Madhya Maharashtra,2014
Maharashtra,KOLHAPUR,Gram,2015-16,Rabi,4800.0,Hectare,4000.0,Tonnes,833.3333333333334,Madhya Maharashtra,2015
Maharashtra,NAGPUR,Gram,2013-14,Rabi,71700.0,Hectare,45100.0,Tonnes,629.0097629009763,Vidarbha,2013
Maharashtra,NAGPUR,Gram,2014-15,Rabi,67000.0,Hectare,46600.0,Tonnes,695.5223880597015,Vidarbha,2014
Maharashtra,NAGPUR,Gram,2015-16,Rabi,67400.0,Hectare,50900.0,Tonnes,755.192878338279,Vidarbha,2015
Maharashtra,NANDED,Gram,2013-14,Rabi,65300.0,Hectare,59600.0,Tonnes,912.7105666156202,Matathwada,2013
Maharashtra,NANDED,Gram,2014-15,Rabi,51200.0,Hectare,25700.0,Tonnes,501.953125,Matathwada,2014
Maharashtra,NANDURBAR,Gram,2013-14,Rabi,24300.0,Hectare,20800.0,Tonnes,855.9670781893004,Madhya Maharashtra,2013
Maharashtra,NANDURBAR,Gram,2014-15,Rabi,18900.0,Hectare,13400.0,Tonnes,708.994708994709,Madhya Maharashtra,2014
Maharashtra,NANDURBAR,Gram,2015-16,Rabi,18400.0,Hectare,15100.0,Tonnes,820.6521739130435,Madhya Maharashtra,2015
Maharashtra,NASHIK,Gram,2013-14,Rabi,40000.0,Hectare,26220.0,Tonnes,655.5,Madhya Maharashtra,2013
Maharashtra,NASHIK,Gram,2014-15,Rabi,40900.0,Hectare,28500.0,Tonnes,696.8215158924206,Madhya Maharashtra,2014
Maharashtra,NASHIK,Gram,2015-16,Rabi,39900.0,Hectare,26630.0,Tonnes,667.4185463659148,Madhya Maharashtra,2015
Maharashtra,OSMANABAD,Gram,2013-14,Rabi,85900.0,Hectare,74700.0,Tonnes,869.615832363213,Matathwada,2013
Maharashtra,OSMANABAD,Gram,2014-15,Rabi,112900.0,Hectare,48700.0,Tonnes,431.3551815766164,Matathwada,2014
Maharashtra,PALGHAR,Gram,2014-15,Rabi,1200.0,Hectare,900.0,Tonnes,750.0,Konkan & Goa,2014
Maharashtra,PALGHAR,Gram,2015-16,Rabi,1800.0,Hectare,1200.0,Tonnes,666.6666666666666,Konkan & Goa,2015
Maharashtra,PARBHANI,Gram,2013-14,Rabi,67000.0,Hectare,47800.0,Tonnes,713.4328358208955,Matathwada,2013
Maharashtra,PARBHANI,Gram,2014-15,Rabi,45600.0,Hectare,28400.0,Tonnes,622.8070175438597,Matathwada,2014
Maharashtra,PUNE,Gram,2013-14,Rabi,50600.0,Hectare,41200.0,Tonnes,814.2292490118576,Madhya Maharashtra,2013
Maharashtra,PUNE,Gram,2014-15,Rabi,59900.0,Hectare,51800.0,Tonnes,864.7746243739566,Madhya Maharashtra,2014
Maharashtra,PUNE,Gram,2015-16,Rabi,63700.0,Hectare,54500.0,Tonnes,855.5729984301413,Madhya Maharashtra,2015
Maharashtra,RAIGAD,Gram,2015-16,Rabi,900.0,Hectare,600.0,Tonnes,666.6666666666666,Konkan & Goa,2015
Maharashtra,RATNAGIRI,Gram,2015-16,Rabi,20.0,Hectare,10.0,Tonnes,500.0,Konkan & Goa,2015
Maharashtra,SANGLI,Gram,2013-14,Rabi,27400.0,Hectare,20400.0,Tonnes,744.5255474452555,Madhya Maharashtra,2013
Maharashtra,SANGLI,Gram,2014-15,Rabi,27100.0,Hectare,26500.0,Tonnes,977.859778597786,Madhya Maharashtra,2014
Maharashtra,SANGLI,Gram,2015-16,Rabi,22300.0,Hectare,14000.0,Tonnes,627.8026905829597,Madhya Maharashtra,2015
Maharashtra,SATARA,Gram,2013-14,Rabi,25700.0,Hectare,20500.0,Tonnes,797.6653696498055,Madhya Maharashtra,2013
Maharashtra,SATARA,Gram,2014-15,Rabi,34100.0,Hectare,25900.0,Tonnes,759.5307917888563,Madhya Maharashtra,2014
Maharashtra,SATARA,Gram,2015-16,Rabi,27900.0,Hectare,21700.0,Tonnes,777.7777777777778,Madhya Maharashtra,2015
Maharashtra,SOLAPUR,Gram,2013-14,Rabi,35400.0,Hectare,19700.0,Tonnes,556.497175141243,Madhya Maharashtra,2013
Maharashtra,SOLAPUR,Gram,2014-15,Rabi,39500.0,Hectare,29600.0,Tonnes,749.367088607595,Madhya Maharashtra,2014
Maharashtra,THANE,Gram,2014-15,Rabi,3400.0,Hectare,2900.0,Tonnes,852.9411764705882,Konkan & Goa,2014
Maharashtra,THANE,Gram,2015-16,Rabi,1300.0,Hectare,900.0,Tonnes,692.3076923076923,Konkan & Goa,2015
Maharashtra,WARDHA,Gram,2013-14,Rabi,36400.0,Hectare,27500.0,Tonnes,755.4945054945055,Vidarbha,2013
Maharashtra,WARDHA,Gram,2014-15,Rabi,31000.0,Hectare,24400.0,Tonnes,787.0967741935484,Vidarbha,2014
Maharashtra,WARDHA,Gram,2015-16,Rabi,28600.0,Hectare,22300.0,Tonnes,779.7202797202797,Vidarbha,2015
Maharashtra,WASHIM,Gram,2013-14,Rabi,94000.0,Hectare,100700.0,Tonnes,1071.276595744681,Vidarbha,2013
Maharashtra,WASHIM,Gram,2014-15,Rabi,53900.0,Hectare,28700.0,Tonnes,532.4675324675325,Vidarbha,2014
Maharashtra,WASHIM,Gram,2015-16,Rabi,51500.0,Hectare,19200.0,Tonnes,372.8155339805825,Vidarbha,2015
Maharashtra,YAVATMAL,Gram,2013-14,Rabi,45600.0,Hectare,37100.0,Tonnes,813.5964912280702,Vidarbha,2013
Maharashtra,YAVATMAL,Gram,2014-15,Rabi,38500.0,Hectare,32600.0,Tonnes,846.7532467532467,Vidarbha,2014
Maharashtra,YAVATMAL,Gram,2015-16,Rabi,80900.0,Hectare,59700.0,Tonnes,737.9480840543881,Vidarbha,2015
Maharashtra,AHMEDNAGAR,Gram,2016-17,Rabi,160100.0,Hectare,130600.0,Tonnes,815.7401623985008,Madhya Maharashtra,2016
Maharashtra,AHMEDNAGAR,Gram,2017-18,Rabi,208005.00000000003,Hectare,166000.0,Tonnes,798.0577389966587,Madhya Maharashtra,2017
Maharashtra,AHMEDNAGAR,Gram,2018-19,Rabi,149700.0,Hectare,78400.0,Tonnes,523.7140948563795,Madhya Maharashtra,2018
Maharashtra,AKOLA,Gram,2016-17,Rabi,105600.0,Hectare,109200.0,Tonnes,1034.0909090909092,Vidarbha,2016
Maharashtra,AKOLA,Gram,2017-18,Rabi,75300.0,Hectare,80700.0,Tonnes,1071.7131474103585,Vidarbha,2017
Maharashtra,AKOLA,Gram,2018-19,Rabi,84600.0,Hectare,82500.0,Tonnes,975.1773049645391,Vidarbha,2018
Maharashtra,AMRAVATI,Gram,2018-19,Rabi,86310.0,Hectare,89500.0,Tonnes,1036.9597960838837,Vidarbha,2018
Maharashtra,AURANGABAD,Gram,2016-17,Rabi,66400.0,Hectare,73200.0,Tonnes,1102.4096385542168,Matathwada,2016
Maharashtra,AURANGABAD,Gram,2017-18,Rabi,86400.0,Hectare,57800.0,Tonnes,668.9814814814815,Matathwada,2017
Maharashtra,AURANGABAD,Gram,2018-19,Rabi,40650.0,Hectare,24400.0,Tonnes,600.2460024600246,Matathwada,2018
Maharashtra,BEED,Gram,2016-17,Rabi,118200.0,Hectare,100900.0,Tonnes,853.6379018612521,Matathwada,2016
Maharashtra,BEED,Gram,2017-18,Rabi,138400.0,Hectare,83500.0,Tonnes,603.3236994219653,Matathwada,2017
Maharashtra,BEED,Gram,2018-19,Rabi,35450.0,Hectare,31700.0,Tonnes,894.2172073342737,Matathwada,2018
Maharashtra,BHANDARA,Gram,2016-17,Rabi,11000.0,Hectare,7400.0,Tonnes,672.7272727272727,Vidarbha,2016
Maharashtra,BHANDARA,Gram,2017-18,Rabi,11400.0,Hectare,12100.0,Tonnes,1061.4035087719299,Vidarbha,2017
Maharashtra,BHANDARA,Gram,2018-19,Rabi,11460.0,Hectare,13200.0,Tonnes,1151.8324607329844,Vidarbha,2018
Maharashtra,BULDHANA,Gram,2016-17,Rabi,70100.0,Hectare,78400.0,Tonnes,1118.4022824536378,Vidarbha,2016
Maharashtra,BULDHANA,Gram,2017-18,Rabi,132200.0,Hectare,107700.0,Tonnes,814.6747352496218,Vidarbha,2017
Maharashtra,BULDHANA,Gram,2018-19,Rabi,108510.0,Hectare,75200.0,Tonnes,693.0236844530458,Vidarbha,2018
Maharashtra,CHANDRAPUR,Gram,2016-17,Rabi,27900.0,Hectare,15500.0,Tonnes,555.5555555555555,Vidarbha,2016
Maharashtra,CHANDRAPUR,Gram,2017-18,Rabi,23900.0,Hectare,15900.0,Tonnes,665.2719665271967,Vidarbha,2017
Maharashtra,CHANDRAPUR,Gram,2018-19,Rabi,26390.0,Hectare,25100.0,Tonnes,951.1178476695719,Vidarbha,2018
Maharashtra,DHULE,Gram,2018-19,Rabi,61270.00000000001,Hectare,53500.0,Tonnes,873.1842663620042,Madhya Maharashtra,2018
Maharashtra,GADCHIROLI,Gram,2016-17,Rabi,16100.0,Hectare,7200.0,Tonnes,447.2049689440994,Vidarbha,2016
Maharashtra,GADCHIROLI,Gram,2017-18,Rabi,13700.0,Hectare,7300.0,Tonnes,532.8467153284672,Vidarbha,2017
Maharashtra,GADCHIROLI,Gram,2018-19,Rabi,13390.0,Hectare,7800.0,Tonnes,582.5242718446601,Vidarbha,2018
Maharashtra,GONDIA,Gram,2016-17,Rabi,5100.0,Hectare,2600.0,Tonnes,509.8039215686274,Vidarbha,2016
Maharashtra,GONDIA,Gram,2017-18,Rabi,4000.0,Hectare,2700.0,Tonnes,675.0,Vidarbha,2017
Maharashtra,GONDIA,Gram,2018-19,Rabi,4160.0,Hectare,3200.0,Tonnes,769.2307692307693,Vidarbha,2018
Maharashtra,HINGOLI,Gram,2016-17,Rabi,69900.0,Hectare,78700.0,Tonnes,1125.8941344778254,Matathwada,2016
Maharashtra,HINGOLI,Gram,2017-18,Rabi,75199.0,Hectare,84000.0,Tonnes,1117.0361307996116,Matathwada,2017
Maharashtra,HINGOLI,Gram,2018-19,Rabi,60650.0,Hectare,43000.0,Tonnes,708.9859851607584,Matathwada,2018
Maharashtra,JALGAON,Gram,2018-19,Rabi,65870.0,Hectare,71000.0,Tonnes,1077.880674054957,Madhya Maharashtra,2018
Maharashtra,JALNA,Gram,2017-18,Rabi,59200.0,Hectare,43000.0,Tonnes,726.3513513513514,Matathwada,2017
Maharashtra,JALNA,Gram,2018-19,Rabi,23880.0,Hectare,11200.0,Tonnes,469.01172529313226,Matathwada,2018
Maharashtra,KOLHAPUR,Gram,2016-17,Rabi,8900.0,Hectare,7500.0,Tonnes,842.6966292134831,Madhya Maharashtra,2016
Maharashtra,KOLHAPUR,Gram,2017-18,Rabi,5400.0,Hectare,4600.0,Tonnes,851.8518518518518,Madhya Maharashtra,2017
Maharashtra,KOLHAPUR,Gram,2018-19,Rabi,5430.0,Hectare,6400.0,Tonnes,1178.6372007366483,Madhya Maharashtra,2018
Maharashtra,LATUR,Gram,2016-17,Rabi,161100.0,Hectare,158200.0,Tonnes,981.9987585350713,Matathwada,2016
Maharashtra,LATUR,Gram,2017-18,Rabi,209351.00000000003,Hectare,147500.0,Tonnes,704.5583732583077,Matathwada,2017
Maharashtra,LATUR,Gram,2018-19,Rabi,142580.0,Hectare,77600.0,Tonnes,544.255856361341,Matathwada,2018
Maharashtra,NAGPUR,Gram,2016-17,Rabi,63400.0,Hectare,49200.0,Tonnes,776.0252365930598,Vidarbha,2016
Maharashtra,NAGPUR,Gram,2017-18,Rabi,64400.0,Hectare,74600.0,Tonnes,1158.3850931677018,Vidarbha,2017
Maharashtra,NAGPUR,Gram,2018-19,Rabi,58670.00000000001,Hectare,65100.0,Tonnes,1109.596045679223,Vidarbha,2018
Maharashtra,NANDURBAR,Gram,2016-17,Rabi,21200.0,Hectare,22700.0,Tonnes,1070.754716981132,Madhya Maharashtra,2016
Maharashtra,NANDURBAR,Gram,2018-19,Rabi,27440.0,Hectare,26200.0,Tonnes,954.8104956268224,Madhya Maharashtra,2018
Maharashtra,NASHIK,Gram,2016-17,Rabi,59600.0,Hectare,42500.0,Tonnes,713.0872483221476,Madhya Maharashtra,2016
Maharashtra,NASHIK,Gram,2017-18,Rabi,72500.0,Hectare,61700.0,Tonnes,851.0344827586207,Madhya Maharashtra,2017
Maharashtra,NASHIK,Gram,2018-19,Rabi,63079.99999999999,Hectare,47400.0,Tonnes,751.42675967026,Madhya Maharashtra,2018
Maharashtra,OSMANABAD,Gram,2016-17,Rabi,77700.0,Hectare,61600.0,Tonnes,792.7927927927929,Matathwada,2016
Maharashtra,OSMANABAD,Gram,2017-18,Rabi,153482.0,Hectare,117900.0,Tonnes,768.1682542578283,Matathwada,2017
Maharashtra,OSMANABAD,Gram,2018-19,Rabi,86910.0,Hectare,51900.0,Tonnes,597.1694856748361,Matathwada,2018
Maharashtra,PALGHAR,Gram,2016-17,Rabi,1900.0,Hectare,1800.0,Tonnes,947.3684210526317,Konkan & Goa,2016
Maharashtra,PALGHAR,Gram,2017-18,Rabi,1900.0,Hectare,1700.0,Tonnes,894.7368421052631,Konkan & Goa,2017
Maharashtra,PALGHAR,Gram,2018-19,Rabi,1000.0,Hectare,900.0,Tonnes,900.0,Konkan & Goa,2018
Maharashtra,PARBHANI,Gram,2016-17,Rabi,71630.0,Hectare,59825.0,Tonnes,835.1947508027363,Matathwada,2016
Maharashtra,PARBHANI,Gram,2017-18,Rabi,107869.0,Hectare,67192.0,Tonnes,622.9037072745646,Matathwada,2017
Maharashtra,PARBHANI,Gram,2018-19,Rabi,53829.99999999999,Hectare,38500.0,Tonnes,715.2145643693109,Matathwada,2018
Maharashtra,PUNE,Gram,2016-17,Rabi,80500.0,Hectare,86500.0,Tonnes,1074.5341614906831,Madhya Maharashtra,2016
Maharashtra,PUNE,Gram,2017-18,Rabi,90303.0,Hectare,102700.0,Tonnes,1137.2822608329732,Madhya Maharashtra,2017
Maharashtra,PUNE,Gram,2018-19,Rabi,83400.0,Hectare,61400.0,Tonnes,736.2110311750599,Madhya Maharashtra,2018
Maharashtra,RAIGAD,Gram,2016-17,Rabi,900.0,Hectare,800.0,Tonnes,888.8888888888888,Konkan & Goa,2016
Maharashtra,SANGLI,Gram,2016-17,Rabi,28300.0,Hectare,23600.0,Tonnes,833.922261484099,Madhya Maharashtra,2016
Maharashtra,SANGLI,Gram,2017-18,Rabi,29400.0,Hectare,26900.0,Tonnes,914.9659863945578,Madhya Maharashtra,2017
Maharashtra,SANGLI,Gram,2018-19,Rabi,17310.0,Hectare,11900.0,Tonnes,687.4638937030618,Madhya Maharashtra,2018
Maharashtra,SATARA,Gram,2016-17,Rabi,32000.0,Hectare,25600.0,Tonnes,800.0,Madhya Maharashtra,2016
Maharashtra,SATARA,Gram,2017-18,Rabi,31000.0,Hectare,28900.0,Tonnes,932.258064516129,Madhya Maharashtra,2017
Maharashtra,SATARA,Gram,2018-19,Rabi,27520.0,Hectare,24900.0,Tonnes,904.796511627907,Madhya Maharashtra,2018
Maharashtra,SOLAPUR,Gram,2016-17,Rabi,56500.0,Hectare,38100.0,Tonnes,674.3362831858407,Madhya Maharashtra,2016
Maharashtra,SOLAPUR,Gram,2017-18,Rabi,68249.0,Hectare,46100.0,Tonnes,675.467772421574,Madhya Maharashtra,2017
Maharashtra,SOLAPUR,Gram,2018-19,Rabi,50690.0,Hectare,28100.0,Tonnes,554.3499704083646,Madhya Maharashtra,2018
Maharashtra,THANE,Gram,2016-17,Rabi,1400.0,Hectare,1300.0,Tonnes,928.5714285714286,Konkan & Goa,2016
Maharashtra,THANE,Gram,2017-18,Rabi,1400.0,Hectare,1200.0,Tonnes,857.1428571428571,Konkan & Goa,2017
Maharashtra,THANE,Gram,2018-19,Rabi,1110.0,Hectare,1000.0,Tonnes,900.9009009009008,Konkan & Goa,2018
Maharashtra,WARDHA,Gram,2016-17,Rabi,29600.0,Hectare,33800.0,Tonnes,1141.891891891892,Vidarbha,2016
Maharashtra,WARDHA,Gram,2017-18,Rabi,31400.0,Hectare,36800.0,Tonnes,1171.9745222929937,Vidarbha,2017
Maharashtra,WASHIM,Gram,2016-17,Rabi,55100.0,Hectare,49700.0,Tonnes,901.9963702359348,Vidarbha,2016
Maharashtra,WASHIM,Gram,2017-18,Rabi,49600.0,Hectare,35100.0,Tonnes,707.6612903225806,Vidarbha,2017
Maharashtra,WASHIM,Gram,2018-19,Rabi,64590.0,Hectare,56400.0,Tonnes,873.2001857872735,Vidarbha,2018
Maharashtra,YAVATMAL,Gram,2016-17,Rabi,147700.0,Hectare,109100.0,Tonnes,738.6594448205822,Vidarbha,2016
Maharashtra,YAVATMAL,Gram,2017-18,Rabi,94100.0,Hectare,75000.0,Tonnes,797.0244420828906,Vidarbha,2017
Maharashtra,YAVATMAL,Gram,2018-19,Rabi,99180.0,Hectare,112000.0,Tonnes,1129.2599314377899,Vidarbha,2018
Maharashtra,AHMEDNAGAR,Gram,2019-20,Rabi,97038.0,Hectare,82529.0,Tonnes,850.4812547661741,Madhya Maharashtra,2019
Maharashtra,AURANGABAD,Gram,2019-20,Rabi,62754.99999999999,Hectare,63036.0,Tonnes,1004.477730858099,Matathwada,2019
Maharashtra,BEED,Gram,2019-20,Rabi,57617.99999999999,Hectare,57360.0,Tonnes,995.5222326356347,Matathwada,2019
Maharashtra,BHANDARA,Gram,2019-20,Rabi,17551.0,Hectare,12267.0,Tonnes,698.9345336448065,Vidarbha,2019
Maharashtra,CHANDRAPUR,Gram,2019-20,Rabi,41619.0,Hectare,34463.0,Tonnes,828.0592998390158,Vidarbha,2019
Maharashtra,GADCHIROLI,Gram,2019-20,Rabi,13538.999999999998,Hectare,10778.0,Tonnes,796.0706108279786,Vidarbha,2019
Maharashtra,GONDIA,Gram,2019-20,Rabi,8743.0,Hectare,3429.0,Tonnes,392.19947386480607,Vidarbha,2019
Maharashtra,HINGOLI,Gram,2019-20,Rabi,90216.0,Hectare,94151.0,Tonnes,1043.61754012592,Matathwada,2019
Maharashtra,JALNA,Gram,2019-20,Rabi,29420.0,Hectare,30081.0,Tonnes,1022.4677090414684,Matathwada,2019
Maharashtra,KOLHAPUR,Gram,2019-20,Rabi,4557.0,Hectare,4834.0,Tonnes,1060.7856045644064,Madhya Maharashtra,2019
Maharashtra,LATUR,Gram,2019-20,Rabi,181313.0,Hectare,203875.0,Tonnes,1124.436747502937,Matathwada,2019
Maharashtra,NAGPUR,Gram,2019-20,Rabi,61265.0,Hectare,56723.0,Tonnes,925.8630539459723,Vidarbha,2019
Maharashtra,NANDURBAR,Gram,2019-20,Rabi,32014.0,Hectare,31413.0,Tonnes,981.2269632035984,Madhya Maharashtra,2019
Maharashtra,NASHIK,Gram,2019-20,Rabi,63084.0,Hectare,52623.0,Tonnes,834.1734829750809,Madhya Maharashtra,2019
Maharashtra,OSMANABAD,Gram,2019-20,Rabi,196818.0,Hectare,177959.0,Tonnes,904.1805119450455,Matathwada,2019
Maharashtra,PALGHAR,Gram,2019-20,Rabi,997.0,Hectare,726.0,Tonnes,728.1845536609829,Konkan & Goa,2019
Maharashtra,PARBHANI,Gram,2019-20,Rabi,58221.0,Hectare,51901.0,Tonnes,891.448102918191,Matathwada,2019
Maharashtra,PUNE,Gram,2019-20,Rabi,82442.0,Hectare,88439.0,Tonnes,1072.7420489556293,Madhya Maharashtra,2019
Maharashtra,RAIGAD,Gram,2019-20,Rabi,1290.0,Hectare,539.0,Tonnes,417.82945736434107,Konkan & Goa,2019
Maharashtra,RATNAGIRI,Gram,2019-20,Rabi,211.0,Hectare,101.0,Tonnes,478.6729857819905,Konkan & Goa,2019
Maharashtra,SANGLI,Gram,2019-20,Rabi,22047.0,Hectare,19322.0,Tonnes,876.4004172903342,Madhya Maharashtra,2019
Maharashtra,SATARA,Gram,2019-20,Rabi,28312.0,Hectare,27602.0,Tonnes,974.9222944334558,Madhya Maharashtra,2019
Maharashtra,SOLAPUR,Gram,2019-20,Rabi,66926.0,Hectare,54322.0,Tonnes,811.6725936108537,Madhya Maharashtra,2019
Maharashtra,THANE,Gram,2019-20,Rabi,1276.0,Hectare,894.0,Tonnes,700.626959247649,Konkan & Goa,2019
Maharashtra,WARDHA,Gram,2019-20,Rabi,41741.0,Hectare,42329.0,Tonnes,1014.086869025658,Vidarbha,2019
Maharashtra,WASHIM,Gram,2019-20,Rabi,60153.0,Hectare,55415.0,Tonnes,921.2341861586289,Vidarbha,2019
Maharashtra,AHMEDNAGAR,Gram,1997-98,Kharif,40800.0,Hectare,18600.0,Tonnes,455.8823529411764,Madhya Maharashtra,1997
Maharashtra,AHMEDNAGAR,Gram,1998-99,Rabi,59600.0,Hectare,40900.0,Tonnes,686.2416107382551,Madhya Maharashtra,1998
Maharashtra,AHMEDNAGAR,Gram,1999-00,Rabi,55300.0,Hectare,34600.0,Tonnes,625.6781193490054,Madhya Maharashtra,1999
Maharashtra,AHMEDNAGAR,Gram,2000-01,Rabi,61000.0,Hectare,30300.0,Tonnes,496.72131147540983,Madhya Maharashtra,2000
Maharashtra,AKOLA,Gram,1997-98,Kharif,37500.0,Hectare,14800.0,Tonnes,394.66666666666663,Vidarbha,1997
Maharashtra,AKOLA,Gram,1998-99,Rabi,56500.0,Hectare,38600.0,Tonnes,683.1858407079646,Vidarbha,1998
Maharashtra,AKOLA,Gram,1999-00,Rabi,38100.0,Hectare,28900.0,Tonnes,758.5301837270341,Vidarbha,1999
Maharashtra,AMRAVATI,Gram,1997-98,Kharif,48300.0,Hectare,19400.0,Tonnes,401.6563146997929,Vidarbha,1997
Maharashtra,AMRAVATI,Gram,1998-99,Rabi,52400.0,Hectare,41300.0,Tonnes,788.1679389312976,Vidarbha,1998
Maharashtra,AMRAVATI,Gram,1999-00,Rabi,57000.0,Hectare,43300.0,Tonnes,759.6491228070175,Vidarbha,1999
Maharashtra,AMRAVATI,Gram,2000-01,Rabi,36600.0,Hectare,19600.0,Tonnes,535.5191256830601,Vidarbha,2000
Maharashtra,AURANGABAD,Gram,1997-98,Kharif,41100.0,Hectare,14600.0,Tonnes,355.2311435523114,Matathwada,1997
Maharashtra,AURANGABAD,Gram,1998-99,Rabi,48300.0,Hectare,28200.0,Tonnes,583.8509316770186,Matathwada,1998
Maharashtra,AURANGABAD,Gram,1999-00,Rabi,48700.0,Hectare,26400.0,Tonnes,542.0944558521561,Matathwada,1999
Maharashtra,AURANGABAD,Gram,2000-01,Rabi,23200.0,Hectare,10700.0,Tonnes,461.20689655172407,Matathwada,2000
Maharashtra,BEED,Gram,1998-99,Rabi,23600.0,Hectare,11800.0,Tonnes,500.0,Matathwada,1998
Maharashtra,BEED,Gram,1999-00,Rabi,25200.0,Hectare,12700.0,Tonnes,503.968253968254,Matathwada,1999
Maharashtra,BEED,Gram,2000-01,Rabi,26900.0,Hectare,13600.0,Tonnes,505.5762081784386,Matathwada,2000
Maharashtra,BHANDARA,Gram,1998-99,Rabi,9400.0,Hectare,4400.0,Tonnes,468.08510638297867,Vidarbha,1998
Maharashtra,BHANDARA,Gram,1999-00,Rabi,6000.0,Hectare,2600.0,Tonnes,433.3333333333333,Vidarbha,1999
Maharashtra,BHANDARA,Gram,2000-01,Rabi,3700.0,Hectare,1500.0,Tonnes,405.40540540540536,Vidarbha,2000
Maharashtra,BULDHANA,Gram,1997-98,Kharif,26300.0,Hectare,13000.0,Tonnes,494.296577946768,Vidarbha,1997
Maharashtra,BULDHANA,Gram,1998-99,Rabi,45500.0,Hectare,36700.0,Tonnes,806.5934065934066,Vidarbha,1998
Maharashtra,BULDHANA,Gram,1999-00,Rabi,47200.0,Hectare,33500.0,Tonnes,709.7457627118644,Vidarbha,1999
Maharashtra,BULDHANA,Gram,2000-01,Rabi,18300.0,Hectare,9500.0,Tonnes,519.1256830601093,Vidarbha,2000
Maharashtra,CHANDRAPUR,Gram,1998-99,Rabi,15600.0,Hectare,6500.0,Tonnes,416.6666666666667,Vidarbha,1998
Maharashtra,CHANDRAPUR,Gram,1999-00,Rabi,17000.0,Hectare,7300.0,Tonnes,429.4117647058823,Vidarbha,1999
Maharashtra,DHULE,Gram,1997-98,Kharif,27300.0,Hectare,18800.0,Tonnes,688.6446886446886,Madhya Maharashtra,1997
Maharashtra,DHULE,Gram,1998-99,Rabi,31100.0,Hectare,23400.0,Tonnes,752.411575562701,Madhya Maharashtra,1998
Maharashtra,DHULE,Gram,1999-00,Rabi,17900.0,Hectare,10300.0,Tonnes,575.4189944134079,Madhya Maharashtra,1999
Maharashtra,DHULE,Gram,2000-01,Rabi,6800.0,Hectare,3600.0,Tonnes,529.4117647058823,Madhya Maharashtra,2000
Maharashtra,GADCHIROLI,Gram,1998-99,Rabi,3500.0,Hectare,2000.0,Tonnes,571.4285714285714,Vidarbha,1998
Maharashtra,GADCHIROLI,Gram,1999-00,Rabi,3600.0,Hectare,1600.0,Tonnes,444.4444444444444,Vidarbha,1999
Maharashtra,GADCHIROLI,Gram,2000-01,Rabi,8100.0,Hectare,4100.0,Tonnes,506.17283950617286,Vidarbha,2000
Maharashtra,GONDIA,Gram,1999-00,Rabi,21200.0,Hectare,9900.0,Tonnes,466.9811320754717,Vidarbha,1999
Maharashtra,GONDIA,Gram,2000-01,Rabi,2600.0,Hectare,1000.0,Tonnes,384.6153846153846,Vidarbha,2000
Maharashtra,HINGOLI,Gram,2000-01,Rabi,17900.0,Hectare,9200.0,Tonnes,513.9664804469273,Matathwada,2000
Maharashtra,JALGAON,Gram,1997-98,Kharif,50300.0,Hectare,32300.0,Tonnes,642.1471172962226,Madhya Maharashtra,1997
Maharashtra,JALGAON,Gram,1998-99,Rabi,57400.0,Hectare,40100.0,Tonnes,698.6062717770035,Madhya Maharashtra,1998
Maharashtra,JALGAON,Gram,1999-00,Rabi,61100.0,Hectare,48200.0,Tonnes,788.8707037643208,Madhya Maharashtra,1999
Maharashtra,JALGAON,Gram,2000-01,Rabi,25200.0,Hectare,17000.0,Tonnes,674.6031746031747,Madhya Maharashtra,2000
Maharashtra,JALNA,Gram,1998-99,Rabi,15900.0,Hectare,8300.0,Tonnes,522.0125786163522,Matathwada,1998
Maharashtra,JALNA,Gram,1999-00,Rabi,17600.0,Hectare,10900.0,Tonnes,619.3181818181818,Matathwada,1999
Maharashtra,JALNA,Gram,2000-01,Rabi,11900.0,Hectare,5900.0,Tonnes,495.7983193277311,Matathwada,2000
Maharashtra,KOLHAPUR,Gram,1997-98,Kharif,9700.0,Hectare,6700.0,Tonnes,690.7216494845361,Madhya Maharashtra,1997
Maharashtra,KOLHAPUR,Gram,1998-99,Rabi,11300.0,Hectare,7800.0,Tonnes,690.2654867256637,Madhya Maharashtra,1998
Maharashtra,KOLHAPUR,Gram,1999-00,Rabi,12200.0,Hectare,9300.0,Tonnes,762.295081967213,Madhya Maharashtra,1999
Maharashtra,KOLHAPUR,Gram,2000-01,Rabi,12800.0,Hectare,8700.0,Tonnes,679.6875,Madhya Maharashtra,2000
Maharashtra,LATUR,Gram,1997-98,Kharif,22100.0,Hectare,8800.0,Tonnes,398.19004524886867,Matathwada,1997
Maharashtra,LATUR,Gram,1998-99,Rabi,28900.0,Hectare,14800.0,Tonnes,512.1107266435986,Matathwada,1998
Maharashtra,LATUR,Gram,1999-00,Rabi,30300.0,Hectare,18500.0,Tonnes,610.5610561056105,Matathwada,1999
Maharashtra,LATUR,Gram,2000-01,Rabi,32700.0,Hectare,16000.0,Tonnes,489.2966360856269,Matathwada,2000
Maharashtra,NAGPUR,Gram,1998-99,Rabi,37300.0,Hectare,21900.0,Tonnes,587.1313672922251,Vidarbha,1998
Maharashtra,NAGPUR,Gram,1999-00,Rabi,38100.0,Hectare,22100.0,Tonnes,580.0524934383202,Vidarbha,1999
Maharashtra,NAGPUR,Gram,2000-01,Rabi,26700.0,Hectare,12900.0,Tonnes,483.1460674157303,Vidarbha,2000
Maharashtra,NANDED,Gram,1998-99,Rabi,32400.0,Hectare,13900.0,Tonnes,429.0123456790123,Matathwada,1998
Maharashtra,NANDED,Gram,1999-00,Rabi,33800.0,Hectare,20800.0,Tonnes,615.3846153846155,Matathwada,1999
Maharashtra,NANDURBAR,Gram,1999-00,Rabi,3100.0,Hectare,1200.0,Tonnes,387.09677419354836,Madhya Maharashtra,1999
Maharashtra,NASHIK,Gram,1997-98,Kharif,52200.0,Hectare,24700.0,Tonnes,473.1800766283525,Madhya Maharashtra,1997
Maharashtra,NASHIK,Gram,1998-99,Rabi,60300.0,Hectare,39700.0,Tonnes,658.3747927031509,Madhya Maharashtra,1998
Maharashtra,NASHIK,Gram,1999-00,Rabi,60000.0,Hectare,39300.0,Tonnes,655.0,Madhya Maharashtra,1999
Maharashtra,NASHIK,Gram,2000-01,Rabi,24200.0,Hectare,10900.0,Tonnes,450.4132231404958,Madhya Maharashtra,2000
Maharashtra,OSMANABAD,Gram,1998-99,Rabi,50000.0,Hectare,27500.0,Tonnes,550.0,Matathwada,1998
Maharashtra,OSMANABAD,Gram,1999-00,Rabi,50300.0,Hectare,28100.0,Tonnes,558.6481113320079,Matathwada,1999
Maharashtra,OSMANABAD,Gram,2000-01,Rabi,53100.0,Hectare,30100.0,Tonnes,566.8549905838041,Matathwada,2000
Maharashtra,PARBHANI,Gram,1998-99,Rabi,68000.0,Hectare,32700.0,Tonnes,480.88235294117646,Matathwada,1998
Maharashtra,PARBHANI,Gram,1999-00,Rabi,57600.0,Hectare,35100.0,Tonnes,609.375,Matathwada,1999
Maharashtra,PARBHANI,Gram,2000-01,Rabi,34900.0,Hectare,16700.0,Tonnes,478.51002865329514,Matathwada,2000
Maharashtra,PUNE,Gram,1997-98,Kharif,43400.0,Hectare,26100.0,Tonnes,601.3824884792626,Madhya Maharashtra,1997
Maharashtra,PUNE,Gram,1998-99,Rabi,47900.0,Hectare,29900.0,Tonnes,624.2171189979123,Madhya Maharashtra,1998
Maharashtra,PUNE,Gram,1999-00,Rabi,51500.0,Hectare,34700.0,Tonnes,673.7864077669902,Madhya Maharashtra,1999
Maharashtra,PUNE,Gram,2000-01,Rabi,53600.0,Hectare,32200.0,Tonnes,600.7462686567164,Madhya Maharashtra,2000
Maharashtra,RAIGAD,Gram,1997-98,Kharif,2000.0,Hectare,1200.0,Tonnes,600.0,Konkan & Goa,1997
Maharashtra,RAIGAD,Gram,1998-99,Rabi,2100.0,Hectare,1300.0,Tonnes,619.047619047619,Konkan & Goa,1998
Maharashtra,RAIGAD,Gram,1999-00,Rabi,2300.0,Hectare,1500.0,Tonnes,652.1739130434783,Konkan & Goa,1999
Maharashtra,RAIGAD,Gram,2000-01,Rabi,2000.0,Hectare,1100.0,Tonnes,550.0,Konkan & Goa,2000
Maharashtra,RATNAGIRI,Gram,1998-99,Rabi,100.0,Hectare,100.0,Tonnes,1000.0,Konkan & Goa,1998
Maharashtra,SANGLI,Gram,1997-98,Kharif,23500.0,Hectare,13500.0,Tonnes,574.468085106383,Madhya Maharashtra,1997
Maharashtra,SANGLI,Gram,1998-99,Rabi,30700.0,Hectare,25000.0,Tonnes,814.3322475570033,Madhya Maharashtra,1998
Maharashtra,SANGLI,Gram,1999-00,Rabi,31200.0,Hectare,25500.0,Tonnes,817.3076923076923,Madhya Maharashtra,1999
Maharashtra,SANGLI,Gram,2000-01,Rabi,27800.0,Hectare,21400.0,Tonnes,769.7841726618705,Madhya Maharashtra,2000
Maharashtra,SATARA,Gram,1997-98,Kharif,21300.0,Hectare,10700.0,Tonnes,502.3474178403756,Madhya Maharashtra,1997
Maharashtra,SATARA,Gram,1998-99,Rabi,23800.0,Hectare,15900.0,Tonnes,668.0672268907563,Madhya Maharashtra,1998
Maharashtra,SATARA,Gram,1999-00,Rabi,26300.0,Hectare,18400.0,Tonnes,699.6197718631179,Madhya Maharashtra,1999
Maharashtra,SATARA,Gram,2000-01,Rabi,23000.0,Hectare,11700.0,Tonnes,508.695652173913,Madhya Maharashtra,2000
Maharashtra,SOLAPUR,Gram,1997-98,Kharif,32100.0,Hectare,11300.0,Tonnes,352.02492211838,Madhya Maharashtra,1997
Maharashtra,SOLAPUR,Gram,1998-99,Rabi,50500.0,Hectare,28600.0,Tonnes,566.3366336633662,Madhya Maharashtra,1998
Maharashtra,SOLAPUR,Gram,1999-00,Rabi,37800.0,Hectare,25300.0,Tonnes,669.3121693121693,Madhya Maharashtra,1999
Maharashtra,SOLAPUR,Gram,2000-01,Rabi,30700.0,Hectare,17300.0,Tonnes,563.5179153094463,Madhya Maharashtra,2000
Maharashtra,THANE,Gram,1997-98,Kharif,3700.0,Hectare,2200.0,Tonnes,594.5945945945946,Konkan & Goa,1997
Maharashtra,THANE,Gram,1998-99,Rabi,3800.0,Hectare,2300.0,Tonnes,605.2631578947369,Konkan & Goa,1998
Maharashtra,THANE,Gram,1999-00,Rabi,3800.0,Hectare,2500.0,Tonnes,657.8947368421053,Konkan & Goa,1999
Maharashtra,THANE,Gram,2000-01,Rabi,3800.0,Hectare,2000.0,Tonnes,526.3157894736842,Konkan & Goa,2000
Maharashtra,WARDHA,Gram,1998-99,Rabi,19500.0,Hectare,9200.0,Tonnes,471.79487179487177,Vidarbha,1998
Maharashtra,WARDHA,Gram,1999-00,Rabi,21100.0,Hectare,11200.0,Tonnes,530.8056872037915,Vidarbha,1999
Maharashtra,WARDHA,Gram,2000-01,Rabi,16600.0,Hectare,9000.0,Tonnes,542.1686746987951,Vidarbha,2000
Maharashtra,WASHIM,Gram,1999-00,Rabi,22500.0,Hectare,16500.0,Tonnes,733.3333333333333,Vidarbha,1999
Maharashtra,WASHIM,Gram,2000-01,Rabi,17700.0,Hectare,7300.0,Tonnes,412.42937853107344,Vidarbha,2000
Maharashtra,YAVATMAL,Gram,1998-99,Rabi,18800.0,Hectare,9100.0,Tonnes,484.04255319148933,Vidarbha,1998
Maharashtra,YAVATMAL,Gram,1999-00,Rabi,22200.0,Hectare,12000.0,Tonnes,540.5405405405405,Vidarbha,1999
Maharashtra,YAVATMAL,Gram,2000-01,Rabi,13800.0,Hectare,7500.0,Tonnes,543.4782608695651,Vidarbha,2000
Maharashtra,AHMEDNAGAR,Groundnut,2001-02,Kharif,5700.0,Hectare,4500.0,Tonnes,789.4736842105264,Madhya Maharashtra,2001
Maharashtra,AHMEDNAGAR,Groundnut,2001-02,Summer,11000.0,Hectare,17200.0,Tonnes,1563.6363636363635,Madhya Maharashtra,2001
Maharashtra,AHMEDNAGAR,Groundnut,2002-03,Kharif,5800.0,Hectare,4000.0,Tonnes,689.6551724137931,Madhya Maharashtra,2002
Maharashtra,AHMEDNAGAR,Groundnut,2002-03,Summer,5800.0,Hectare,9900.0,Tonnes,1706.896551724138,Madhya Maharashtra,2002
Maharashtra,AHMEDNAGAR,Groundnut,2003-04,Kharif,4200.0,Hectare,2600.0,Tonnes,619.047619047619,Madhya Maharashtra,2003
Maharashtra,AHMEDNAGAR,Groundnut,2003-04,Summer,1300.0,Hectare,2400.0,Tonnes,1846.1538461538464,Madhya Maharashtra,2003
Maharashtra,AKOLA,Groundnut,2001-02,Summer,1400.0,Hectare,1600.0,Tonnes,1142.857142857143,Vidarbha,2001
Maharashtra,AKOLA,Groundnut,2002-03,Summer,900.0,Hectare,1800.0,Tonnes,2000.0,Vidarbha,2002
Maharashtra,AKOLA,Groundnut,2003-04,Kharif,100.0,Hectare,100.0,Tonnes,1000.0,Vidarbha,2003
Maharashtra,AKOLA,Groundnut,2003-04,Summer,700.0,Hectare,700.0,Tonnes,1000.0,Vidarbha,2003
Maharashtra,AMRAVATI,Groundnut,2001-02,Kharif,3400.0,Hectare,3400.0,Tonnes,1000.0,Vidarbha,2001
Maharashtra,AMRAVATI,Groundnut,2001-02,Summer,100.0,Hectare,100.0,Tonnes,1000.0,Vidarbha,2001
Maharashtra,AMRAVATI,Groundnut,2002-03,Kharif,2400.0,Hectare,1400.0,Tonnes,583.3333333333334,Vidarbha,2002
Maharashtra,AMRAVATI,Groundnut,2002-03,Summer,100.0,Hectare,100.0,Tonnes,1000.0,Vidarbha,2002
Maharashtra,AMRAVATI,Groundnut,2003-04,Kharif,1700.0,Hectare,1300.0,Tonnes,764.7058823529411,Vidarbha,2003
Maharashtra,AMRAVATI,Groundnut,2003-04,Summer,300.0,Hectare,400.0,Tonnes,1333.3333333333333,Vidarbha,2003
Maharashtra,AURANGABAD,Groundnut,2001-02,Kharif,5500.0,Hectare,2300.0,Tonnes,418.1818181818181,Matathwada,2001
Maharashtra,AURANGABAD,Groundnut,2001-02,Summer,400.0,Hectare,500.0,Tonnes,1250.0,Matathwada,2001
Maharashtra,AURANGABAD,Groundnut,2002-03,Kharif,8200.0,Hectare,5800.0,Tonnes,707.3170731707316,Matathwada,2002
Maharashtra,AURANGABAD,Groundnut,2002-03,Summer,200.0,Hectare,400.0,Tonnes,2000.0,Matathwada,2002
Maharashtra,AURANGABAD,Groundnut,2003-04,Kharif,8900.0,Hectare,4400.0,Tonnes,494.3820224719101,Matathwada,2003
Maharashtra,AURANGABAD,Groundnut,2003-04,Summer,100.0,Hectare,100.0,Tonnes,1000.0,Matathwada,2003
Maharashtra,BEED,Groundnut,2001-02,Kharif,9800.0,Hectare,4700.0,Tonnes,479.5918367346938,Matathwada,2001
Maharashtra,BEED,Groundnut,2001-02,Summer,2600.0,Hectare,2400.0,Tonnes,923.0769230769232,Matathwada,2001
Maharashtra,BEED,Groundnut,2002-03,Kharif,9300.0,Hectare,4700.0,Tonnes,505.3763440860215,Matathwada,2002
Maharashtra,BEED,Groundnut,2002-03,Summer,1900.0,Hectare,1800.0,Tonnes,947.3684210526317,Matathwada,2002
Maharashtra,BEED,Groundnut,2003-04,Summer,600.0,Hectare,800.0,Tonnes,1333.3333333333333,Matathwada,2003
Maharashtra,BHANDARA,Groundnut,2002-03,Kharif,200.0,Hectare,100.0,Tonnes,500.0,Vidarbha,2002
Maharashtra,BHANDARA,Groundnut,2002-03,Summer,100.0,Hectare,100.0,Tonnes,1000.0,Vidarbha,2002
Maharashtra,BHANDARA,Groundnut,2003-04,Kharif,100.0,Hectare,100.0,Tonnes,1000.0,Vidarbha,2003
Maharashtra,BHANDARA,Groundnut,2003-04,Summer,100.0,Hectare,100.0,Tonnes,1000.0,Vidarbha,2003
Maharashtra,BULDHANA,Groundnut,2001-02,Kharif,2700.0,Hectare,1600.0,Tonnes,592.5925925925926,Vidarbha,2001
Maharashtra,BULDHANA,Groundnut,2001-02,Summer,600.0,Hectare,600.0,Tonnes,1000.0,Vidarbha,2001
Maharashtra,BULDHANA,Groundnut,2002-03,Kharif,1400.0,Hectare,900.0,Tonnes,642.8571428571429,Vidarbha,2002
Maharashtra,BULDHANA,Groundnut,2002-03,Summer,700.0,Hectare,800.0,Tonnes,1142.857142857143,Vidarbha,2002
Maharashtra,BULDHANA,Groundnut,2003-04,Kharif,700.0,Hectare,600.0,Tonnes,857.1428571428571,Vidarbha,2003
Maharashtra,BULDHANA,Groundnut,2003-04,Summer,400.0,Hectare,400.0,Tonnes,1000.0,Vidarbha,2003
Maharashtra,CHANDRAPUR,Groundnut,2001-02,Summer,100.0,Hectare,100.0,Tonnes,1000.0,Vidarbha,2001
Maharashtra,CHANDRAPUR,Groundnut,2002-03,Summer,100.0,Hectare,200.0,Tonnes,2000.0,Vidarbha,2002
Maharashtra,DHULE,Groundnut,2001-02,Kharif,33000.0,Hectare,21300.0,Tonnes,645.4545454545455,Madhya Maharashtra,2001
Maharashtra,DHULE,Groundnut,2001-02,Summer,5400.0,Hectare,8400.0,Tonnes,1555.5555555555557,Madhya Maharashtra,2001
Maharashtra,DHULE,Groundnut,2002-03,Kharif,33100.0,Hectare,19600.0,Tonnes,592.1450151057402,Madhya Maharashtra,2002
Maharashtra,DHULE,Groundnut,2002-03,Summer,6300.0,Hectare,7800.0,Tonnes,1238.0952380952378,Madhya Maharashtra,2002
Maharashtra,DHULE,Groundnut,2003-04,Kharif,31600.0,Hectare,32700.0,Tonnes,1034.8101265822784,Madhya Maharashtra,2003
Maharashtra,DHULE,Groundnut,2003-04,Summer,6300.0,Hectare,7100.0,Tonnes,1126.984126984127,Madhya Maharashtra,2003
Maharashtra,GADCHIROLI,Groundnut,2003-04,Summer,100.0,Hectare,100.0,Tonnes,1000.0,Vidarbha,2003
Maharashtra,GONDIA,Groundnut,2001-02,Summer,100.0,Hectare,100.0,Tonnes,1000.0,Vidarbha,2001
Maharashtra,HINGOLI,Groundnut,2001-02,Summer,4200.0,Hectare,5700.0,Tonnes,1357.142857142857,Matathwada,2001
Maharashtra,HINGOLI,Groundnut,2002-03,Kharif,200.0,Hectare,100.0,Tonnes,500.0,Matathwada,2002
Maharashtra,HINGOLI,Groundnut,2002-03,Summer,5100.0,Hectare,6600.0,Tonnes,1294.1176470588236,Matathwada,2002
Maharashtra,HINGOLI,Groundnut,2003-04,Summer,2700.0,Hectare,3200.0,Tonnes,1185.1851851851852,Matathwada,2003
Maharashtra,JALGAON,Groundnut,2001-02,Kharif,5800.0,Hectare,3400.0,Tonnes,586.2068965517241,Madhya Maharashtra,2001
Maharashtra,JALGAON,Groundnut,2001-02,Summer,1900.0,Hectare,2200.0,Tonnes,1157.8947368421052,Madhya Maharashtra,2001
Maharashtra,JALGAON,Groundnut,2002-03,Kharif,5700.0,Hectare,5000.0,Tonnes,877.1929824561403,Madhya Maharashtra,2002
Maharashtra,JALGAON,Groundnut,2002-03,Summer,2600.0,Hectare,3500.0,Tonnes,1346.1538461538464,Madhya Maharashtra,2002
Maharashtra,JALGAON,Groundnut,2003-04,Kharif,5200.0,Hectare,4800.0,Tonnes,923.0769230769232,Madhya Maharashtra,2003
Maharashtra,JALGAON,Groundnut,2003-04,Summer,3500.0,Hectare,4300.0,Tonnes,1228.5714285714287,Madhya Maharashtra,2003
Maharashtra,JALNA,Groundnut,2001-02,Kharif,1600.0,Hectare,700.0,Tonnes,437.5,Matathwada,2001
Maharashtra,JALNA,Groundnut,2001-02,Summer,700.0,Hectare,900.0,Tonnes,1285.7142857142858,Matathwada,2001
Maharashtra,JALNA,Groundnut,2002-03,Kharif,1200.0,Hectare,1000.0,Tonnes,833.3333333333334,Matathwada,2002
Maharashtra,JALNA,Groundnut,2002-03,Summer,100.0,Hectare,100.0,Tonnes,1000.0,Matathwada,2002
Maharashtra,JALNA,Groundnut,2003-04,Kharif,1100.0,Hectare,800.0,Tonnes,727.2727272727273,Matathwada,2003
Maharashtra,JALNA,Groundnut,2003-04,Summer,100.0,Hectare,100.0,Tonnes,1000.0,Matathwada,2003
Maharashtra,KOLHAPUR,Groundnut,2001-02,Kharif,66900.0,Hectare,132400.0,Tonnes,1979.0732436472347,Madhya Maharashtra,2001
Maharashtra,KOLHAPUR,Groundnut,2002-03,Kharif,65200.0,Hectare,103000.0,Tonnes,1579.7546012269938,Madhya Maharashtra,2002
Maharashtra,KOLHAPUR,Groundnut,2003-04,Kharif,63700.0,Hectare,108500.0,Tonnes,1703.2967032967033,Madhya Maharashtra,2003
Maharashtra,LATUR,Groundnut,2001-02,Summer,400.0,Hectare,400.0,Tonnes,1000.0,Matathwada,2001
Maharashtra,LATUR,Groundnut,2002-03,Summer,200.0,Hectare,100.0,Tonnes,500.0,Matathwada,2002
Maharashtra,LATUR,Groundnut,2003-04,Summer,200.0,Hectare,100.0,Tonnes,500.0,Matathwada,2003
Maharashtra,NAGPUR,Groundnut,2001-02,Kharif,9800.0,Hectare,6600.0,Tonnes,673.469387755102,Vidarbha,2001
Maharashtra,NAGPUR,Groundnut,2001-02,Summer,1000.0,Hectare,1200.0,Tonnes,1200.0,Vidarbha,2001
Maharashtra,NAGPUR,Groundnut,2002-03,Kharif,7100.0,Hectare,4500.0,Tonnes,633.8028169014085,Vidarbha,2002
Maharashtra,NAGPUR,Groundnut,2002-03,Summer,300.0,Hectare,600.0,Tonnes,2000.0,Vidarbha,2002
Maharashtra,NAGPUR,Groundnut,2003-04,Kharif,7400.0,Hectare,6700.0,Tonnes,905.4054054054054,Vidarbha,2003
Maharashtra,NAGPUR,Groundnut,2003-04,Summer,300.0,Hectare,300.0,Tonnes,1000.0,Vidarbha,2003
Maharashtra,NANDED,Groundnut,2001-02,Kharif,200.0,Hectare,100.0,Tonnes,500.0,Matathwada,2001
Maharashtra,NANDED,Groundnut,2001-02,Summer,10100.0,Hectare,11200.0,Tonnes,1108.910891089109,Matathwada,2001
Maharashtra,NANDED,Groundnut,2002-03,Kharif,300.0,Hectare,200.0,Tonnes,666.6666666666666,Matathwada,2002
Maharashtra,NANDED,Groundnut,2002-03,Summer,7300.0,Hectare,10400.0,Tonnes,1424.6575342465753,Matathwada,2002
Maharashtra,NANDED,Groundnut,2003-04,Kharif,200.0,Hectare,100.0,Tonnes,500.0,Matathwada,2003
Maharashtra,NANDED,Groundnut,2003-04,Summer,6800.0,Hectare,10000.0,Tonnes,1470.5882352941178,Matathwada,2003
Maharashtra,NANDURBAR,Groundnut,2001-02,Kharif,9000.0,Hectare,5400.0,Tonnes,600.0,Madhya Maharashtra,2001
Maharashtra,NANDURBAR,Groundnut,2001-02,Summer,3700.0,Hectare,3900.0,Tonnes,1054.054054054054,Madhya Maharashtra,2001
Maharashtra,NANDURBAR,Groundnut,2002-03,Kharif,8400.0,Hectare,4500.0,Tonnes,535.7142857142857,Madhya Maharashtra,2002
Maharashtra,NANDURBAR,Groundnut,2002-03,Summer,5500.0,Hectare,10400.0,Tonnes,1890.9090909090908,Madhya Maharashtra,2002
Maharashtra,NANDURBAR,Groundnut,2003-04,Kharif,8500.0,Hectare,7200.0,Tonnes,847.0588235294117,Madhya Maharashtra,2003
Maharashtra,NANDURBAR,Groundnut,2003-04,Summer,7900.0,Hectare,12000.0,Tonnes,1518.987341772152,Madhya Maharashtra,2003
Maharashtra,NASHIK,Groundnut,2001-02,Kharif,35300.0,Hectare,23300.0,Tonnes,660.056657223796,Madhya Maharashtra,2001
Maharashtra,NASHIK,Groundnut,2001-02,Summer,800.0,Hectare,800.0,Tonnes,1000.0,Madhya Maharashtra,2001
Maharashtra,NASHIK,Groundnut,2002-03,Kharif,35400.0,Hectare,33200.0,Tonnes,937.8531073446328,Madhya Maharashtra,2002
Maharashtra,NASHIK,Groundnut,2002-03,Summer,1000.0,Hectare,1600.0,Tonnes,1600.0,Madhya Maharashtra,2002
Maharashtra,NASHIK,Groundnut,2003-04,Kharif,36100.0,Hectare,25900.0,Tonnes,717.4515235457064,Madhya Maharashtra,2003
Maharashtra,NASHIK,Groundnut,2003-04,Summer,1400.0,Hectare,2400.0,Tonnes,1714.2857142857142,Madhya Maharashtra,2003
Maharashtra,OSMANABAD,Groundnut,2001-02,Summer,700.0,Hectare,700.0,Tonnes,1000.0,Matathwada,2001
Maharashtra,OSMANABAD,Groundnut,2002-03,Kharif,7900.0,Hectare,3700.0,Tonnes,468.35443037974676,Matathwada,2002
Maharashtra,OSMANABAD,Groundnut,2002-03,Summer,500.0,Hectare,800.0,Tonnes,1600.0,Matathwada,2002
Maharashtra,OSMANABAD,Groundnut,2003-04,Summer,100.0,Hectare,100.0,Tonnes,1000.0,Matathwada,2003
Maharashtra,PARBHANI,Groundnut,2001-02,Kharif,200.0,Hectare,100.0,Tonnes,500.0,Matathwada,2001
Maharashtra,PARBHANI,Groundnut,2001-02,Summer,4300.0,Hectare,4300.0,Tonnes,1000.0,Matathwada,2001
Maharashtra,PARBHANI,Groundnut,2002-03,Summer,5900.0,Hectare,7700.0,Tonnes,1305.084745762712,Matathwada,2002
Maharashtra,PARBHANI,Groundnut,2003-04,Summer,3800.0,Hectare,4300.0,Tonnes,1131.578947368421,Matathwada,2003
Maharashtra,PUNE,Groundnut,2001-02,Kharif,42500.0,Hectare,51300.0,Tonnes,1207.0588235294115,Madhya Maharashtra,2001
Maharashtra,PUNE,Groundnut,2001-02,Summer,5100.0,Hectare,10000.0,Tonnes,1960.78431372549,Madhya Maharashtra,2001
Maharashtra,PUNE,Groundnut,2002-03,Kharif,43100.0,Hectare,41900.0,Tonnes,972.1577726218096,Madhya Maharashtra,2002
Maharashtra,PUNE,Groundnut,2002-03,Summer,1900.0,Hectare,4200.0,Tonnes,2210.5263157894738,Madhya Maharashtra,2002
Maharashtra,PUNE,Groundnut,2003-04,Kharif,45600.0,Hectare,52900.0,Tonnes,1160.0877192982455,Madhya Maharashtra,2003
Maharashtra,PUNE,Groundnut,2003-04,Summer,2100.0,Hectare,3200.0,Tonnes,1523.8095238095234,Madhya Maharashtra,2003
Maharashtra,RAIGAD,Groundnut,2001-02,Kharif,100.0,Hectare,100.0,Tonnes,1000.0,Konkan & Goa,2001
Maharashtra,RAIGAD,Groundnut,2001-02,Summer,200.0,Hectare,300.0,Tonnes,1500.0,Konkan & Goa,2001
Maharashtra,RAIGAD,Groundnut,2002-03,Kharif,100.0,Hectare,100.0,Tonnes,1000.0,Konkan & Goa,2002
Maharashtra,RAIGAD,Groundnut,2002-03,Summer,200.0,Hectare,300.0,Tonnes,1500.0,Konkan & Goa,2002
Maharashtra,RAIGAD,Groundnut,2003-04,Kharif,100.0,Hectare,100.0,Tonnes,1000.0,Konkan & Goa,2003
Maharashtra,RAIGAD,Groundnut,2003-04,Summer,200.0,Hectare,300.0,Tonnes,1500.0,Konkan & Goa,2003
Maharashtra,RATNAGIRI,Groundnut,2001-02,Kharif,100.0,Hectare,100.0,Tonnes,1000.0,Konkan & Goa,2001
Maharashtra,RATNAGIRI,Groundnut,2002-03,Kharif,100.0,Hectare,100.0,Tonnes,1000.0,Konkan & Goa,2002
Maharashtra,RATNAGIRI,Groundnut,2002-03,Summer,300.0,Hectare,600.0,Tonnes,2000.0,Konkan & Goa,2002
Maharashtra,RATNAGIRI,Groundnut,2003-04,Kharif,100.0,Hectare,100.0,Tonnes,1000.0,Konkan & Goa,2003
Maharashtra,SANGLI,Groundnut,2001-02,Kharif,34300.0,Hectare,28100.0,Tonnes,819.2419825072886,Madhya Maharashtra,2001
Maharashtra,SANGLI,Groundnut,2001-02,Summer,1000.0,Hectare,1800.0,Tonnes,1800.0,Madhya Maharashtra,2001
Maharashtra,SANGLI,Groundnut,2002-03,Kharif,36400.0,Hectare,24700.0,Tonnes,678.5714285714286,Madhya Maharashtra,2002
Maharashtra,SANGLI,Groundnut,2002-03,Summer,900.0,Hectare,1900.0,Tonnes,2111.1111111111113,Madhya Maharashtra,2002
Maharashtra,SANGLI,Groundnut,2003-04,Kharif,16700.0,Hectare,11500.0,Tonnes,688.622754491018,Madhya Maharashtra,2003
Maharashtra,SATARA,Groundnut,2001-02,Kharif,57900.0,Hectare,81200.0,Tonnes,1402.4179620034545,Madhya Maharashtra,2001
Maharashtra,SATARA,Groundnut,2002-03,Kharif,58300.0,Hectare,68400.0,Tonnes,1173.2418524871355,Madhya Maharashtra,2002
Maharashtra,SATARA,Groundnut,2003-04,Kharif,56700.0,Hectare,83000.0,Tonnes,1463.8447971781304,Madhya Maharashtra,2003
Maharashtra,SINDHUDURG,Groundnut,2001-02,Kharif,1500.0,Hectare,1000.0,Tonnes,666.6666666666666,Konkan & Goa,2001
Maharashtra,SINDHUDURG,Groundnut,2001-02,Summer,3400.0,Hectare,7600.0,Tonnes,2235.294117647059,Konkan & Goa,2001
Maharashtra,SINDHUDURG,Groundnut,2002-03,Kharif,1400.0,Hectare,1100.0,Tonnes,785.7142857142857,Konkan & Goa,2002
Maharashtra,SINDHUDURG,Groundnut,2003-04,Kharif,1500.0,Hectare,1300.0,Tonnes,866.6666666666667,Konkan & Goa,2003
Maharashtra,SINDHUDURG,Groundnut,2003-04,Summer,3400.0,Hectare,7300.0,Tonnes,2147.058823529412,Konkan & Goa,2003
Maharashtra,SOLAPUR,Groundnut,2001-02,Summer,4300.0,Hectare,6300.0,Tonnes,1465.1162790697674,Madhya Maharashtra,2001
Maharashtra,SOLAPUR,Groundnut,2002-03,Kharif,3400.0,Hectare,1600.0,Tonnes,470.58823529411757,Madhya Maharashtra,2002
Maharashtra,SOLAPUR,Groundnut,2002-03,Summer,2500.0,Hectare,2400.0,Tonnes,960.0,Madhya Maharashtra,2002
Maharashtra,SOLAPUR,Groundnut,2003-04,Summer,300.0,Hectare,300.0,Tonnes,1000.0,Madhya Maharashtra,2003
Maharashtra,THANE,Groundnut,2001-02,Kharif,200.0,Hectare,100.0,Tonnes,500.0,Konkan & Goa,2001
Maharashtra,THANE,Groundnut,2001-02,Summer,200.0,Hectare,400.0,Tonnes,2000.0,Konkan & Goa,2001
Maharashtra,THANE,Groundnut,2002-03,Kharif,200.0,Hectare,200.0,Tonnes,1000.0,Konkan & Goa,2002
Maharashtra,THANE,Groundnut,2003-04,Kharif,200.0,Hectare,200.0,Tonnes,1000.0,Konkan & Goa,2003
Maharashtra,THANE,Groundnut,2003-04,Summer,200.0,Hectare,300.0,Tonnes,1500.0,Konkan & Goa,2003
Maharashtra,WARDHA,Groundnut,2001-02,Kharif,2400.0,Hectare,1700.0,Tonnes,708.3333333333334,Vidarbha,2001
Maharashtra,WARDHA,Groundnut,2001-02,Summer,400.0,Hectare,400.0,Tonnes,1000.0,Vidarbha,2001
Maharashtra,WARDHA,Groundnut,2002-03,Kharif,1800.0,Hectare,1200.0,Tonnes,666.6666666666666,Vidarbha,2002
Maharashtra,WARDHA,Groundnut,2002-03,Summer,400.0,Hectare,800.0,Tonnes,2000.0,Vidarbha,2002
Maharashtra,WARDHA,Groundnut,2003-04,Kharif,1500.0,Hectare,1200.0,Tonnes,800.0,Vidarbha,2003
Maharashtra,WARDHA,Groundnut,2003-04,Summer,600.0,Hectare,700.0,Tonnes,1166.6666666666667,Vidarbha,2003
Maharashtra,WASHIM,Groundnut,2001-02,Kharif,200.0,Hectare,200.0,Tonnes,1000.0,Vidarbha,2001
Maharashtra,WASHIM,Groundnut,2001-02,Summer,100.0,Hectare,100.0,Tonnes,1000.0,Vidarbha,2001
Maharashtra,WASHIM,Groundnut,2002-03,Kharif,100.0,Hectare,100.0,Tonnes,1000.0,Vidarbha,2002
Maharashtra,WASHIM,Groundnut,2002-03,Summer,100.0,Hectare,200.0,Tonnes,2000.0,Vidarbha,2002
Maharashtra,WASHIM,Groundnut,2003-04,Kharif,100.0,Hectare,100.0,Tonnes,1000.0,Vidarbha,2003
Maharashtra,WASHIM,Groundnut,2003-04,Summer,100.0,Hectare,100.0,Tonnes,1000.0,Vidarbha,2003
Maharashtra,YAVATMAL,Groundnut,2001-02,Kharif,300.0,Hectare,200.0,Tonnes,666.6666666666666,Vidarbha,2001
Maharashtra,YAVATMAL,Groundnut,2001-02,Summer,6000.0,Hectare,6300.0,Tonnes,1050.0,Vidarbha,2001
Maharashtra,YAVATMAL,Groundnut,2002-03,Kharif,100.0,Hectare,100.0,Tonnes,1000.0,Vidarbha,2002
Maharashtra,YAVATMAL,Groundnut,2002-03,Summer,7600.0,Hectare,11800.0,Tonnes,1552.6315789473683,Vidarbha,2002
Maharashtra,YAVATMAL,Groundnut,2003-04,Kharif,100.0,Hectare,100.0,Tonnes,1000.0,Vidarbha,2003
Maharashtra,YAVATMAL,Groundnut,2003-04,Summer,5100.0,Hectare,5400.0,Tonnes,1058.8235294117646,Vidarbha,2003
Maharashtra,AHMEDNAGAR,Groundnut,2004-05,Kharif,5300.0,Hectare,3900.0,Tonnes,735.8490566037735,Madhya Maharashtra,2004
Maharashtra,AHMEDNAGAR,Groundnut,2004-05,Summer,9500.0,Hectare,11700.0,Tonnes,1231.578947368421,Madhya Maharashtra,2004
Maharashtra,AHMEDNAGAR,Groundnut,2005-06,Kharif,4900.0,Hectare,2400.0,Tonnes,489.7959183673469,Madhya Maharashtra,2005
Maharashtra,AHMEDNAGAR,Groundnut,2005-06,Summer,9500.0,Hectare,16200.0,Tonnes,1705.2631578947369,Madhya Maharashtra,2005
Maharashtra,AHMEDNAGAR,Groundnut,2006-07,Kharif,6100.0,Hectare,4800.0,Tonnes,786.8852459016393,Madhya Maharashtra,2006
Maharashtra,AHMEDNAGAR,Groundnut,2006-07,Summer,8300.0,Hectare,13100.0,Tonnes,1578.3132530120486,Madhya Maharashtra,2006
Maharashtra,AKOLA,Groundnut,2004-05,Summer,500.0,Hectare,300.0,Tonnes,600.0,Vidarbha,2004
Maharashtra,AKOLA,Groundnut,2005-06,Kharif,100.0,Hectare,100.0,Tonnes,1000.0,Vidarbha,2005
Maharashtra,AKOLA,Groundnut,2005-06,Summer,800.0,Hectare,1200.0,Tonnes,1500.0,Vidarbha,2005
Maharashtra,AKOLA,Groundnut,2006-07,Summer,2200.0,Hectare,2800.0000000000005,Tonnes,1272.727272727273,Vidarbha,2006
Maharashtra,AMRAVATI,Groundnut,2004-05,Kharif,1400.0,Hectare,1100.0,Tonnes,785.7142857142857,Vidarbha,2004
Maharashtra,AMRAVATI,Groundnut,2004-05,Summer,600.0,Hectare,1000.0,Tonnes,1666.6666666666667,Vidarbha,2004
Maharashtra,AMRAVATI,Groundnut,2005-06,Kharif,1300.0,Hectare,1000.0,Tonnes,769.2307692307693,Vidarbha,2005
Maharashtra,AMRAVATI,Groundnut,2005-06,Summer,1000.0,Hectare,2000.0,Tonnes,2000.0,Vidarbha,2005
Maharashtra,AMRAVATI,Groundnut,2006-07,Kharif,1300.0,Hectare,900.0,Tonnes,692.3076923076923,Vidarbha,2006
Maharashtra,AURANGABAD,Groundnut,2004-05,Kharif,8500.0,Hectare,5800.0,Tonnes,682.3529411764706,Matathwada,2004
Maharashtra,AURANGABAD,Groundnut,2004-05,Summer,100.0,Hectare,100.0,Tonnes,1000.0,Matathwada,2004
Maharashtra,AURANGABAD,Groundnut,2005-06,Kharif,7500.0,Hectare,4500.0,Tonnes,600.0,Matathwada,2005
Maharashtra,AURANGABAD,Groundnut,2005-06,Summer,200.0,Hectare,300.0,Tonnes,1500.0,Matathwada,2005
Maharashtra,AURANGABAD,Groundnut,2006-07,Kharif,8600.0,Hectare,6500.0,Tonnes,755.8139534883721,Matathwada,2006
Maharashtra,AURANGABAD,Groundnut,2006-07,Summer,300.0,Hectare,300.0,Tonnes,1000.0,Matathwada,2006
Maharashtra,BEED,Groundnut,2004-05,Kharif,7400.0,Hectare,4100.0,Tonnes,554.0540540540541,Matathwada,2004
Maharashtra,BEED,Groundnut,2004-05,Summer,1500.0,Hectare,1700.0,Tonnes,1133.3333333333333,Matathwada,2004
Maharashtra,BEED,Groundnut,2005-06,Kharif,8000.0,Hectare,4600.0,Tonnes,575.0,Matathwada,2005
Maharashtra,BEED,Groundnut,2005-06,Summer,3700.0,Hectare,2899.9999999999995,Tonnes,783.7837837837836,Matathwada,2005
Maharashtra,BEED,Groundnut,2006-07,Kharif,8500.0,Hectare,5000.0,Tonnes,588.2352941176471,Matathwada,2006
Maharashtra,BEED,Groundnut,2006-07,Summer,3100.0,Hectare,3000.0,Tonnes,967.741935483871,Matathwada,2006
Maharashtra,BHANDARA,Groundnut,2004-05,Kharif,100.0,Hectare,100.0,Tonnes,1000.0,Vidarbha,2004
Maharashtra,BHANDARA,Groundnut,2004-05,Summer,100.0,Hectare,100.0,Tonnes,1000.0,Vidarbha,2004
Maharashtra,BHANDARA,Groundnut,2005-06,Summer,200.0,Hectare,100.0,Tonnes,500.0,Vidarbha,2005
Maharashtra,BHANDARA,Groundnut,2006-07,Kharif,100.0,Hectare,100.0,Tonnes,1000.0,Vidarbha,2006
Maharashtra,BHANDARA,Groundnut,2006-07,Summer,200.0,Hectare,200.0,Tonnes,1000.0,Vidarbha,2006
Maharashtra,BULDHANA,Groundnut,2004-05,Kharif,400.0,Hectare,200.0,Tonnes,500.0,Vidarbha,2004
Maharashtra,BULDHANA,Groundnut,2004-05,Summer,200.0,Hectare,100.0,Tonnes,500.0,Vidarbha,2004
Maharashtra,BULDHANA,Groundnut,2005-06,Kharif,300.0,Hectare,200.0,Tonnes,666.6666666666666,Vidarbha,2005
Maharashtra,BULDHANA,Groundnut,2005-06,Summer,100.0,Hectare,100.0,Tonnes,1000.0,Vidarbha,2005
Maharashtra,BULDHANA,Groundnut,2006-07,Kharif,600.0,Hectare,400.0,Tonnes,666.6666666666666,Vidarbha,2006
Maharashtra,BULDHANA,Groundnut,2006-07,Summer,1100.0,Hectare,1300.0,Tonnes,1181.8181818181822,Vidarbha,2006
Maharashtra,CHANDRAPUR,Groundnut,2004-05,Summer,100.0,Hectare,100.0,Tonnes,1000.0,Vidarbha,2004
Maharashtra,CHANDRAPUR,Groundnut,2005-06,Summer,100.0,Hectare,100.0,Tonnes,1000.0,Vidarbha,2005
Maharashtra,CHANDRAPUR,Groundnut,2006-07,Summer,100.0,Hectare,100.0,Tonnes,1000.0,Vidarbha,2006
Maharashtra,DHULE,Groundnut,2004-05,Kharif,29500.0,Hectare,25000.0,Tonnes,847.457627118644,Madhya Maharashtra,2004
Maharashtra,DHULE,Groundnut,2004-05,Summer,8000.0,Hectare,11000.0,Tonnes,1375.0,Madhya Maharashtra,2004
Maharashtra,DHULE,Groundnut,2005-06,Kharif,29400.0,Hectare,18300.0,Tonnes,622.4489795918367,Madhya Maharashtra,2005
Maharashtra,DHULE,Groundnut,2005-06,Summer,3500.0,Hectare,3600.0,Tonnes,1028.5714285714284,Madhya Maharashtra,2005
Maharashtra,DHULE,Groundnut,2006-07,Kharif,32000.0,Hectare,21300.0,Tonnes,665.625,Madhya Maharashtra,2006
Maharashtra,DHULE,Groundnut,2006-07,Summer,5600.000000000001,Hectare,6500.0,Tonnes,1160.7142857142856,Madhya Maharashtra,2006
Maharashtra,HINGOLI,Groundnut,2004-05,Summer,500.0,Hectare,500.0,Tonnes,1000.0,Matathwada,2004
Maharashtra,HINGOLI,Groundnut,2005-06,Summer,8200.0,Hectare,10200.0,Tonnes,1243.9024390243903,Matathwada,2005
Maharashtra,HINGOLI,Groundnut,2006-07,Summer,9700.0,Hectare,10600.0,Tonnes,1092.783505154639,Matathwada,2006
Maharashtra,JALGAON,Groundnut,2004-05,Kharif,4900.0,Hectare,3800.0,Tonnes,775.5102040816327,Madhya Maharashtra,2004
Maharashtra,JALGAON,Groundnut,2004-05,Summer,2900.0,Hectare,3900.0,Tonnes,1344.8275862068965,Madhya Maharashtra,2004
Maharashtra,JALGAON,Groundnut,2005-06,Kharif,3800.0,Hectare,3100.0,Tonnes,815.7894736842105,Madhya Maharashtra,2005
Maharashtra,JALGAON,Groundnut,2005-06,Summer,1800.0,Hectare,2899.9999999999995,Tonnes,1611.1111111111109,Madhya Maharashtra,2005
Maharashtra,JALGAON,Groundnut,2006-07,Kharif,3300.0,Hectare,3000.0,Tonnes,909.0909090909091,Madhya Maharashtra,2006
Maharashtra,JALGAON,Groundnut,2006-07,Summer,2300.0,Hectare,3700.0,Tonnes,1608.695652173913,Madhya Maharashtra,2006
Maharashtra,JALNA,Groundnut,2004-05,Kharif,1200.0,Hectare,1000.0,Tonnes,833.3333333333334,Matathwada,2004
Maharashtra,JALNA,Groundnut,2004-05,Summer,1500.0,Hectare,1200.0,Tonnes,800.0,Matathwada,2004
Maharashtra,JALNA,Groundnut,2005-06,Kharif,1200.0,Hectare,900.0,Tonnes,750.0,Matathwada,2005
Maharashtra,JALNA,Groundnut,2005-06,Summer,1500.0,Hectare,1800.0,Tonnes,1200.0,Matathwada,2005
Maharashtra,JALNA,Groundnut,2006-07,Kharif,1200.0,Hectare,800.0,Tonnes,666.6666666666666,Matathwada,2006
Maharashtra,JALNA,Groundnut,2006-07,Summer,700.0000000000001,Hectare,600.0,Tonnes,857.142857142857,Matathwada,2006
Maharashtra,KOLHAPUR,Groundnut,2004-05,Kharif,66000.0,Hectare,109500.0,Tonnes,1659.0909090909092,Madhya Maharashtra,2004
Maharashtra,KOLHAPUR,Groundnut,2005-06,Kharif,64300.0,Hectare,77900.0,Tonnes,1211.5085536547433,Madhya Maharashtra,2005
Maharashtra,KOLHAPUR,Groundnut,2006-07,Kharif,59100.0,Hectare,58900.0,Tonnes,996.6159052453468,Madhya Maharashtra,2006
Maharashtra,LATUR,Groundnut,2004-05,Summer,300.0,Hectare,300.0,Tonnes,1000.0,Matathwada,2004
Maharashtra,LATUR,Groundnut,2005-06,Kharif,11299.999999999998,Hectare,6600.0,Tonnes,584.0707964601771,Matathwada,2005
Maharashtra,LATUR,Groundnut,2005-06,Summer,800.0,Hectare,900.0,Tonnes,1125.0,Matathwada,2005
Maharashtra,LATUR,Groundnut,2006-07,Kharif,10400.0,Hectare,5400.0,Tonnes,519.2307692307693,Matathwada,2006
Maharashtra,LATUR,Groundnut,2006-07,Summer,800.0,Hectare,400.0,Tonnes,500.0,Matathwada,2006
Maharashtra,NAGPUR,Groundnut,2004-05,Kharif,6700.0,Hectare,3400.0,Tonnes,507.4626865671642,Vidarbha,2004
Maharashtra,NAGPUR,Groundnut,2004-05,Summer,200.0,Hectare,200.0,Tonnes,1000.0,Vidarbha,2004
Maharashtra,NAGPUR,Groundnut,2005-06,Kharif,6500.0,Hectare,5799.999999999999,Tonnes,892.3076923076922,Vidarbha,2005
Maharashtra,NAGPUR,Groundnut,2005-06,Summer,400.0,Hectare,400.0,Tonnes,1000.0,Vidarbha,2005
Maharashtra,NAGPUR,Groundnut,2006-07,Kharif,6100.0,Hectare,5799.999999999999,Tonnes,950.8196721311474,Vidarbha,2006
Maharashtra,NAGPUR,Groundnut,2006-07,Summer,600.0,Hectare,700.0000000000001,Tonnes,1166.666666666667,Vidarbha,2006
Maharashtra,NANDED,Groundnut,2004-05,Summer,4500.0,Hectare,5400.0,Tonnes,1200.0,Matathwada,2004
Maharashtra,NANDED,Groundnut,2005-06,Kharif,400.0,Hectare,200.0,Tonnes,500.0,Matathwada,2005
Maharashtra,NANDED,Groundnut,2005-06,Summer,9100.0,Hectare,12500.0,Tonnes,1373.6263736263736,Matathwada,2005
Maharashtra,NANDED,Groundnut,2006-07,Kharif,400.0,Hectare,200.0,Tonnes,500.0,Matathwada,2006
Maharashtra,NANDED,Groundnut,2006-07,Summer,9100.0,Hectare,11000.0,Tonnes,1208.7912087912086,Matathwada,2006
Maharashtra,NANDURBAR,Groundnut,2004-05,Kharif,8800.0,Hectare,5400.0,Tonnes,613.6363636363636,Madhya Maharashtra,2004
Maharashtra,NANDURBAR,Groundnut,2004-05,Summer,8900.0,Hectare,11500.0,Tonnes,1292.1348314606741,Madhya Maharashtra,2004
Maharashtra,NANDURBAR,Groundnut,2005-06,Kharif,8500.0,Hectare,6200.0,Tonnes,729.4117647058823,Madhya Maharashtra,2005
Maharashtra,NANDURBAR,Groundnut,2005-06,Summer,8900.0,Hectare,17600.0,Tonnes,1977.5280898876404,Madhya Maharashtra,2005
Maharashtra,NANDURBAR,Groundnut,2006-07,Kharif,9900.0,Hectare,7900.0,Tonnes,797.979797979798,Madhya Maharashtra,2006
Maharashtra,NANDURBAR,Groundnut,2006-07,Summer,8900.0,Hectare,14400.0,Tonnes,1617.9775280898875,Madhya Maharashtra,2006
Maharashtra,NASHIK,Groundnut,2004-05,Kharif,35800.0,Hectare,30500.0,Tonnes,851.9553072625698,Madhya Maharashtra,2004
Maharashtra,NASHIK,Groundnut,2004-05,Summer,1600.0,Hectare,1600.0,Tonnes,1000.0,Madhya Maharashtra,2004
Maharashtra,NASHIK,Groundnut,2005-06,Kharif,32300.0,Hectare,27900.0,Tonnes,863.7770897832817,Madhya Maharashtra,2005
Maharashtra,NASHIK,Groundnut,2005-06,Summer,1900.0,Hectare,2100.0,Tonnes,1105.2631578947369,Madhya Maharashtra,2005
Maharashtra,NASHIK,Groundnut,2006-07,Kharif,35200.0,Hectare,24600.0,Tonnes,698.8636363636364,Madhya Maharashtra,2006
Maharashtra,NASHIK,Groundnut,2006-07,Summer,2600.0,Hectare,3000.0,Tonnes,1153.8461538461536,Madhya Maharashtra,2006
Maharashtra,OSMANABAD,Groundnut,2004-05,Kharif,7800.0,Hectare,3600.0,Tonnes,461.5384615384615,Matathwada,2004
Maharashtra,OSMANABAD,Groundnut,2004-05,Summer,1900.0,Hectare,3100.0,Tonnes,1631.578947368421,Matathwada,2004
Maharashtra,OSMANABAD,Groundnut,2005-06,Kharif,7100.0,Hectare,4100.0,Tonnes,577.4647887323944,Matathwada,2005
Maharashtra,OSMANABAD,Groundnut,2005-06,Summer,7000.0,Hectare,8900.0,Tonnes,1271.4285714285713,Matathwada,2005
Maharashtra,OSMANABAD,Groundnut,2006-07,Kharif,8000.0,Hectare,5300.0,Tonnes,662.5,Matathwada,2006
Maharashtra,OSMANABAD,Groundnut,2006-07,Summer,7900.0,Hectare,8400.0,Tonnes,1063.2911392405063,Matathwada,2006
Maharashtra,PARBHANI,Groundnut,2004-05,Summer,2500.0,Hectare,1700.0,Tonnes,680.0,Matathwada,2004
Maharashtra,PARBHANI,Groundnut,2005-06,Summer,8500.0,Hectare,6400.0,Tonnes,752.9411764705882,Matathwada,2005
Maharashtra,PARBHANI,Groundnut,2006-07,Kharif,100.0,Hectare,100.0,Tonnes,1000.0,Matathwada,2006
Maharashtra,PARBHANI,Groundnut,2006-07,Summer,8500.0,Hectare,9000.0,Tonnes,1058.8235294117646,Matathwada,2006
Maharashtra,PUNE,Groundnut,2004-05,Kharif,47200.0,Hectare,42600.0,Tonnes,902.542372881356,Madhya Maharashtra,2004
Maharashtra,PUNE,Groundnut,2004-05,Summer,5300.0,Hectare,9600.0,Tonnes,1811.3207547169807,Madhya Maharashtra,2004
Maharashtra,PUNE,Groundnut,2005-06,Kharif,45900.0,Hectare,39100.0,Tonnes,851.8518518518518,Madhya Maharashtra,2005
Maharashtra,PUNE,Groundnut,2005-06,Summer,5300.0,Hectare,10800.0,Tonnes,2037.7358490566041,Madhya Maharashtra,2005
Maharashtra,PUNE,Groundnut,2006-07,Kharif,45599.99999999999,Hectare,33600.0,Tonnes,736.8421052631579,Madhya Maharashtra,2006
Maharashtra,PUNE,Groundnut,2006-07,Summer,5500.000000000001,Hectare,10100.0,Tonnes,1836.363636363636,Madhya Maharashtra,2006
Maharashtra,RAIGAD,Groundnut,2004-05,Kharif,100.0,Hectare,100.0,Tonnes,1000.0,Konkan & Goa,2004
Maharashtra,RAIGAD,Groundnut,2004-05,Summer,200.0,Hectare,300.0,Tonnes,1500.0,Konkan & Goa,2004
Maharashtra,RAIGAD,Groundnut,2005-06,Kharif,100.0,Hectare,100.0,Tonnes,1000.0,Konkan & Goa,2005
Maharashtra,RAIGAD,Groundnut,2005-06,Summer,200.0,Hectare,300.0,Tonnes,1500.0,Konkan & Goa,2005
Maharashtra,RAIGAD,Groundnut,2006-07,Kharif,100.0,Hectare,100.0,Tonnes,1000.0,Konkan & Goa,2006
Maharashtra,RAIGAD,Groundnut,2006-07,Summer,200.0,Hectare,400.0,Tonnes,2000.0,Konkan & Goa,2006
Maharashtra,RATNAGIRI,Groundnut,2004-05,Kharif,200.0,Hectare,200.0,Tonnes,1000.0,Konkan & Goa,2004
Maharashtra,RATNAGIRI,Groundnut,2005-06,Kharif,200.0,Hectare,200.0,Tonnes,1000.0,Konkan & Goa,2005
Maharashtra,RATNAGIRI,Groundnut,2005-06,Summer,200.0,Hectare,400.0,Tonnes,2000.0,Konkan & Goa,2005
Maharashtra,RATNAGIRI,Groundnut,2006-07,Kharif,200.0,Hectare,100.0,Tonnes,500.0,Konkan & Goa,2006
Maharashtra,RATNAGIRI,Groundnut,2006-07,Summer,200.0,Hectare,400.0,Tonnes,2000.0,Konkan & Goa,2006
Maharashtra,SANGLI,Groundnut,2004-05,Kharif,32100.0,Hectare,23900.0,Tonnes,744.5482866043614,Madhya Maharashtra,2004
Maharashtra,SANGLI,Groundnut,2004-05,Summer,800.0,Hectare,1500.0,Tonnes,1875.0,Madhya Maharashtra,2004
Maharashtra,SANGLI,Groundnut,2005-06,Kharif,35400.0,Hectare,22700.0,Tonnes,641.2429378531074,Madhya Maharashtra,2005
Maharashtra,SANGLI,Groundnut,2005-06,Summer,800.0,Hectare,1600.0,Tonnes,2000.0,Madhya Maharashtra,2005
Maharashtra,SANGLI,Groundnut,2006-07,Kharif,36400.0,Hectare,20100.0,Tonnes,552.1978021978022,Madhya Maharashtra,2006
Maharashtra,SANGLI,Groundnut,2006-07,Summer,500.0,Hectare,1000.0,Tonnes,2000.0,Madhya Maharashtra,2006
Maharashtra,SATARA,Groundnut,2004-05,Kharif,60900.0,Hectare,84900.0,Tonnes,1394.088669950739,Madhya Maharashtra,2004
Maharashtra,SATARA,Groundnut,2005-06,Kharif,59000.0,Hectare,47000.0,Tonnes,796.6101694915254,Madhya Maharashtra,2005
Maharashtra,SATARA,Groundnut,2006-07,Kharif,58300.0,Hectare,42600.0,Tonnes,730.7032590051458,Madhya Maharashtra,2006
Maharashtra,SINDHUDURG,Groundnut,2004-05,Kharif,1400.0,Hectare,1100.0,Tonnes,785.7142857142857,Konkan & Goa,2004
Maharashtra,SINDHUDURG,Groundnut,2004-05,Summer,3400.0,Hectare,7600.0,Tonnes,2235.294117647059,Konkan & Goa,2004
Maharashtra,SINDHUDURG,Groundnut,2005-06,Kharif,1600.0,Hectare,1200.0,Tonnes,750.0,Konkan & Goa,2005
Maharashtra,SINDHUDURG,Groundnut,2005-06,Summer,3400.0,Hectare,7600.0,Tonnes,2235.294117647059,Konkan & Goa,2005
Maharashtra,SINDHUDURG,Groundnut,2006-07,Kharif,1900.0,Hectare,1300.0,Tonnes,684.2105263157895,Konkan & Goa,2006
Maharashtra,SINDHUDURG,Groundnut,2006-07,Summer,3400.0,Hectare,7200.0,Tonnes,2117.647058823529,Konkan & Goa,2006
Maharashtra,SOLAPUR,Groundnut,2004-05,Kharif,5300.0,Hectare,3400.0,Tonnes,641.5094339622641,Madhya Maharashtra,2004
Maharashtra,SOLAPUR,Groundnut,2004-05,Summer,4600.0,Hectare,5600.0,Tonnes,1217.3913043478262,Madhya Maharashtra,2004
Maharashtra,SOLAPUR,Groundnut,2005-06,Kharif,5799.999999999999,Hectare,4200.0,Tonnes,724.1379310344829,Madhya Maharashtra,2005
Maharashtra,SOLAPUR,Groundnut,2005-06,Summer,5900.0,Hectare,7400.0,Tonnes,1254.2372881355932,Madhya Maharashtra,2005
Maharashtra,SOLAPUR,Groundnut,2006-07,Kharif,6100.0,Hectare,3300.0,Tonnes,540.9836065573771,Madhya Maharashtra,2006
Maharashtra,SOLAPUR,Groundnut,2006-07,Summer,5699.999999999999,Hectare,7700.0,Tonnes,1350.8771929824563,Madhya Maharashtra,2006
Maharashtra,THANE,Groundnut,2004-05,Kharif,200.0,Hectare,200.0,Tonnes,1000.0,Konkan & Goa,2004
Maharashtra,THANE,Groundnut,2004-05,Summer,200.0,Hectare,300.0,Tonnes,1500.0,Konkan & Goa,2004
Maharashtra,THANE,Groundnut,2005-06,Kharif,300.0,Hectare,200.0,Tonnes,666.6666666666666,Konkan & Goa,2005
Maharashtra,THANE,Groundnut,2005-06,Summer,200.0,Hectare,400.0,Tonnes,2000.0,Konkan & Goa,2005
Maharashtra,THANE,Groundnut,2006-07,Kharif,300.0,Hectare,200.0,Tonnes,666.6666666666666,Konkan & Goa,2006
Maharashtra,THANE,Groundnut,2006-07,Summer,200.0,Hectare,400.0,Tonnes,2000.0,Konkan & Goa,2006
Maharashtra,WARDHA,Groundnut,2004-05,Kharif,1500.0,Hectare,900.0,Tonnes,600.0,Vidarbha,2004
Maharashtra,WARDHA,Groundnut,2004-05,Summer,1100.0,Hectare,1400.0,Tonnes,1272.7272727272727,Vidarbha,2004
Maharashtra,WARDHA,Groundnut,2005-06,Kharif,1400.0,Hectare,1200.0,Tonnes,857.1428571428571,Vidarbha,2005
Maharashtra,WARDHA,Groundnut,2005-06,Summer,1900.0,Hectare,2200.0,Tonnes,1157.8947368421052,Vidarbha,2005
Maharashtra,WARDHA,Groundnut,2006-07,Kharif,1600.0,Hectare,1700.0,Tonnes,1062.5,Vidarbha,2006
Maharashtra,WARDHA,Groundnut,2006-07,Summer,2100.0,Hectare,2700.0,Tonnes,1285.7142857142858,Vidarbha,2006
Maharashtra,WASHIM,Groundnut,2004-05,Summer,100.0,Hectare,100.0,Tonnes,1000.0,Vidarbha,2004
Maharashtra,WASHIM,Groundnut,2005-06,Summer,400.0,Hectare,600.0,Tonnes,1500.0,Vidarbha,2005
Maharashtra,WASHIM,Groundnut,2006-07,Summer,700.0000000000001,Hectare,900.0,Tonnes,1285.7142857142856,Vidarbha,2006
Maharashtra,YAVATMAL,Groundnut,2004-05,Kharif,200.0,Hectare,100.0,Tonnes,500.0,Vidarbha,2004
Maharashtra,YAVATMAL,Groundnut,2004-05,Summer,1000.0,Hectare,700.0,Tonnes,700.0,Vidarbha,2004
Maharashtra,YAVATMAL,Groundnut,2005-06,Kharif,100.0,Hectare,100.0,Tonnes,1000.0,Vidarbha,2005
Maharashtra,YAVATMAL,Groundnut,2005-06,Summer,12400.0,Hectare,21300.0,Tonnes,1717.741935483871,Vidarbha,2005
Maharashtra,YAVATMAL,Groundnut,2006-07,Kharif,200.0,Hectare,100.0,Tonnes,500.0,Vidarbha,2006
Maharashtra,YAVATMAL,Groundnut,2006-07,Summer,10200.0,Hectare,11200.0,Tonnes,1098.0392156862747,Vidarbha,2006
Maharashtra,AHMEDNAGAR,Groundnut,2007-08,Kharif,6100.0,Hectare,5400.0,Tonnes,885.2459016393442,Madhya Maharashtra,2007
Maharashtra,AHMEDNAGAR,Groundnut,2007-08,Summer,4300.0,Hectare,7100.0,Tonnes,1651.1627906976744,Madhya Maharashtra,2007
Maharashtra,AHMEDNAGAR,Groundnut,2008-09,Kharif,2600.0,Hectare,2200.0,Tonnes,846.1538461538462,Madhya Maharashtra,2008
Maharashtra,AHMEDNAGAR,Groundnut,2008-09,Summer,5800.0,Hectare,9500.0,Tonnes,1637.9310344827588,Madhya Maharashtra,2008
Maharashtra,AHMEDNAGAR,Groundnut,2009-10,Kharif,3600.0,Hectare,2700.0,Tonnes,750.0,Madhya Maharashtra,2009
Maharashtra,AHMEDNAGAR,Groundnut,2009-10,Summer,6800.0,Hectare,9600.0,Tonnes,1411.764705882353,Madhya Maharashtra,2009
Maharashtra,AKOLA,Groundnut,2007-08,Summer,2700.0,Hectare,3900.0,Tonnes,1444.4444444444443,Vidarbha,2007
Maharashtra,AKOLA,Groundnut,2008-09,Summer,2300.0,Hectare,2600.0,Tonnes,1130.4347826086955,Vidarbha,2008
Maharashtra,AKOLA,Groundnut,2009-10,Summer,1900.0,Hectare,3100.0,Tonnes,1631.578947368421,Vidarbha,2009
Maharashtra,AMRAVATI,Groundnut,2007-08,Kharif,1600.0,Hectare,1400.0,Tonnes,875.0,Vidarbha,2007
Maharashtra,AMRAVATI,Groundnut,2007-08,Summer,1000.0,Hectare,1500.0,Tonnes,1500.0,Vidarbha,2007
Maharashtra,AMRAVATI,Groundnut,2008-09,Summer,500.0,Hectare,500.0,Tonnes,1000.0,Vidarbha,2008
Maharashtra,AMRAVATI,Groundnut,2009-10,Kharif,800.0,Hectare,500.0,Tonnes,625.0,Vidarbha,2009
Maharashtra,AMRAVATI,Groundnut,2009-10,Summer,900.0,Hectare,1400.0,Tonnes,1555.5555555555557,Vidarbha,2009
Maharashtra,AURANGABAD,Groundnut,2007-08,Kharif,8600.0,Hectare,8700.0,Tonnes,1011.6279069767442,Matathwada,2007
Maharashtra,AURANGABAD,Groundnut,2007-08,Summer,500.0,Hectare,300.0,Tonnes,600.0,Matathwada,2007
Maharashtra,AURANGABAD,Groundnut,2008-09,Kharif,3600.0,Hectare,3100.0,Tonnes,861.1111111111112,Matathwada,2008
Maharashtra,AURANGABAD,Groundnut,2008-09,Summer,300.0,Hectare,200.0,Tonnes,666.6666666666666,Matathwada,2008
Maharashtra,AURANGABAD,Groundnut,2009-10,Kharif,4400.0,Hectare,4000.0,Tonnes,909.0909090909091,Matathwada,2009
Maharashtra,AURANGABAD,Groundnut,2009-10,Summer,200.0,Hectare,100.0,Tonnes,500.0,Matathwada,2009
Maharashtra,BEED,Groundnut,2007-08,Kharif,7800.0,Hectare,4700.0,Tonnes,602.5641025641025,Matathwada,2007
Maharashtra,BEED,Groundnut,2007-08,Summer,2300.0,Hectare,2400.0,Tonnes,1043.4782608695652,Matathwada,2007
Maharashtra,BEED,Groundnut,2008-09,Kharif,6000.0,Hectare,3200.0,Tonnes,533.3333333333334,Matathwada,2008
Maharashtra,BEED,Groundnut,2008-09,Summer,3400.0,Hectare,3100.0,Tonnes,911.7647058823528,Matathwada,2008
Maharashtra,BEED,Groundnut,2009-10,Kharif,5900.0,Hectare,3700.0,Tonnes,627.1186440677966,Matathwada,2009
Maharashtra,BEED,Groundnut,2009-10,Summer,3900.0,Hectare,3500.0,Tonnes,897.4358974358975,Matathwada,2009
Maharashtra,BHANDARA,Groundnut,2007-08,Summer,200.0,Hectare,100.0,Tonnes,500.0,Vidarbha,2007
Maharashtra,BHANDARA,Groundnut,2008-09,Summer,100.0,Hectare,100.0,Tonnes,1000.0,Vidarbha,2008
Maharashtra,BULDHANA,Groundnut,2007-08,Kharif,600.0,Hectare,500.0,Tonnes,833.3333333333334,Vidarbha,2007
Maharashtra,BULDHANA,Groundnut,2007-08,Summer,1000.0,Hectare,1500.0,Tonnes,1500.0,Vidarbha,2007
Maharashtra,BULDHANA,Groundnut,2008-09,Summer,1600.0,Hectare,1400.0,Tonnes,875.0,Vidarbha,2008
Maharashtra,BULDHANA,Groundnut,2009-10,Summer,500.0,Hectare,600.0,Tonnes,1200.0,Vidarbha,2009
Maharashtra,CHANDRAPUR,Groundnut,2007-08,Summer,200.0,Hectare,200.0,Tonnes,1000.0,Vidarbha,2007
Maharashtra,CHANDRAPUR,Groundnut,2008-09,Summer,100.0,Hectare,100.0,Tonnes,1000.0,Vidarbha,2008
Maharashtra,CHANDRAPUR,Groundnut,2009-10,Summer,100.0,Hectare,100.0,Tonnes,1000.0,Vidarbha,2009
Maharashtra,DHULE,Groundnut,2007-08,Kharif,35700.0,Hectare,29400.0,Tonnes,823.5294117647059,Madhya Maharashtra,2007
Maharashtra,DHULE,Groundnut,2007-08,Summer,10900.0,Hectare,16100.0,Tonnes,1477.0642201834864,Madhya Maharashtra,2007
Maharashtra,DHULE,Groundnut,2008-09,Summer,1800.0,Hectare,2300.0,Tonnes,1277.7777777777776,Madhya Maharashtra,2008
Maharashtra,DHULE,Groundnut,2009-10,Kharif,21600.0,Hectare,16700.0,Tonnes,773.1481481481482,Madhya Maharashtra,2009
Maharashtra,DHULE,Groundnut,2009-10,Summer,2400.0,Hectare,3800.0,Tonnes,1583.3333333333333,Madhya Maharashtra,2009
Maharashtra,HINGOLI,Groundnut,2007-08,Summer,1800.0,Hectare,2400.0,Tonnes,1333.3333333333333,Matathwada,2007
Maharashtra,HINGOLI,Groundnut,2008-09,Summer,700.0,Hectare,700.0,Tonnes,1000.0,Matathwada,2008
Maharashtra,HINGOLI,Groundnut,2009-10,Summer,700.0,Hectare,600.0,Tonnes,857.1428571428571,Matathwada,2009
Maharashtra,JALGAON,Groundnut,2007-08,Kharif,3400.0,Hectare,2800.0,Tonnes,823.5294117647059,Madhya Maharashtra,2007
Maharashtra,JALGAON,Groundnut,2007-08,Summer,4400.0,Hectare,5600.0,Tonnes,1272.7272727272727,Madhya Maharashtra,2007
Maharashtra,JALGAON,Groundnut,2008-09,Kharif,1300.0,Hectare,1000.0,Tonnes,769.2307692307693,Madhya Maharashtra,2008
Maharashtra,JALGAON,Groundnut,2008-09,Summer,3600.0,Hectare,4700.0,Tonnes,1305.5555555555557,Madhya Maharashtra,2008
Maharashtra,JALGAON,Groundnut,2009-10,Kharif,1400.0,Hectare,1500.0,Tonnes,1071.4285714285713,Madhya Maharashtra,2009
Maharashtra,JALGAON,Groundnut,2009-10,Summer,4600.0,Hectare,7500.0,Tonnes,1630.4347826086955,Madhya Maharashtra,2009
Maharashtra,JALNA,Groundnut,2007-08,Kharif,1200.0,Hectare,900.0,Tonnes,750.0,Matathwada,2007
Maharashtra,JALNA,Groundnut,2007-08,Summer,100.0,Hectare,100.0,Tonnes,1000.0,Matathwada,2007
Maharashtra,JALNA,Groundnut,2008-09,Kharif,600.0,Hectare,300.0,Tonnes,500.0,Matathwada,2008
Maharashtra,JALNA,Groundnut,2008-09,Summer,200.0,Hectare,200.0,Tonnes,1000.0,Matathwada,2008
Maharashtra,JALNA,Groundnut,2009-10,Kharif,600.0,Hectare,500.0,Tonnes,833.3333333333334,Matathwada,2009
Maharashtra,JALNA,Groundnut,2009-10,Summer,100.0,Hectare,100.0,Tonnes,1000.0,Matathwada,2009
Maharashtra,KOLHAPUR,Groundnut,2007-08,Kharif,56100.0,Hectare,91300.0,Tonnes,1627.450980392157,Madhya Maharashtra,2007
Maharashtra,KOLHAPUR,Groundnut,2008-09,Kharif,57400.0,Hectare,82200.0,Tonnes,1432.05574912892,Madhya Maharashtra,2008
Maharashtra,KOLHAPUR,Groundnut,2009-10,Kharif,58200.0,Hectare,79800.0,Tonnes,1371.1340206185566,Madhya Maharashtra,2009
Maharashtra,LATUR,Groundnut,2007-08,Kharif,8800.0,Hectare,5900.0,Tonnes,670.4545454545454,Matathwada,2007
Maharashtra,LATUR,Groundnut,2007-08,Summer,800.0,Hectare,700.0,Tonnes,875.0,Matathwada,2007
Maharashtra,LATUR,Groundnut,2008-09,Kharif,3000.0,Hectare,1400.0,Tonnes,466.6666666666667,Matathwada,2008
Maharashtra,LATUR,Groundnut,2008-09,Summer,800.0,Hectare,700.0,Tonnes,875.0,Matathwada,2008
Maharashtra,LATUR,Groundnut,2009-10,Summer,300.0,Hectare,300.0,Tonnes,1000.0,Matathwada,2009
Maharashtra,NAGPUR,Groundnut,2007-08,Kharif,6100.0,Hectare,5200.0,Tonnes,852.4590163934425,Vidarbha,2007
Maharashtra,NAGPUR,Groundnut,2007-08,Summer,900.0,Hectare,1200.0,Tonnes,1333.3333333333333,Vidarbha,2007
Maharashtra,NAGPUR,Groundnut,2008-09,Kharif,6100.0,Hectare,4200.0,Tonnes,688.5245901639344,Vidarbha,2008
Maharashtra,NAGPUR,Groundnut,2008-09,Summer,200.0,Hectare,300.0,Tonnes,1500.0,Vidarbha,2008
Maharashtra,NAGPUR,Groundnut,2009-10,Kharif,5700.0,Hectare,4300.0,Tonnes,754.3859649122808,Vidarbha,2009
Maharashtra,NAGPUR,Groundnut,2009-10,Summer,400.0,Hectare,800.0,Tonnes,2000.0,Vidarbha,2009
Maharashtra,NANDED,Groundnut,2007-08,Kharif,300.0,Hectare,200.0,Tonnes,666.6666666666666,Matathwada,2007
Maharashtra,NANDED,Groundnut,2007-08,Summer,3400.0,Hectare,3400.0,Tonnes,1000.0,Matathwada,2007
Maharashtra,NANDED,Groundnut,2008-09,Kharif,1000.0,Hectare,500.0,Tonnes,500.0,Matathwada,2008
Maharashtra,NANDED,Groundnut,2008-09,Summer,3600.0,Hectare,4000.0,Tonnes,1111.111111111111,Matathwada,2008
Maharashtra,NANDED,Groundnut,2009-10,Summer,1700.0,Hectare,2300.0,Tonnes,1352.9411764705883,Matathwada,2009
Maharashtra,NANDURBAR,Groundnut,2007-08,Kharif,9300.0,Hectare,9700.0,Tonnes,1043.010752688172,Madhya Maharashtra,2007
Maharashtra,NANDURBAR,Groundnut,2007-08,Summer,6700.0,Hectare,13200.0,Tonnes,1970.1492537313432,Madhya Maharashtra,2007
Maharashtra,NANDURBAR,Groundnut,2008-09,Kharif,6100.0,Hectare,4600.0,Tonnes,754.0983606557377,Madhya Maharashtra,2008
Maharashtra,NANDURBAR,Groundnut,2008-09,Summer,6000.0,Hectare,11300.0,Tonnes,1883.3333333333333,Madhya Maharashtra,2008
Maharashtra,NANDURBAR,Groundnut,2009-10,Kharif,7600.0,Hectare,3700.0,Tonnes,486.8421052631579,Madhya Maharashtra,2009
Maharashtra,NANDURBAR,Groundnut,2009-10,Summer,7000.0,Hectare,13100.0,Tonnes,1871.4285714285716,Madhya Maharashtra,2009
Maharashtra,NASHIK,Groundnut,2007-08,Kharif,35200.0,Hectare,32500.0,Tonnes,923.2954545454546,Madhya Maharashtra,2007
Maharashtra,NASHIK,Groundnut,2007-08,Summer,2600.0,Hectare,4000.0,Tonnes,1538.4615384615383,Madhya Maharashtra,2007
Maharashtra,NASHIK,Groundnut,2008-09,Kharif,28800.0,Hectare,26300.0,Tonnes,913.1944444444445,Madhya Maharashtra,2008
Maharashtra,NASHIK,Groundnut,2008-09,Summer,1100.0,Hectare,1500.0,Tonnes,1363.6363636363635,Madhya Maharashtra,2008
Maharashtra,NASHIK,Groundnut,2009-10,Kharif,23400.0,Hectare,16700.0,Tonnes,713.6752136752137,Madhya Maharashtra,2009
Maharashtra,NASHIK,Groundnut,2009-10,Summer,1400.0,Hectare,2000.0,Tonnes,1428.5714285714287,Madhya Maharashtra,2009
Maharashtra,OSMANABAD,Groundnut,2007-08,Kharif,7100.0,Hectare,4000.0,Tonnes,563.3802816901409,Matathwada,2007
Maharashtra,OSMANABAD,Groundnut,2007-08,Summer,2500.0,Hectare,2800.0,Tonnes,1120.0,Matathwada,2007
Maharashtra,OSMANABAD,Groundnut,2008-09,Kharif,9900.0,Hectare,5100.0,Tonnes,515.1515151515151,Matathwada,2008
Maharashtra,OSMANABAD,Groundnut,2008-09,Summer,1600.0,Hectare,2100.0,Tonnes,1312.5,Matathwada,2008
Maharashtra,OSMANABAD,Groundnut,2009-10,Kharif,10700.0,Hectare,5400.0,Tonnes,504.6728971962616,Matathwada,2009
Maharashtra,OSMANABAD,Groundnut,2009-10,Summer,1000.0,Hectare,1000.0,Tonnes,1000.0,Matathwada,2009
Maharashtra,PARBHANI,Groundnut,2007-08,Kharif,200.0,Hectare,100.0,Tonnes,500.0,Matathwada,2007
Maharashtra,PARBHANI,Groundnut,2007-08,Summer,4400.0,Hectare,4500.0,Tonnes,1022.7272727272727,Matathwada,2007
Maharashtra,PARBHANI,Groundnut,2008-09,Summer,4200.0,Hectare,4500.0,Tonnes,1071.4285714285713,Matathwada,2008
Maharashtra,PARBHANI,Groundnut,2009-10,Summer,1500.0,Hectare,2000.0,Tonnes,1333.3333333333333,Matathwada,2009
Maharashtra,PUNE,Groundnut,2007-08,Kharif,46100.0,Hectare,51200.0,Tonnes,1110.6290672451191,Madhya Maharashtra,2007
Maharashtra,PUNE,Groundnut,2007-08,Summer,4500.0,Hectare,8900.0,Tonnes,1977.7777777777776,Madhya Maharashtra,2007
Maharashtra,PUNE,Groundnut,2008-09,Kharif,31000.0,Hectare,29400.0,Tonnes,948.3870967741937,Madhya Maharashtra,2008
Maharashtra,PUNE,Groundnut,2008-09,Summer,3900.0,Hectare,6800.0,Tonnes,1743.5897435897436,Madhya Maharashtra,2008
Maharashtra,PUNE,Groundnut,2009-10,Kharif,33100.0,Hectare,29200.0,Tonnes,882.1752265861027,Madhya Maharashtra,2009
Maharashtra,PUNE,Groundnut,2009-10,Summer,5900.0,Hectare,11700.0,Tonnes,1983.0508474576272,Madhya Maharashtra,2009
Maharashtra,RAIGAD,Groundnut,2007-08,Kharif,100.0,Hectare,100.0,Tonnes,1000.0,Konkan & Goa,2007
Maharashtra,RAIGAD,Groundnut,2007-08,Summer,200.0,Hectare,400.0,Tonnes,2000.0,Konkan & Goa,2007
Maharashtra,RAIGAD,Groundnut,2008-09,Kharif,100.0,Hectare,100.0,Tonnes,1000.0,Konkan & Goa,2008
Maharashtra,RAIGAD,Groundnut,2008-09,Summer,200.0,Hectare,400.0,Tonnes,2000.0,Konkan & Goa,2008
Maharashtra,RAIGAD,Groundnut,2009-10,Kharif,100.0,Hectare,100.0,Tonnes,1000.0,Konkan & Goa,2009
Maharashtra,RAIGAD,Groundnut,2009-10,Summer,200.0,Hectare,300.0,Tonnes,1500.0,Konkan & Goa,2009
Maharashtra,RATNAGIRI,Groundnut,2007-08,Kharif,200.0,Hectare,200.0,Tonnes,1000.0,Konkan & Goa,2007
Maharashtra,RATNAGIRI,Groundnut,2008-09,Kharif,200.0,Hectare,100.0,Tonnes,500.0,Konkan & Goa,2008
Maharashtra,RATNAGIRI,Groundnut,2008-09,Summer,100.0,Hectare,200.0,Tonnes,2000.0,Konkan & Goa,2008
Maharashtra,RATNAGIRI,Groundnut,2009-10,Kharif,200.0,Hectare,200.0,Tonnes,1000.0,Konkan & Goa,2009
Maharashtra,RATNAGIRI,Groundnut,2009-10,Summer,100.0,Hectare,200.0,Tonnes,2000.0,Konkan & Goa,2009
Maharashtra,SANGLI,Groundnut,2007-08,Kharif,38100.0,Hectare,37500.0,Tonnes,984.2519685039371,Madhya Maharashtra,2007
Maharashtra,SANGLI,Groundnut,2007-08,Summer,900.0,Hectare,1900.0,Tonnes,2111.1111111111113,Madhya Maharashtra,2007
Maharashtra,SANGLI,Groundnut,2008-09,Kharif,20600.0,Hectare,14100.0,Tonnes,684.4660194174758,Madhya Maharashtra,2008
Maharashtra,SANGLI,Groundnut,2008-09,Summer,600.0,Hectare,1000.0,Tonnes,1666.6666666666667,Madhya Maharashtra,2008
Maharashtra,SANGLI,Groundnut,2009-10,Kharif,25500.0,Hectare,27100.0,Tonnes,1062.7450980392157,Madhya Maharashtra,2009
Maharashtra,SANGLI,Groundnut,2009-10,Summer,700.0,Hectare,1200.0,Tonnes,1714.2857142857142,Madhya Maharashtra,2009
Maharashtra,SATARA,Groundnut,2007-08,Kharif,50300.0,Hectare,69200.0,Tonnes,1375.7455268389663,Madhya Maharashtra,2007
Maharashtra,SATARA,Groundnut,2008-09,Kharif,46300.0,Hectare,67400.0,Tonnes,1455.7235421166306,Madhya Maharashtra,2008
Maharashtra,SATARA,Groundnut,2008-09,Summer,3400.0,Hectare,6600.0,Tonnes,1941.1764705882356,Madhya Maharashtra,2008
Maharashtra,SATARA,Groundnut,2009-10,Kharif,49300.0,Hectare,63100.0,Tonnes,1279.9188640973632,Madhya Maharashtra,2009
Maharashtra,SATARA,Groundnut,2009-10,Summer,4000.0,Hectare,8900.0,Tonnes,2225.0,Madhya Maharashtra,2009
Maharashtra,SINDHUDURG,Groundnut,2007-08,Kharif,2000.0,Hectare,1800.0,Tonnes,900.0,Konkan & Goa,2007
Maharashtra,SINDHUDURG,Groundnut,2008-09,Kharif,2100.0,Hectare,1400.0,Tonnes,666.6666666666666,Konkan & Goa,2008
Maharashtra,SINDHUDURG,Groundnut,2008-09,Summer,3500.0,Hectare,6600.0,Tonnes,1885.7142857142858,Konkan & Goa,2008
Maharashtra,SINDHUDURG,Groundnut,2009-10,Kharif,2100.0,Hectare,2100.0,Tonnes,1000.0,Konkan & Goa,2009
Maharashtra,SINDHUDURG,Groundnut,2009-10,Summer,3400.0,Hectare,6000.0,Tonnes,1764.7058823529412,Konkan & Goa,2009
Maharashtra,SOLAPUR,Groundnut,2007-08,Kharif,2800.0,Hectare,1900.0,Tonnes,678.5714285714286,Madhya Maharashtra,2007
Maharashtra,SOLAPUR,Groundnut,2007-08,Summer,9400.0,Hectare,13900.0,Tonnes,1478.7234042553193,Madhya Maharashtra,2007
Maharashtra,SOLAPUR,Groundnut,2008-09,Kharif,1100.0,Hectare,1100.0,Tonnes,1000.0,Madhya Maharashtra,2008
Maharashtra,SOLAPUR,Groundnut,2008-09,Summer,7000.0,Hectare,10200.0,Tonnes,1457.142857142857,Madhya Maharashtra,2008
Maharashtra,SOLAPUR,Groundnut,2009-10,Kharif,2500.0,Hectare,1100.0,Tonnes,440.0,Madhya Maharashtra,2009
Maharashtra,SOLAPUR,Groundnut,2009-10,Summer,7000.0,Hectare,10800.0,Tonnes,1542.857142857143,Madhya Maharashtra,2009
Maharashtra,THANE,Groundnut,2007-08,Kharif,300.0,Hectare,300.0,Tonnes,1000.0,Konkan & Goa,2007
Maharashtra,THANE,Groundnut,2007-08,Summer,200.0,Hectare,300.0,Tonnes,1500.0,Konkan & Goa,2007
Maharashtra,THANE,Groundnut,2008-09,Kharif,300.0,Hectare,200.0,Tonnes,666.6666666666666,Konkan & Goa,2008
Maharashtra,THANE,Groundnut,2009-10,Kharif,200.0,Hectare,200.0,Tonnes,1000.0,Konkan & Goa,2009
Maharashtra,WARDHA,Groundnut,2007-08,Kharif,1100.0,Hectare,800.0,Tonnes,727.2727272727273,Vidarbha,2007
Maharashtra,WARDHA,Groundnut,2007-08,Summer,2700.0,Hectare,4000.0,Tonnes,1481.4814814814813,Vidarbha,2007
Maharashtra,WARDHA,Groundnut,2008-09,Kharif,600.0,Hectare,400.0,Tonnes,666.6666666666666,Vidarbha,2008
Maharashtra,WARDHA,Groundnut,2008-09,Summer,700.0,Hectare,700.0,Tonnes,1000.0,Vidarbha,2008
Maharashtra,WARDHA,Groundnut,2009-10,Kharif,200.0,Hectare,100.0,Tonnes,500.0,Vidarbha,2009
Maharashtra,WARDHA,Groundnut,2009-10,Summer,900.0,Hectare,1100.0,Tonnes,1222.2222222222224,Vidarbha,2009
Maharashtra,WASHIM,Groundnut,2007-08,Summer,800.0,Hectare,1300.0,Tonnes,1625.0,Vidarbha,2007
Maharashtra,WASHIM,Groundnut,2008-09,Summer,100.0,Hectare,100.0,Tonnes,1000.0,Vidarbha,2008
Maharashtra,WASHIM,Groundnut,2009-10,Summer,100.0,Hectare,200.0,Tonnes,2000.0,Vidarbha,2009
Maharashtra,YAVATMAL,Groundnut,2007-08,Kharif,200.0,Hectare,200.0,Tonnes,1000.0,Vidarbha,2007
Maharashtra,YAVATMAL,Groundnut,2007-08,Summer,10600.0,Hectare,11800.0,Tonnes,1113.2075471698113,Vidarbha,2007
Maharashtra,YAVATMAL,Groundnut,2008-09,Kharif,100.0,Hectare,100.0,Tonnes,1000.0,Vidarbha,2008
Maharashtra,YAVATMAL,Groundnut,2008-09,Summer,2900.0,Hectare,3000.0,Tonnes,1034.4827586206895,Vidarbha,2008
Maharashtra,YAVATMAL,Groundnut,2009-10,Kharif,100.0,Hectare,100.0,Tonnes,1000.0,Vidarbha,2009
Maharashtra,YAVATMAL,Groundnut,2009-10,Summer,1100.0,Hectare,1600.0,Tonnes,1454.5454545454545,Vidarbha,2009
Maharashtra,AHMEDNAGAR,Groundnut,2010-11,Kharif,4200.0,Hectare,3600.0,Tonnes,857.1428571428571,Madhya Maharashtra,2010
Maharashtra,AHMEDNAGAR,Groundnut,2010-11,Summer,8100.0,Hectare,11300.0,Tonnes,1395.0617283950617,Madhya Maharashtra,2010
Maharashtra,AHMEDNAGAR,Groundnut,2011-12,Kharif,4500.0,Hectare,3300.0,Tonnes,733.3333333333333,Madhya Maharashtra,2011
Maharashtra,AHMEDNAGAR,Groundnut,2011-12,Summer,6800.0,Hectare,10500.0,Tonnes,1544.1176470588236,Madhya Maharashtra,2011
Maharashtra,AHMEDNAGAR,Groundnut,2012-13,Kharif,4200.0,Hectare,2400.0,Tonnes,571.4285714285714,Madhya Maharashtra,2012
Maharashtra,AHMEDNAGAR,Groundnut,2012-13,Summer,1000.0,Hectare,1200.0,Tonnes,1200.0,Madhya Maharashtra,2012
Maharashtra,AKOLA,Groundnut,2010-11,Summer,2200.0,Hectare,3900.0,Tonnes,1772.7272727272727,Vidarbha,2010
Maharashtra,AKOLA,Groundnut,2011-12,Summer,2500.0,Hectare,4800.0,Tonnes,1920.0,Vidarbha,2011
Maharashtra,AMRAVATI,Groundnut,2010-11,Kharif,800.0,Hectare,600.0,Tonnes,750.0,Vidarbha,2010
Maharashtra,AMRAVATI,Groundnut,2010-11,Summer,800.0,Hectare,1200.0,Tonnes,1500.0,Vidarbha,2010
Maharashtra,AMRAVATI,Groundnut,2011-12,Kharif,900.0,Hectare,900.0,Tonnes,1000.0,Vidarbha,2011
Maharashtra,AMRAVATI,Groundnut,2011-12,Summer,1000.0,Hectare,1400.0,Tonnes,1400.0,Vidarbha,2011
Maharashtra,AMRAVATI,Groundnut,2012-13,Kharif,900.0,Hectare,1000.0,Tonnes,1111.111111111111,Vidarbha,2012
Maharashtra,AMRAVATI,Groundnut,2012-13,Summer,1700.0,Hectare,3100.0,Tonnes,1823.5294117647056,Vidarbha,2012
Maharashtra,AURANGABAD,Groundnut,2010-11,Kharif,5900.0,Hectare,4900.0,Tonnes,830.5084745762712,Matathwada,2010
Maharashtra,AURANGABAD,Groundnut,2010-11,Summer,200.0,Hectare,300.0,Tonnes,1500.0,Matathwada,2010
Maharashtra,AURANGABAD,Groundnut,2011-12,Kharif,5600.0,Hectare,4500.0,Tonnes,803.5714285714286,Matathwada,2011
Maharashtra,AURANGABAD,Groundnut,2011-12,Summer,200.0,Hectare,200.0,Tonnes,1000.0,Matathwada,2011
Maharashtra,AURANGABAD,Groundnut,2012-13,Kharif,5600.0,Hectare,3000.0,Tonnes,535.7142857142857,Matathwada,2012
Maharashtra,BEED,Groundnut,2010-11,Kharif,4900.0,Hectare,3000.0,Tonnes,612.2448979591837,Matathwada,2010
Maharashtra,BEED,Groundnut,2010-11,Summer,4400.0,Hectare,4200.0,Tonnes,954.5454545454546,Matathwada,2010
Maharashtra,BEED,Groundnut,2011-12,Kharif,3700.0,Hectare,2500.0,Tonnes,675.6756756756756,Matathwada,2011
Maharashtra,BEED,Groundnut,2011-12,Summer,4200.0,Hectare,4800.0,Tonnes,1142.857142857143,Matathwada,2011
Maharashtra,BEED,Groundnut,2012-13,Kharif,3700.0,Hectare,1700.0,Tonnes,459.4594594594595,Matathwada,2012
Maharashtra,BEED,Groundnut,2012-13,Summer,1400.0,Hectare,1300.0,Tonnes,928.5714285714286,Matathwada,2012
Maharashtra,BHANDARA,Groundnut,2010-11,Summer,100.0,Hectare,100.0,Tonnes,1000.0,Vidarbha,2010
Maharashtra,BHANDARA,Groundnut,2011-12,Summer,100.0,Hectare,40.0,Tonnes,400.0,Vidarbha,2011
Maharashtra,BHANDARA,Groundnut,2012-13,Summer,100.0,Hectare,100.0,Tonnes,1000.0,Vidarbha,2012
Maharashtra,BULDHANA,Groundnut,2010-11,Kharif,200.0,Hectare,200.0,Tonnes,1000.0,Vidarbha,2010
Maharashtra,BULDHANA,Groundnut,2010-11,Summer,700.0,Hectare,800.0,Tonnes,1142.857142857143,Vidarbha,2010
Maharashtra,BULDHANA,Groundnut,2011-12,Kharif,400.0,Hectare,400.0,Tonnes,1000.0,Vidarbha,2011
Maharashtra,BULDHANA,Groundnut,2011-12,Summer,1100.0,Hectare,1900.0,Tonnes,1727.2727272727273,Vidarbha,2011
Maharashtra,BULDHANA,Groundnut,2012-13,Kharif,300.0,Hectare,300.0,Tonnes,1000.0,Vidarbha,2012
Maharashtra,BULDHANA,Groundnut,2012-13,Summer,900.0,Hectare,1300.0,Tonnes,1444.4444444444443,Vidarbha,2012
Maharashtra,CHANDRAPUR,Groundnut,2012-13,Summer,10.0,Hectare,20.0,Tonnes,2000.0,Vidarbha,2012
Maharashtra,DHULE,Groundnut,2010-11,Kharif,21100.0,Hectare,27900.0,Tonnes,1322.2748815165876,Madhya Maharashtra,2010
Maharashtra,DHULE,Groundnut,2010-11,Summer,5200.0,Hectare,8500.0,Tonnes,1634.6153846153845,Madhya Maharashtra,2010
Maharashtra,DHULE,Groundnut,2011-12,Kharif,14600.0,Hectare,11700.0,Tonnes,801.3698630136986,Madhya Maharashtra,2011
Maharashtra,DHULE,Groundnut,2011-12,Summer,5200.0,Hectare,7200.0,Tonnes,1384.6153846153845,Madhya Maharashtra,2011
Maharashtra,DHULE,Groundnut,2012-13,Kharif,15100.0,Hectare,10700.0,Tonnes,708.6092715231788,Madhya Maharashtra,2012
Maharashtra,DHULE,Groundnut,2012-13,Summer,5100.0,Hectare,7500.0,Tonnes,1470.5882352941178,Madhya Maharashtra,2012
Maharashtra,GADCHIROLI,Groundnut,2012-13,Summer,10.0,Hectare,20.0,Tonnes,2000.0,Vidarbha,2012
Maharashtra,HINGOLI,Groundnut,2010-11,Summer,3000.0,Hectare,2600.0,Tonnes,866.6666666666667,Matathwada,2010
Maharashtra,HINGOLI,Groundnut,2011-12,Kharif,100.0,Hectare,40.0,Tonnes,400.0,Matathwada,2011
Maharashtra,HINGOLI,Groundnut,2011-12,Summer,3400.0,Hectare,2800.0,Tonnes,823.5294117647059,Matathwada,2011
Maharashtra,HINGOLI,Groundnut,2012-13,Summer,1100.0,Hectare,1200.0,Tonnes,1090.9090909090908,Matathwada,2012
Maharashtra,JALGAON,Groundnut,2010-11,Kharif,1900.0,Hectare,2400.0,Tonnes,1263.157894736842,Madhya Maharashtra,2010
Maharashtra,JALGAON,Groundnut,2010-11,Summer,2000.0,Hectare,3100.0,Tonnes,1550.0,Madhya Maharashtra,2010
Maharashtra,JALGAON,Groundnut,2011-12,Kharif,1500.0,Hectare,2000.0,Tonnes,1333.3333333333333,Madhya Maharashtra,2011
Maharashtra,JALGAON,Groundnut,2011-12,Summer,2000.0,Hectare,3000.0,Tonnes,1500.0,Madhya Maharashtra,2011
Maharashtra,JALGAON,Groundnut,2012-13,Kharif,1100.0,Hectare,1000.0,Tonnes,909.0909090909091,Madhya Maharashtra,2012
Maharashtra,JALGAON,Groundnut,2012-13,Summer,1800.0,Hectare,2700.0,Tonnes,1500.0,Madhya Maharashtra,2012
Maharashtra,JALNA,Groundnut,2010-11,Kharif,500.0,Hectare,400.0,Tonnes,800.0,Matathwada,2010
Maharashtra,JALNA,Groundnut,2010-11,Summer,100.0,Hectare,100.0,Tonnes,1000.0,Matathwada,2010
Maharashtra,JALNA,Groundnut,2011-12,Kharif,300.0,Hectare,200.0,Tonnes,666.6666666666666,Matathwada,2011
Maharashtra,JALNA,Groundnut,2011-12,Summer,100.0,Hectare,100.0,Tonnes,1000.0,Matathwada,2011
Maharashtra,JALNA,Groundnut,2012-13,Kharif,200.0,Hectare,100.0,Tonnes,500.0,Matathwada,2012
Maharashtra,JALNA,Groundnut,2012-13,Summer,200.0,Hectare,200.0,Tonnes,1000.0,Matathwada,2012
Maharashtra,KOLHAPUR,Groundnut,2010-11,Kharif,58300.0,Hectare,88400.0,Tonnes,1516.295025728988,Madhya Maharashtra,2010
Maharashtra,KOLHAPUR,Groundnut,2010-11,Summer,2100.0,Hectare,3700.0,Tonnes,1761.9047619047622,Madhya Maharashtra,2010
Maharashtra,KOLHAPUR,Groundnut,2011-12,Kharif,49500.0,Hectare,62800.0,Tonnes,1268.6868686868686,Madhya Maharashtra,2011
Maharashtra,KOLHAPUR,Groundnut,2012-13,Kharif,50400.0,Hectare,68400.0,Tonnes,1357.142857142857,Madhya Maharashtra,2012
Maharashtra,KOLHAPUR,Groundnut,2012-13,Summer,2200.0,Hectare,4800.0,Tonnes,2181.8181818181815,Madhya Maharashtra,2012
Maharashtra,LATUR,Groundnut,2010-11,Kharif,2700.0,Hectare,1500.0,Tonnes,555.5555555555555,Matathwada,2010
Maharashtra,LATUR,Groundnut,2010-11,Summer,3000.0,Hectare,3900.0,Tonnes,1300.0,Matathwada,2010
Maharashtra,LATUR,Groundnut,2011-12,Kharif,3600.0,Hectare,2100.0,Tonnes,583.3333333333334,Matathwada,2011
Maharashtra,LATUR,Groundnut,2011-12,Summer,3300.0,Hectare,3500.0,Tonnes,1060.6060606060605,Matathwada,2011
Maharashtra,LATUR,Groundnut,2012-13,Kharif,3000.0,Hectare,2100.0,Tonnes,700.0,Matathwada,2012
Maharashtra,LATUR,Groundnut,2012-13,Summer,2600.0,Hectare,3300.0,Tonnes,1269.230769230769,Matathwada,2012
Maharashtra,NAGPUR,Groundnut,2010-11,Kharif,4000.0,Hectare,3500.0,Tonnes,875.0,Vidarbha,2010
Maharashtra,NAGPUR,Groundnut,2010-11,Summer,400.0,Hectare,400.0,Tonnes,1000.0,Vidarbha,2010
Maharashtra,NAGPUR,Groundnut,2011-12,Kharif,2900.0,Hectare,2300.0,Tonnes,793.1034482758621,Vidarbha,2011
Maharashtra,NAGPUR,Groundnut,2011-12,Summer,400.0,Hectare,600.0,Tonnes,1500.0,Vidarbha,2011
Maharashtra,NAGPUR,Groundnut,2012-13,Kharif,2400.0,Hectare,2600.0,Tonnes,1083.3333333333333,Vidarbha,2012
Maharashtra,NANDED,Groundnut,2010-11,Kharif,300.0,Hectare,200.0,Tonnes,666.6666666666666,Matathwada,2010
Maharashtra,NANDED,Groundnut,2010-11,Summer,7600.0,Hectare,8300.0,Tonnes,1092.1052631578948,Matathwada,2010
Maharashtra,NANDED,Groundnut,2011-12,Kharif,100.0,Hectare,100.0,Tonnes,1000.0,Matathwada,2011
Maharashtra,NANDED,Groundnut,2011-12,Summer,7700.0,Hectare,7700.0,Tonnes,1000.0,Matathwada,2011
Maharashtra,NANDED,Groundnut,2012-13,Kharif,100.0,Hectare,100.0,Tonnes,1000.0,Matathwada,2012
Maharashtra,NANDED,Groundnut,2012-13,Summer,5200.0,Hectare,5800.0,Tonnes,1115.3846153846155,Matathwada,2012
Maharashtra,NANDURBAR,Groundnut,2010-11,Kharif,8600.0,Hectare,7200.0,Tonnes,837.2093023255815,Madhya Maharashtra,2010
Maharashtra,NANDURBAR,Groundnut,2010-11,Summer,8300.0,Hectare,9300.0,Tonnes,1120.4819277108431,Madhya Maharashtra,2010
Maharashtra,NANDURBAR,Groundnut,2011-12,Kharif,5800.0,Hectare,5900.0,Tonnes,1017.2413793103448,Madhya Maharashtra,2011
Maharashtra,NANDURBAR,Groundnut,2011-12,Summer,6900.0,Hectare,9400.0,Tonnes,1362.3188405797102,Madhya Maharashtra,2011
Maharashtra,NANDURBAR,Groundnut,2012-13,Kharif,4200.0,Hectare,4000.0,Tonnes,952.3809523809524,Madhya Maharashtra,2012
Maharashtra,NANDURBAR,Groundnut,2012-13,Summer,8300.0,Hectare,8400.0,Tonnes,1012.0481927710845,Madhya Maharashtra,2012
Maharashtra,NASHIK,Groundnut,2010-11,Kharif,32400.0,Hectare,27500.0,Tonnes,848.7654320987655,Madhya Maharashtra,2010
Maharashtra,NASHIK,Groundnut,2010-11,Summer,2300.0,Hectare,2500.0,Tonnes,1086.9565217391303,Madhya Maharashtra,2010
Maharashtra,NASHIK,Groundnut,2011-12,Kharif,27400.0,Hectare,28100.0,Tonnes,1025.5474452554745,Madhya Maharashtra,2011
Maharashtra,NASHIK,Groundnut,2011-12,Summer,1400.0,Hectare,1500.0,Tonnes,1071.4285714285713,Madhya Maharashtra,2011
Maharashtra,NASHIK,Groundnut,2012-13,Kharif,30100.0,Hectare,26200.0,Tonnes,870.4318936877077,Madhya Maharashtra,2012
Maharashtra,NASHIK,Groundnut,2012-13,Summer,100.0,Hectare,200.0,Tonnes,2000.0,Madhya Maharashtra,2012
Maharashtra,OSMANABAD,Groundnut,2010-11,Kharif,9200.0,Hectare,6100.0,Tonnes,663.0434782608695,Matathwada,2010
Maharashtra,OSMANABAD,Groundnut,2010-11,Summer,1300.0,Hectare,1400.0,Tonnes,1076.923076923077,Matathwada,2010
Maharashtra,OSMANABAD,Groundnut,2011-12,Kharif,7400.0,Hectare,4700.0,Tonnes,635.1351351351351,Matathwada,2011
Maharashtra,OSMANABAD,Groundnut,2011-12,Summer,1300.0,Hectare,700.0,Tonnes,538.4615384615385,Matathwada,2011
Maharashtra,OSMANABAD,Groundnut,2012-13,Summer,1000.0,Hectare,400.0,Tonnes,400.0,Matathwada,2012
Maharashtra,PALGHAR,Groundnut,2011-12,Summer,100.0,Hectare,100.0,Tonnes,1000.0,Konkan & Goa,2011
Maharashtra,PARBHANI,Groundnut,2010-11,Kharif,100.0,Hectare,100.0,Tonnes,1000.0,Matathwada,2010
Maharashtra,PARBHANI,Groundnut,2010-11,Summer,5000.0,Hectare,6300.0,Tonnes,1260.0,Matathwada,2010
Maharashtra,PARBHANI,Groundnut,2011-12,Kharif,300.0,Hectare,200.0,Tonnes,666.6666666666666,Matathwada,2011
Maharashtra,PARBHANI,Groundnut,2011-12,Summer,6300.0,Hectare,6600.0,Tonnes,1047.6190476190477,Matathwada,2011
Maharashtra,PARBHANI,Groundnut,2012-13,Kharif,200.0,Hectare,100.0,Tonnes,500.0,Matathwada,2012
Maharashtra,PARBHANI,Groundnut,2012-13,Summer,4000.0,Hectare,2400.0,Tonnes,600.0,Matathwada,2012
Maharashtra,PUNE,Groundnut,2010-11,Kharif,35700.0,Hectare,45900.0,Tonnes,1285.7142857142858,Madhya Maharashtra,2010
Maharashtra,PUNE,Groundnut,2010-11,Summer,5900.0,Hectare,11100.0,Tonnes,1881.35593220339,Madhya Maharashtra,2010
Maharashtra,PUNE,Groundnut,2011-12,Kharif,39200.0,Hectare,41400.0,Tonnes,1056.1224489795916,Madhya Maharashtra,2011
Maharashtra,PUNE,Groundnut,2011-12,Summer,6900.0,Hectare,11300.0,Tonnes,1637.6811594202898,Madhya Maharashtra,2011
Maharashtra,PUNE,Groundnut,2012-13,Kharif,37700.0,Hectare,33200.0,Tonnes,880.6366047745357,Madhya Maharashtra,2012
Maharashtra,PUNE,Groundnut,2012-13,Summer,6900.0,Hectare,10100.0,Tonnes,1463.768115942029,Madhya Maharashtra,2012
Maharashtra,RAIGAD,Groundnut,2010-11,Kharif,100.0,Hectare,100.0,Tonnes,1000.0,Konkan & Goa,2010
Maharashtra,RAIGAD,Groundnut,2010-11,Summer,200.0,Hectare,300.0,Tonnes,1500.0,Konkan & Goa,2010
Maharashtra,RAIGAD,Groundnut,2011-12,Kharif,100.0,Hectare,100.0,Tonnes,1000.0,Konkan & Goa,2011
Maharashtra,RAIGAD,Groundnut,2011-12,Summer,200.0,Hectare,400.0,Tonnes,2000.0,Konkan & Goa,2011
Maharashtra,RAIGAD,Groundnut,2012-13,Kharif,100.0,Hectare,100.0,Tonnes,1000.0,Konkan & Goa,2012
Maharashtra,RAIGAD,Groundnut,2012-13,Summer,200.0,Hectare,300.0,Tonnes,1500.0,Konkan & Goa,2012
Maharashtra,RATNAGIRI,Groundnut,2010-11,Kharif,200.0,Hectare,200.0,Tonnes,1000.0,Konkan & Goa,2010
Maharashtra,RATNAGIRI,Groundnut,2010-11,Summer,200.0,Hectare,400.0,Tonnes,2000.0,Konkan & Goa,2010
Maharashtra,RATNAGIRI,Groundnut,2011-12,Kharif,100.0,Hectare,100.0,Tonnes,1000.0,Konkan & Goa,2011
Maharashtra,RATNAGIRI,Groundnut,2011-12,Summer,100.0,Hectare,200.0,Tonnes,2000.0,Konkan & Goa,2011
Maharashtra,RATNAGIRI,Groundnut,2012-13,Kharif,100.0,Hectare,100.0,Tonnes,1000.0,Konkan & Goa,2012
Maharashtra,SANGLI,Groundnut,2010-11,Kharif,28100.0,Hectare,36000.0,Tonnes,1281.1387900355874,Madhya Maharashtra,2010
Maharashtra,SANGLI,Groundnut,2010-11,Summer,900.0,Hectare,1400.0,Tonnes,1555.5555555555557,Madhya Maharashtra,2010
Maharashtra,SANGLI,Groundnut,2011-12,Kharif,23200.0,Hectare,20700.0,Tonnes,892.2413793103449,Madhya Maharashtra,2011
Maharashtra,SANGLI,Groundnut,2011-12,Summer,1200.0,Hectare,1500.0,Tonnes,1250.0,Madhya Maharashtra,2011
Maharashtra,SANGLI,Groundnut,2012-13,Kharif,21300.0,Hectare,16000.0,Tonnes,751.1737089201878,Madhya Maharashtra,2012
Maharashtra,SANGLI,Groundnut,2012-13,Summer,1300.0,Hectare,1600.0,Tonnes,1230.769230769231,Madhya Maharashtra,2012
Maharashtra,SATARA,Groundnut,2010-11,Kharif,50100.0,Hectare,81600.0,Tonnes,1628.7425149700598,Madhya Maharashtra,2010
Maharashtra,SATARA,Groundnut,2010-11,Summer,4700.0,Hectare,8100.0,Tonnes,1723.404255319149,Madhya Maharashtra,2010
Maharashtra,SATARA,Groundnut,2011-12,Kharif,42300.0,Hectare,59500.0,Tonnes,1406.6193853427894,Madhya Maharashtra,2011
Maharashtra,SATARA,Groundnut,2011-12,Summer,4600.0,Hectare,9600.0,Tonnes,2086.9565217391305,Madhya Maharashtra,2011
Maharashtra,SATARA,Groundnut,2012-13,Kharif,46200.0,Hectare,57200.0,Tonnes,1238.0952380952378,Madhya Maharashtra,2012
Maharashtra,SATARA,Groundnut,2012-13,Summer,4500.0,Hectare,10000.0,Tonnes,2222.222222222222,Madhya Maharashtra,2012
Maharashtra,SINDHUDURG,Groundnut,2010-11,Kharif,2000.0,Hectare,2000.0,Tonnes,1000.0,Konkan & Goa,2010
Maharashtra,SINDHUDURG,Groundnut,2010-11,Summer,3500.0,Hectare,6700.0,Tonnes,1914.2857142857144,Konkan & Goa,2010
Maharashtra,SINDHUDURG,Groundnut,2011-12,Kharif,2000.0,Hectare,1900.0,Tonnes,950.0,Konkan & Goa,2011
Maharashtra,SINDHUDURG,Groundnut,2011-12,Summer,2900.0,Hectare,5900.0,Tonnes,2034.482758620689,Konkan & Goa,2011
Maharashtra,SINDHUDURG,Groundnut,2012-13,Kharif,2000.0,Hectare,2400.0,Tonnes,1200.0,Konkan & Goa,2012
Maharashtra,SINDHUDURG,Groundnut,2012-13,Summer,2100.0,Hectare,4100.0,Tonnes,1952.3809523809523,Konkan & Goa,2012
Maharashtra,SOLAPUR,Groundnut,2010-11,Kharif,3400.0,Hectare,1800.0,Tonnes,529.4117647058823,Madhya Maharashtra,2010
Maharashtra,SOLAPUR,Groundnut,2010-11,Summer,8100.0,Hectare,12200.0,Tonnes,1506.172839506173,Madhya Maharashtra,2010
Maharashtra,SOLAPUR,Groundnut,2011-12,Kharif,1900.0,Hectare,1400.0,Tonnes,736.8421052631578,Madhya Maharashtra,2011
Maharashtra,SOLAPUR,Groundnut,2011-12,Summer,4200.0,Hectare,4800.0,Tonnes,1142.857142857143,Madhya Maharashtra,2011
Maharashtra,SOLAPUR,Groundnut,2012-13,Kharif,1500.0,Hectare,600.0,Tonnes,400.0,Madhya Maharashtra,2012
Maharashtra,SOLAPUR,Groundnut,2012-13,Summer,2700.0,Hectare,3900.0,Tonnes,1444.4444444444443,Madhya Maharashtra,2012
Maharashtra,THANE,Groundnut,2010-11,Kharif,300.0,Hectare,300.0,Tonnes,1000.0,Konkan & Goa,2010
Maharashtra,THANE,Groundnut,2010-11,Summer,100.0,Hectare,200.0,Tonnes,2000.0,Konkan & Goa,2010
Maharashtra,THANE,Groundnut,2012-13,Summer,100.0,Hectare,200.0,Tonnes,2000.0,Konkan & Goa,2012
Maharashtra,WARDHA,Groundnut,2010-11,Kharif,200.0,Hectare,100.0,Tonnes,500.0,Vidarbha,2010
Maharashtra,WARDHA,Groundnut,2010-11,Summer,2600.0,Hectare,4700.0,Tonnes,1807.6923076923078,Vidarbha,2010
Maharashtra,WARDHA,Groundnut,2011-12,Kharif,200.0,Hectare,200.0,Tonnes,1000.0,Vidarbha,2011
Maharashtra,WARDHA,Groundnut,2011-12,Summer,2600.0,Hectare,3700.0,Tonnes,1423.076923076923,Vidarbha,2011
Maharashtra,WARDHA,Groundnut,2012-13,Kharif,200.0,Hectare,100.0,Tonnes,500.0,Vidarbha,2012
Maharashtra,WARDHA,Groundnut,2012-13,Summer,2600.0,Hectare,3800.0,Tonnes,1461.5384615384617,Vidarbha,2012
Maharashtra,WASHIM,Groundnut,2010-11,Summer,200.0,Hectare,200.0,Tonnes,1000.0,Vidarbha,2010
Maharashtra,WASHIM,Groundnut,2011-12,Summer,300.0,Hectare,600.0,Tonnes,2000.0,Vidarbha,2011
Maharashtra,WASHIM,Groundnut,2012-13,Summer,900.0,Hectare,1000.0,Tonnes,1111.111111111111,Vidarbha,2012
Maharashtra,YAVATMAL,Groundnut,2010-11,Summer,6100.0,Hectare,7600.0,Tonnes,1245.9016393442623,Vidarbha,2010
Maharashtra,YAVATMAL,Groundnut,2011-12,Kharif,100.0,Hectare,100.0,Tonnes,1000.0,Vidarbha,2011
Maharashtra,YAVATMAL,Groundnut,2011-12,Summer,6100.0,Hectare,8000.0,Tonnes,1311.4754098360656,Vidarbha,2011
Maharashtra,YAVATMAL,Groundnut,2012-13,Kharif,100.0,Hectare,100.0,Tonnes,1000.0,Vidarbha,2012
Maharashtra,YAVATMAL,Groundnut,2012-13,Summer,8600.0,Hectare,14200.0,Tonnes,1651.1627906976744,Vidarbha,2012
Maharashtra,AHMEDNAGAR,Groundnut,2013-14,Kharif,4700.0,Hectare,3700.0,Tonnes,787.2340425531916,Madhya Maharashtra,2013
Maharashtra,AHMEDNAGAR,Groundnut,2013-14,Summer,1500.0,Hectare,2400.0,Tonnes,1600.0,Madhya Maharashtra,2013
Maharashtra,AHMEDNAGAR,Groundnut,2014-15,Kharif,4300.0,Hectare,2800.0,Tonnes,651.1627906976745,Madhya Maharashtra,2014
Maharashtra,AHMEDNAGAR,Groundnut,2014-15,Summer,1600.0,Hectare,2300.0,Tonnes,1437.5,Madhya Maharashtra,2014
Maharashtra,AHMEDNAGAR,Groundnut,2015-16,Kharif,4900.0,Hectare,2000.0,Tonnes,408.1632653061224,Madhya Maharashtra,2015
Maharashtra,AHMEDNAGAR,Groundnut,2015-16,Summer,800.0,Hectare,800.0,Tonnes,1000.0,Madhya Maharashtra,2015
Maharashtra,AKOLA,Groundnut,2013-14,Summer,3600.0,Hectare,6000.0,Tonnes,1666.6666666666667,Vidarbha,2013
Maharashtra,AKOLA,Groundnut,2014-15,Summer,3100.0,Hectare,4400.0,Tonnes,1419.3548387096776,Vidarbha,2014
Maharashtra,AKOLA,Groundnut,2015-16,Summer,4100.0,Hectare,3700.0,Tonnes,902.4390243902441,Vidarbha,2015
Maharashtra,AMRAVATI,Groundnut,2013-14,Kharif,1000.0,Hectare,1200.0,Tonnes,1200.0,Vidarbha,2013
Maharashtra,AMRAVATI,Groundnut,2013-14,Summer,2800.0,Hectare,4800.0,Tonnes,1714.2857142857142,Vidarbha,2013
Maharashtra,AMRAVATI,Groundnut,2014-15,Kharif,1100.0,Hectare,500.0,Tonnes,454.54545454545445,Vidarbha,2014
Maharashtra,AMRAVATI,Groundnut,2014-15,Summer,4700.0,Hectare,7200.0,Tonnes,1531.9148936170213,Vidarbha,2014
Maharashtra,AMRAVATI,Groundnut,2015-16,Kharif,1100.0,Hectare,600.0,Tonnes,545.4545454545454,Vidarbha,2015
Maharashtra,AMRAVATI,Groundnut,2015-16,Summer,6800.0,Hectare,10400.0,Tonnes,1529.4117647058822,Vidarbha,2015
Maharashtra,AURANGABAD,Groundnut,2013-14,Kharif,4500.0,Hectare,5300.0,Tonnes,1177.7777777777778,Matathwada,2013
Maharashtra,BEED,Groundnut,2013-14,Kharif,5900.0,Hectare,5000.0,Tonnes,847.457627118644,Matathwada,2013
Maharashtra,BEED,Groundnut,2013-14,Summer,1800.0,Hectare,2000.0,Tonnes,1111.111111111111,Matathwada,2013
Maharashtra,BEED,Groundnut,2014-15,Summer,1600.0,Hectare,1000.0,Tonnes,625.0,Matathwada,2014
Maharashtra,BEED,Groundnut,2015-16,Summer,900.0,Hectare,400.0,Tonnes,444.4444444444444,Matathwada,2015
Maharashtra,BHANDARA,Groundnut,2013-14,Summer,100.0,Hectare,100.0,Tonnes,1000.0,Vidarbha,2013
Maharashtra,BULDHANA,Groundnut,2013-14,Kharif,300.0,Hectare,400.0,Tonnes,1333.3333333333333,Vidarbha,2013
Maharashtra,BULDHANA,Groundnut,2013-14,Summer,2300.0,Hectare,3700.0,Tonnes,1608.695652173913,Vidarbha,2013
Maharashtra,BULDHANA,Groundnut,2014-15,Kharif,1100.0,Hectare,600.0,Tonnes,545.4545454545454,Vidarbha,2014
Maharashtra,BULDHANA,Groundnut,2014-15,Summer,2700.0,Hectare,3500.0,Tonnes,1296.2962962962965,Vidarbha,2014
Maharashtra,BULDHANA,Groundnut,2015-16,Kharif,1000.0,Hectare,500.0,Tonnes,500.0,Vidarbha,2015
Maharashtra,BULDHANA,Groundnut,2015-16,Summer,2800.0,Hectare,2600.0,Tonnes,928.5714285714286,Vidarbha,2015
Maharashtra,CHANDRAPUR,Groundnut,2015-16,Summer,10.0,Hectare,16.0,Tonnes,1600.0,Vidarbha,2015
Maharashtra,DHULE,Groundnut,2013-14,Kharif,14800.0,Hectare,14100.0,Tonnes,952.7027027027028,Madhya Maharashtra,2013
Maharashtra,DHULE,Groundnut,2013-14,Summer,5100.0,Hectare,9600.0,Tonnes,1882.3529411764703,Madhya Maharashtra,2013
Maharashtra,DHULE,Groundnut,2014-15,Kharif,15100.0,Hectare,9100.0,Tonnes,602.6490066225165,Madhya Maharashtra,2014
Maharashtra,DHULE,Groundnut,2014-15,Summer,5200.0,Hectare,8500.0,Tonnes,1634.6153846153845,Madhya Maharashtra,2014
Maharashtra,DHULE,Groundnut,2015-16,Kharif,21000.0,Hectare,10000.0,Tonnes,476.1904761904761,Madhya Maharashtra,2015
Maharashtra,DHULE,Groundnut,2015-16,Summer,4700.0,Hectare,5000.0,Tonnes,1063.8297872340422,Madhya Maharashtra,2015
Maharashtra,HINGOLI,Groundnut,2013-14,Summer,3900.0,Hectare,3900.0,Tonnes,1000.0,Matathwada,2013
Maharashtra,HINGOLI,Groundnut,2014-15,Summer,4400.0,Hectare,4200.0,Tonnes,954.5454545454546,Matathwada,2014
Maharashtra,HINGOLI,Groundnut,2015-16,Summer,4400.0,Hectare,2500.0,Tonnes,568.1818181818182,Matathwada,2015
Maharashtra,JALGAON,Groundnut,2013-14,Kharif,1100.0,Hectare,1300.0,Tonnes,1181.8181818181822,Madhya Maharashtra,2013
Maharashtra,JALGAON,Groundnut,2013-14,Summer,2000.0,Hectare,2300.0,Tonnes,1150.0,Madhya Maharashtra,2013
Maharashtra,JALGAON,Groundnut,2014-15,Kharif,2400.0,Hectare,2100.0,Tonnes,875.0,Madhya Maharashtra,2014
Maharashtra,JALGAON,Groundnut,2014-15,Summer,2400.0,Hectare,3100.0,Tonnes,1291.6666666666667,Madhya Maharashtra,2014
Maharashtra,JALGAON,Groundnut,2015-16,Kharif,2600.0,Hectare,1200.0,Tonnes,461.5384615384615,Madhya Maharashtra,2015
Maharashtra,JALGAON,Groundnut,2015-16,Summer,1900.0,Hectare,2000.0,Tonnes,1052.6315789473683,Madhya Maharashtra,2015
Maharashtra,JALNA,Groundnut,2013-14,Kharif,200.0,Hectare,170.0,Tonnes,850.0,Matathwada,2013
Maharashtra,JALNA,Groundnut,2013-14,Summer,800.0,Hectare,500.0,Tonnes,625.0,Matathwada,2013
Maharashtra,JALNA,Groundnut,2015-16,Summer,400.0,Hectare,200.0,Tonnes,500.0,Matathwada,2015
Maharashtra,KOLHAPUR,Groundnut,2013-14,Kharif,51000.0,Hectare,89000.0,Tonnes,1745.0980392156862,Madhya Maharashtra,2013
Maharashtra,KOLHAPUR,Groundnut,2014-15,Kharif,51300.0,Hectare,77700.0,Tonnes,1514.6198830409357,Madhya Maharashtra,2014
Maharashtra,KOLHAPUR,Groundnut,2014-15,Summer,3100.0,Hectare,6400.0,Tonnes,2064.516129032258,Madhya Maharashtra,2014
Maharashtra,KOLHAPUR,Groundnut,2015-16,Kharif,53700.0,Hectare,85100.0,Tonnes,1584.729981378026,Madhya Maharashtra,2015
Maharashtra,KOLHAPUR,Groundnut,2015-16,Summer,2600.0,Hectare,4800.0,Tonnes,1846.1538461538464,Madhya Maharashtra,2015
Maharashtra,LATUR,Groundnut,2013-14,Kharif,2900.0,Hectare,2600.0,Tonnes,896.551724137931,Matathwada,2013
Maharashtra,LATUR,Groundnut,2013-14,Summer,3300.0,Hectare,4800.0,Tonnes,1454.5454545454545,Matathwada,2013
Maharashtra,LATUR,Groundnut,2014-15,Summer,1500.0,Hectare,1100.0,Tonnes,733.3333333333333,Matathwada,2014
Maharashtra,NAGPUR,Groundnut,2013-14,Kharif,2400.0,Hectare,1160.0,Tonnes,483.33333333333326,Vidarbha,2013
Maharashtra,NAGPUR,Groundnut,2013-14,Summer,500.0,Hectare,900.0,Tonnes,1800.0,Vidarbha,2013
Maharashtra,NAGPUR,Groundnut,2015-16,Kharif,2500.0,Hectare,2340.0,Tonnes,936.0,Vidarbha,2015
Maharashtra,NAGPUR,Groundnut,2015-16,Summer,1400.0,Hectare,1900.0,Tonnes,1357.142857142857,Vidarbha,2015
Maharashtra,NANDED,Groundnut,2013-14,Summer,7300.0,Hectare,9000.0,Tonnes,1232.876712328767,Matathwada,2013
Maharashtra,NANDED,Groundnut,2014-15,Summer,5000.0,Hectare,4300.0,Tonnes,860.0,Matathwada,2014
Maharashtra,NANDED,Groundnut,2015-16,Summer,4800.0,Hectare,2600.0,Tonnes,541.6666666666666,Matathwada,2015
Maharashtra,NANDURBAR,Groundnut,2013-14,Kharif,2000.0,Hectare,1200.0,Tonnes,600.0,Madhya Maharashtra,2013
Maharashtra,NANDURBAR,Groundnut,2013-14,Summer,2400.0,Hectare,3100.0,Tonnes,1291.6666666666667,Madhya Maharashtra,2013
Maharashtra,NANDURBAR,Groundnut,2014-15,Kharif,2000.0,Hectare,1300.0,Tonnes,650.0,Madhya Maharashtra,2014
Maharashtra,NANDURBAR,Groundnut,2014-15,Summer,2400.0,Hectare,2700.0,Tonnes,1125.0,Madhya Maharashtra,2014
Maharashtra,NANDURBAR,Groundnut,2015-16,Kharif,1900.0,Hectare,1000.0,Tonnes,526.3157894736842,Madhya Maharashtra,2015
Maharashtra,NANDURBAR,Groundnut,2015-16,Summer,3200.0,Hectare,3700.0,Tonnes,1156.25,Madhya Maharashtra,2015
Maharashtra,NASHIK,Groundnut,2013-14,Kharif,33400.0,Hectare,34600.0,Tonnes,1035.9281437125749,Madhya Maharashtra,2013
Maharashtra,NASHIK,Groundnut,2013-14,Summer,100.0,Hectare,140.0,Tonnes,1400.0,Madhya Maharashtra,2013
Maharashtra,NASHIK,Groundnut,2014-15,Kharif,19900.0,Hectare,20100.0,Tonnes,1010.0502512562816,Madhya Maharashtra,2014
Maharashtra,NASHIK,Groundnut,2014-15,Summer,100.0,Hectare,200.0,Tonnes,2000.0,Madhya Maharashtra,2014
Maharashtra,NASHIK,Groundnut,2015-16,Kharif,19600.0,Hectare,18100.0,Tonnes,923.469387755102,Madhya Maharashtra,2015
Maharashtra,NASHIK,Groundnut,2015-16,Summer,100.0,Hectare,100.0,Tonnes,1000.0,Madhya Maharashtra,2015
Maharashtra,OSMANABAD,Groundnut,2013-14,Kharif,7100.0,Hectare,6200.0,Tonnes,873.2394366197183,Matathwada,2013
Maharashtra,OSMANABAD,Groundnut,2013-14,Summer,2000.0,Hectare,2300.0,Tonnes,1150.0,Matathwada,2013
Maharashtra,OSMANABAD,Groundnut,2014-15,Summer,1900.0,Hectare,800.0,Tonnes,421.0526315789473,Matathwada,2014
Maharashtra,PALGHAR,Groundnut,2014-15,Kharif,200.0,Hectare,200.0,Tonnes,1000.0,Konkan & Goa,2014
Maharashtra,PALGHAR,Groundnut,2015-16,Kharif,100.0,Hectare,100.0,Tonnes,1000.0,Konkan & Goa,2015
Maharashtra,PARBHANI,Groundnut,2013-14,Kharif,100.0,Hectare,100.0,Tonnes,1000.0,Matathwada,2013
Maharashtra,PARBHANI,Groundnut,2013-14,Summer,6400.0,Hectare,6600.0,Tonnes,1031.25,Matathwada,2013
Maharashtra,PARBHANI,Groundnut,2014-15,Summer,3100.0,Hectare,2600.0,Tonnes,838.7096774193549,Matathwada,2014
Maharashtra,PARBHANI,Groundnut,2015-16,Summer,200.0,Hectare,200.0,Tonnes,1000.0,Matathwada,2015
Maharashtra,PUNE,Groundnut,2013-14,Kharif,46000.0,Hectare,37700.0,Tonnes,819.5652173913044,Madhya Maharashtra,2013
Maharashtra,PUNE,Groundnut,2013-14,Summer,8100.0,Hectare,14600.0,Tonnes,1802.4691358024686,Madhya Maharashtra,2013
Maharashtra,PUNE,Groundnut,2014-15,Kharif,47700.0,Hectare,43000.0,Tonnes,901.46750524109,Madhya Maharashtra,2014
Maharashtra,PUNE,Groundnut,2015-16,Kharif,17100.0,Hectare,19400.0,Tonnes,1134.5029239766081,Madhya Maharashtra,2015
Maharashtra,RAIGAD,Groundnut,2015-16,Summer,200.0,Hectare,300.0,Tonnes,1500.0,Konkan & Goa,2015
Maharashtra,RATNAGIRI,Groundnut,2015-16,Summer,10.0,Hectare,10.0,Tonnes,1000.0,Konkan & Goa,2015
Maharashtra,SANGLI,Groundnut,2013-14,Kharif,25300.0,Hectare,28300.0,Tonnes,1118.5770750988142,Madhya Maharashtra,2013
Maharashtra,SANGLI,Groundnut,2013-14,Summer,1500.0,Hectare,1700.0,Tonnes,1133.3333333333333,Madhya Maharashtra,2013
Maharashtra,SANGLI,Groundnut,2014-15,Kharif,30000.0,Hectare,30500.0,Tonnes,1016.6666666666666,Madhya Maharashtra,2014
Maharashtra,SANGLI,Groundnut,2014-15,Summer,1800.0,Hectare,2400.0,Tonnes,1333.3333333333333,Madhya Maharashtra,2014
Maharashtra,SANGLI,Groundnut,2015-16,Kharif,28800.0,Hectare,21100.0,Tonnes,732.6388888888888,Madhya Maharashtra,2015
Maharashtra,SANGLI,Groundnut,2015-16,Summer,1300.0,Hectare,1400.0,Tonnes,1076.923076923077,Madhya Maharashtra,2015
Maharashtra,SATARA,Groundnut,2013-14,Kharif,37700.0,Hectare,59450.0,Tonnes,1576.923076923077,Madhya Maharashtra,2013
Maharashtra,SATARA,Groundnut,2013-14,Summer,5800.0,Hectare,12300.0,Tonnes,2120.6896551724135,Madhya Maharashtra,2013
Maharashtra,SATARA,Groundnut,2014-15,Kharif,38400.0,Hectare,56200.0,Tonnes,1463.5416666666667,Madhya Maharashtra,2014
Maharashtra,SATARA,Groundnut,2015-16,Kharif,39300.0,Hectare,50520.0,Tonnes,1285.496183206107,Madhya Maharashtra,2015
Maharashtra,SINDHUDURG,Groundnut,2013-14,Kharif,2000.0,Hectare,3100.0,Tonnes,1550.0,Konkan & Goa,2013
Maharashtra,SINDHUDURG,Groundnut,2013-14,Summer,2100.0,Hectare,4500.0,Tonnes,2142.8571428571427,Konkan & Goa,2013
Maharashtra,SINDHUDURG,Groundnut,2014-15,Kharif,1200.0,Hectare,1000.0,Tonnes,833.3333333333334,Konkan & Goa,2014
Maharashtra,SINDHUDURG,Groundnut,2014-15,Summer,2100.0,Hectare,4000.0,Tonnes,1904.7619047619048,Konkan & Goa,2014
Maharashtra,SINDHUDURG,Groundnut,2015-16,Kharif,800.0,Hectare,500.0,Tonnes,625.0,Konkan & Goa,2015
Maharashtra,SINDHUDURG,Groundnut,2015-16,Summer,2100.0,Hectare,3900.0,Tonnes,1857.1428571428567,Konkan & Goa,2015
Maharashtra,SOLAPUR,Groundnut,2013-14,Kharif,1500.0,Hectare,1200.0,Tonnes,800.0,Madhya Maharashtra,2013
Maharashtra,SOLAPUR,Groundnut,2013-14,Summer,3500.0,Hectare,4700.0,Tonnes,1342.8571428571427,Madhya Maharashtra,2013
Maharashtra,SOLAPUR,Groundnut,2014-15,Kharif,1800.0,Hectare,1000.0,Tonnes,555.5555555555555,Madhya Maharashtra,2014
Maharashtra,SOLAPUR,Groundnut,2014-15,Summer,4000.0,Hectare,5900.0,Tonnes,1475.0,Madhya Maharashtra,2014
Maharashtra,SOLAPUR,Groundnut,2015-16,Kharif,1100.0,Hectare,500.0,Tonnes,454.54545454545445,Madhya Maharashtra,2015
Maharashtra,SOLAPUR,Groundnut,2015-16,Summer,2400.0,Hectare,2400.0,Tonnes,1000.0,Madhya Maharashtra,2015
Maharashtra,WARDHA,Groundnut,2013-14,Summer,3600.0,Hectare,5510.0,Tonnes,1530.5555555555554,Vidarbha,2013
Maharashtra,WARDHA,Groundnut,2014-15,Kharif,200.0,Hectare,100.0,Tonnes,500.0,Vidarbha,2014
Maharashtra,WARDHA,Groundnut,2014-15,Summer,5900.0,Hectare,10200.0,Tonnes,1728.813559322034,Vidarbha,2014
Maharashtra,WARDHA,Groundnut,2015-16,Kharif,200.0,Hectare,100.0,Tonnes,500.0,Vidarbha,2015
Maharashtra,WARDHA,Groundnut,2015-16,Summer,10800.0,Hectare,19800.0,Tonnes,1833.3333333333333,Vidarbha,2015
Maharashtra,WASHIM,Groundnut,2013-14,Summer,900.0,Hectare,1200.0,Tonnes,1333.3333333333333,Vidarbha,2013
Maharashtra,WASHIM,Groundnut,2014-15,Summer,800.0,Hectare,900.0,Tonnes,1125.0,Vidarbha,2014
Maharashtra,WASHIM,Groundnut,2015-16,Summer,800.0,Hectare,800.0,Tonnes,1000.0,Vidarbha,2015
Maharashtra,YAVATMAL,Groundnut,2013-14,Summer,10000.0,Hectare,12500.0,Tonnes,1250.0,Vidarbha,2013
Maharashtra,YAVATMAL,Groundnut,2014-15,Summer,9400.0,Hectare,11500.0,Tonnes,1223.404255319149,Vidarbha,2014
Maharashtra,YAVATMAL,Groundnut,2015-16,Summer,13000.0,Hectare,12300.0,Tonnes,946.153846153846,Vidarbha,2015
Maharashtra,AHMEDNAGAR,Groundnut,2016-17,Kharif,7000.0,Hectare,5600.0,Tonnes,800.0,Madhya Maharashtra,2016
Maharashtra,AHMEDNAGAR,Groundnut,2016-17,Summer,9200.0,Hectare,16300.0,Tonnes,1771.7391304347827,Madhya Maharashtra,2016
Maharashtra,AHMEDNAGAR,Groundnut,2017-18,Kharif,10400.0,Hectare,10100.0,Tonnes,971.1538461538461,Madhya Maharashtra,2017
Maharashtra,AHMEDNAGAR,Groundnut,2017-18,Summer,5318.0,Hectare,9400.0,Tonnes,1767.5817976682963,Madhya Maharashtra,2017
Maharashtra,AHMEDNAGAR,Groundnut,2018-19,Kharif,10545.0,Hectare,5346.0,Tonnes,506.97012802275964,Madhya Maharashtra,2018
Maharashtra,AHMEDNAGAR,Groundnut,2018-19,Summer,240.0,Hectare,260.0,Tonnes,1083.3333333333333,Madhya Maharashtra,2018
Maharashtra,AKOLA,Groundnut,2016-17,Summer,3900.0,Hectare,5500.0,Tonnes,1410.2564102564104,Vidarbha,2016
Maharashtra,AKOLA,Groundnut,2017-18,Summer,1696.0,Hectare,2500.0,Tonnes,1474.056603773585,Vidarbha,2017
Maharashtra,AKOLA,Groundnut,2018-19,Summer,1520.0,Hectare,1760.0000000000002,Tonnes,1157.8947368421052,Vidarbha,2018
Maharashtra,AMRAVATI,Groundnut,2016-17,Kharif,1200.0,Hectare,1200.0,Tonnes,1000.0,Vidarbha,2016
Maharashtra,AMRAVATI,Groundnut,2016-17,Summer,3400.0,Hectare,4900.0,Tonnes,1441.1764705882354,Vidarbha,2016
Maharashtra,AMRAVATI,Groundnut,2017-18,Kharif,1500.0,Hectare,1800.0,Tonnes,1200.0,Vidarbha,2017
Maharashtra,AMRAVATI,Groundnut,2017-18,Summer,1866.0,Hectare,2200.0,Tonnes,1178.9924973204716,Vidarbha,2017
Maharashtra,AMRAVATI,Groundnut,2018-19,Kharif,834.0,Hectare,347.0,Tonnes,416.06714628297357,Vidarbha,2018
Maharashtra,AMRAVATI,Groundnut,2018-19,Summer,1110.0,Hectare,1120.0,Tonnes,1009.0090090090089,Vidarbha,2018
Maharashtra,AURANGABAD,Groundnut,2016-17,Kharif,6500.0,Hectare,5800.0,Tonnes,892.3076923076924,Matathwada,2016
Maharashtra,AURANGABAD,Groundnut,2016-17,Summer,300.0,Hectare,300.0,Tonnes,1000.0,Matathwada,2016
Maharashtra,AURANGABAD,Groundnut,2017-18,Kharif,7000.0,Hectare,5100.0,Tonnes,728.5714285714286,Matathwada,2017
Maharashtra,AURANGABAD,Groundnut,2017-18,Summer,442.0,Hectare,300.0,Tonnes,678.7330316742082,Matathwada,2017
Maharashtra,AURANGABAD,Groundnut,2018-19,Kharif,8907.0,Hectare,3662.0,Tonnes,411.1373077354889,Matathwada,2018
Maharashtra,AURANGABAD,Groundnut,2018-19,Summer,5.0,Hectare,4.0,Tonnes,800.0,Matathwada,2018
Maharashtra,BEED,Groundnut,2016-17,Summer,2100.0,Hectare,2300.0,Tonnes,1095.2380952380952,Matathwada,2016
Maharashtra,BEED,Groundnut,2017-18,Kharif,29600.0,Hectare,15450.0,Tonnes,521.9594594594595,Matathwada,2017
Maharashtra,BEED,Groundnut,2017-18,Summer,2060.0,Hectare,2000.0,Tonnes,970.873786407767,Matathwada,2017
Maharashtra,BHANDARA,Groundnut,2016-17,Summer,10.0,Hectare,5.0,Tonnes,500.0,Vidarbha,2016
Maharashtra,BHANDARA,Groundnut,2017-18,Summer,5.0,Hectare,2.0,Tonnes,400.0,Vidarbha,2017
Maharashtra,BHANDARA,Groundnut,2018-19,Summer,5.0,Hectare,8.0,Tonnes,1600.0,Vidarbha,2018
Maharashtra,BULDHANA,Groundnut,2016-17,Kharif,970.0,Hectare,900.0,Tonnes,927.835051546392,Vidarbha,2016
Maharashtra,BULDHANA,Groundnut,2016-17,Summer,4100.0,Hectare,4800.0,Tonnes,1170.7317073170732,Vidarbha,2016
Maharashtra,BULDHANA,Groundnut,2017-18,Kharif,1250.0,Hectare,1500.0,Tonnes,1200.0,Vidarbha,2017
Maharashtra,BULDHANA,Groundnut,2017-18,Summer,974.0,Hectare,1500.0,Tonnes,1540.041067761807,Vidarbha,2017
Maharashtra,BULDHANA,Groundnut,2018-19,Kharif,1277.0,Hectare,1206.0,Tonnes,944.4009397024275,Vidarbha,2018
Maharashtra,BULDHANA,Groundnut,2018-19,Summer,330.0,Hectare,330.0,Tonnes,1000.0,Vidarbha,2018
Maharashtra,CHANDRAPUR,Groundnut,2016-17,Summer,100.0,Hectare,60.0,Tonnes,600.0,Vidarbha,2016
Maharashtra,CHANDRAPUR,Groundnut,2017-18,Summer,29.0,Hectare,34.0,Tonnes,1172.4137931034484,Vidarbha,2017
Maharashtra,CHANDRAPUR,Groundnut,2018-19,Summer,10.0,Hectare,10.0,Tonnes,1000.0,Vidarbha,2018
Maharashtra,DHULE,Groundnut,2016-17,Kharif,16500.0,Hectare,11500.0,Tonnes,696.969696969697,Madhya Maharashtra,2016
Maharashtra,DHULE,Groundnut,2016-17,Summer,2100.0,Hectare,2730.0,Tonnes,1300.0,Madhya Maharashtra,2016
Maharashtra,DHULE,Groundnut,2017-18,Kharif,15200.0,Hectare,17600.0,Tonnes,1157.8947368421052,Madhya Maharashtra,2017
Maharashtra,DHULE,Groundnut,2017-18,Summer,3511.9999999999995,Hectare,3770.000000000001,Tonnes,1073.462414578588,Madhya Maharashtra,2017
Maharashtra,DHULE,Groundnut,2018-19,Kharif,17220.0,Hectare,8665.0,Tonnes,503.1939605110337,Madhya Maharashtra,2018
Maharashtra,DHULE,Groundnut,2018-19,Summer,1370.0,Hectare,1090.0,Tonnes,795.6204379562045,Madhya Maharashtra,2018
Maharashtra,GADCHIROLI,Groundnut,2016-17,Kharif,10.0,Hectare,17.0,Tonnes,1700.0,Vidarbha,2016
Maharashtra,GADCHIROLI,Groundnut,2017-18,Summer,1.0,Hectare,1.0,Tonnes,1000.0,Vidarbha,2017
Maharashtra,HINGOLI,Groundnut,2016-17,Kharif,200.0,Hectare,100.0,Tonnes,500.0,Matathwada,2016
Maharashtra,HINGOLI,Groundnut,2016-17,Summer,1900.0,Hectare,2100.0,Tonnes,1105.2631578947369,Matathwada,2016
Maharashtra,HINGOLI,Groundnut,2017-18,Summer,803.9999999999999,Hectare,700.0,Tonnes,870.6467661691544,Matathwada,2017
Maharashtra,HINGOLI,Groundnut,2018-19,Kharif,538.0,Hectare,259.2,Tonnes,481.7843866171003,Matathwada,2018
Maharashtra,HINGOLI,Groundnut,2018-19,Summer,225.0,Hectare,190.0,Tonnes,844.4444444444445,Matathwada,2018
Maharashtra,JALGAON,Groundnut,2016-17,Kharif,2700.0,Hectare,3600.0,Tonnes,1333.3333333333333,Madhya Maharashtra,2016
Maharashtra,JALGAON,Groundnut,2016-17,Summer,2200.0,Hectare,3200.0,Tonnes,1454.5454545454545,Madhya Maharashtra,2016
Maharashtra,JALGAON,Groundnut,2017-18,Kharif,3000.0,Hectare,3100.0,Tonnes,1033.3333333333335,Madhya Maharashtra,2017
Maharashtra,JALGAON,Groundnut,2017-18,Summer,2054.0,Hectare,2500.0,Tonnes,1217.1372930866603,Madhya Maharashtra,2017
Maharashtra,JALGAON,Groundnut,2018-19,Kharif,3395.0000000000005,Hectare,2413.0,Tonnes,710.7511045655375,Madhya Maharashtra,2018
Maharashtra,JALGAON,Groundnut,2018-19,Summer,410.0,Hectare,510.0,Tonnes,1243.9024390243903,Madhya Maharashtra,2018
Maharashtra,JALNA,Groundnut,2016-17,Kharif,900.0,Hectare,500.0,Tonnes,555.5555555555555,Matathwada,2016
Maharashtra,JALNA,Groundnut,2016-17,Summer,200.0,Hectare,300.0,Tonnes,1500.0,Matathwada,2016
Maharashtra,JALNA,Groundnut,2017-18,Kharif,1286.0,Hectare,700.0,Tonnes,544.3234836702954,Matathwada,2017
Maharashtra,JALNA,Groundnut,2017-18,Summer,272.0,Hectare,300.0,Tonnes,1102.9411764705883,Matathwada,2017
Maharashtra,JALNA,Groundnut,2018-19,Kharif,910.0,Hectare,1199.0,Tonnes,1317.5824175824175,Matathwada,2018
Maharashtra,JALNA,Groundnut,2018-19,Summer,255.0,Hectare,210.0,Tonnes,823.529411764706,Matathwada,2018
Maharashtra,KOLHAPUR,Groundnut,2016-17,Kharif,48000.0,Hectare,90200.0,Tonnes,1879.166666666667,Madhya Maharashtra,2016
Maharashtra,KOLHAPUR,Groundnut,2017-18,Kharif,53800.0,Hectare,80700.0,Tonnes,1500.0,Madhya Maharashtra,2017
Maharashtra,KOLHAPUR,Groundnut,2018-19,Kharif,42203.0,Hectare,60741.0,Tonnes,1439.257872663081,Madhya Maharashtra,2018
Maharashtra,LATUR,Groundnut,2016-17,Summer,2800.0,Hectare,3400.0,Tonnes,1214.2857142857142,Matathwada,2016
Maharashtra,LATUR,Groundnut,2017-18,Summer,1176.0,Hectare,1400.0,Tonnes,1190.4761904761904,Matathwada,2017
Maharashtra,LATUR,Groundnut,2018-19,Summer,20.0,Hectare,20.0,Tonnes,1000.0,Matathwada,2018
Maharashtra,NAGPUR,Groundnut,2016-17,Kharif,3000.0,Hectare,4600.0,Tonnes,1533.3333333333335,Vidarbha,2016
Maharashtra,NAGPUR,Groundnut,2016-17,Summer,1300.0,Hectare,2100.0,Tonnes,1615.3846153846155,Vidarbha,2016
Maharashtra,NAGPUR,Groundnut,2017-18,Kharif,2600.0,Hectare,2800.0,Tonnes,1076.923076923077,Vidarbha,2017
Maharashtra,NAGPUR,Groundnut,2017-18,Summer,992.0,Hectare,1500.0,Tonnes,1512.0967741935485,Vidarbha,2017
Maharashtra,NAGPUR,Groundnut,2018-19,Kharif,2117.0,Hectare,1078.0,Tonnes,509.2111478507322,Vidarbha,2018
Maharashtra,NAGPUR,Groundnut,2018-19,Summer,170.0,Hectare,230.0,Tonnes,1352.941176470588,Vidarbha,2018
Maharashtra,NANDED,Groundnut,2016-17,Summer,11600.0,Hectare,10200.0,Tonnes,879.3103448275862,Matathwada,2016
Maharashtra,NANDED,Groundnut,2017-18,Summer,3868.0,Hectare,2700.0,Tonnes,698.0351602895554,Matathwada,2017
Maharashtra,NANDED,Groundnut,2018-19,Kharif,72.0,Hectare,35.0,Tonnes,486.1111111111111,Matathwada,2018
Maharashtra,NANDED,Groundnut,2018-19,Summer,2880.0,Hectare,2400.0,Tonnes,833.3333333333334,Matathwada,2018
Maharashtra,NANDURBAR,Groundnut,2016-17,Kharif,2500.0,Hectare,2100.0,Tonnes,840.0,Madhya Maharashtra,2016
Maharashtra,NANDURBAR,Groundnut,2016-17,Summer,1800.0,Hectare,1500.0,Tonnes,833.3333333333334,Madhya Maharashtra,2016
Maharashtra,NANDURBAR,Groundnut,2017-18,Kharif,2300.0,Hectare,2200.0,Tonnes,956.5217391304349,Madhya Maharashtra,2017
Maharashtra,NANDURBAR,Groundnut,2017-18,Summer,1559.0,Hectare,1900.0,Tonnes,1218.7299550994226,Madhya Maharashtra,2017
Maharashtra,NANDURBAR,Groundnut,2018-19,Kharif,2560.0,Hectare,1352.0,Tonnes,528.125,Madhya Maharashtra,2018
Maharashtra,NANDURBAR,Groundnut,2018-19,Summer,1420.0,Hectare,1150.0,Tonnes,809.8591549295775,Madhya Maharashtra,2018
Maharashtra,NASHIK,Groundnut,2016-17,Kharif,21100.0,Hectare,34600.0,Tonnes,1639.8104265402844,Madhya Maharashtra,2016
Maharashtra,NASHIK,Groundnut,2016-17,Summer,1500.0,Hectare,2610.0,Tonnes,1740.0,Madhya Maharashtra,2016
Maharashtra,NASHIK,Groundnut,2017-18,Kharif,22700.0,Hectare,30100.0,Tonnes,1325.991189427313,Madhya Maharashtra,2017
Maharashtra,NASHIK,Groundnut,2017-18,Summer,1627.0,Hectare,3420.0000000000005,Tonnes,2102.0282728948987,Madhya Maharashtra,2017
Maharashtra,NASHIK,Groundnut,2018-19,Kharif,25095.0,Hectare,23362.0,Tonnes,930.9424188085276,Madhya Maharashtra,2018
Maharashtra,NASHIK,Groundnut,2018-19,Summer,606.0,Hectare,900.0,Tonnes,1485.148514851485,Madhya Maharashtra,2018
Maharashtra,OSMANABAD,Groundnut,2016-17,Summer,1800.0,Hectare,1700.0,Tonnes,944.4444444444445,Matathwada,2016
Maharashtra,OSMANABAD,Groundnut,2017-18,Kharif,4807.0,Hectare,3000.0,Tonnes,624.0898689411275,Matathwada,2017
Maharashtra,OSMANABAD,Groundnut,2017-18,Summer,1563.0,Hectare,1300.0,Tonnes,831.7338451695457,Matathwada,2017
Maharashtra,OSMANABAD,Groundnut,2018-19,Kharif,4282.0,Hectare,2283.0,Tonnes,533.162073797291,Matathwada,2018
Maharashtra,OSMANABAD,Groundnut,2018-19,Summer,98.0,Hectare,80.0,Tonnes,816.3265306122449,Matathwada,2018
Maharashtra,PALGHAR,Groundnut,2016-17,Kharif,200.0,Hectare,200.0,Tonnes,1000.0,Konkan & Goa,2016
Maharashtra,PALGHAR,Groundnut,2017-18,Kharif,76.0,Hectare,100.0,Tonnes,1315.7894736842106,Konkan & Goa,2017
Maharashtra,PARBHANI,Groundnut,2016-17,Summer,4000.0,Hectare,4500.0,Tonnes,1125.0,Matathwada,2016
Maharashtra,PARBHANI,Groundnut,2017-18,Summer,5046.0,Hectare,6100.0,Tonnes,1208.8783194609591,Matathwada,2017
Maharashtra,PARBHANI,Groundnut,2018-19,Summer,225.0,Hectare,190.0,Tonnes,844.4444444444445,Matathwada,2018
Maharashtra,PUNE,Groundnut,2016-17,Kharif,17500.0,Hectare,18500.0,Tonnes,1057.142857142857,Madhya Maharashtra,2016
Maharashtra,PUNE,Groundnut,2017-18,Kharif,17800.0,Hectare,16800.0,Tonnes,943.8202247191012,Madhya Maharashtra,2017
Maharashtra,PUNE,Groundnut,2017-18,Summer,3886.0,Hectare,6300.0,Tonnes,1621.2043232115284,Madhya Maharashtra,2017
Maharashtra,PUNE,Groundnut,2018-19,Kharif,21591.0,Hectare,17601.0,Tonnes,815.200778101987,Madhya Maharashtra,2018
Maharashtra,PUNE,Groundnut,2018-19,Summer,2850.0,Hectare,5120.0,Tonnes,1796.4912280701758,Madhya Maharashtra,2018
Maharashtra,RAIGAD,Groundnut,2016-17,Summer,200.0,Hectare,300.0,Tonnes,1500.0,Konkan & Goa,2016
Maharashtra,RAIGAD,Groundnut,2017-18,Summer,123.0,Hectare,200.0,Tonnes,1626.0162601626016,Konkan & Goa,2017
Maharashtra,RATNAGIRI,Groundnut,2016-17,Summer,100.0,Hectare,70.0,Tonnes,700.0,Konkan & Goa,2016
Maharashtra,RATNAGIRI,Groundnut,2017-18,Summer,27.0,Hectare,40.0,Tonnes,1481.4814814814813,Konkan & Goa,2017
Maharashtra,SANGLI,Groundnut,2016-17,Kharif,32100.0,Hectare,41200.0,Tonnes,1283.4890965732086,Madhya Maharashtra,2016
Maharashtra,SANGLI,Groundnut,2016-17,Summer,500.0,Hectare,600.0,Tonnes,1200.0,Madhya Maharashtra,2016
Maharashtra,SANGLI,Groundnut,2017-18,Kharif,28700.0,Hectare,34400.0,Tonnes,1198.6062717770035,Madhya Maharashtra,2017
Maharashtra,SANGLI,Groundnut,2017-18,Summer,546.0,Hectare,800.0,Tonnes,1465.201465201465,Madhya Maharashtra,2017
Maharashtra,SANGLI,Groundnut,2018-19,Kharif,27467.0,Hectare,28736.0,Tonnes,1046.2008956201987,Madhya Maharashtra,2018
Maharashtra,SANGLI,Groundnut,2018-19,Summer,170.0,Hectare,280.0,Tonnes,1647.0588235294117,Madhya Maharashtra,2018
Maharashtra,SATARA,Groundnut,2016-17,Kharif,40500.0,Hectare,53800.0,Tonnes,1328.3950617283951,Madhya Maharashtra,2016
Maharashtra,SATARA,Groundnut,2016-17,Summer,2500.0,Hectare,5500.0,Tonnes,2200.0,Madhya Maharashtra,2016
Maharashtra,SATARA,Groundnut,2017-18,Kharif,33200.0,Hectare,46900.0,Tonnes,1412.6506024096386,Madhya Maharashtra,2017
Maharashtra,SATARA,Groundnut,2017-18,Summer,2476.0,Hectare,4700.0,Tonnes,1898.2229402261712,Madhya Maharashtra,2017
Maharashtra,SATARA,Groundnut,2018-19,Kharif,39158.0,Hectare,42177.0,Tonnes,1077.0979110271207,Madhya Maharashtra,2018
Maharashtra,SATARA,Groundnut,2018-19,Summer,1960.0,Hectare,3760.0,Tonnes,1918.3673469387752,Madhya Maharashtra,2018
Maharashtra,SINDHUDURG,Groundnut,2016-17,Kharif,600.0,Hectare,800.0,Tonnes,1333.3333333333333,Konkan & Goa,2016
Maharashtra,SINDHUDURG,Groundnut,2016-17,Summer,800.0,Hectare,1300.0,Tonnes,1625.0,Konkan & Goa,2016
Maharashtra,SINDHUDURG,Groundnut,2017-18,Kharif,542.0,Hectare,700.0,Tonnes,1291.5129151291512,Konkan & Goa,2017
Maharashtra,SINDHUDURG,Groundnut,2018-19,Kharif,577.0,Hectare,402.0,Tonnes,696.7071057192373,Konkan & Goa,2018
Maharashtra,SOLAPUR,Groundnut,2016-17,Kharif,1700.0,Hectare,750.0,Tonnes,441.1764705882353,Madhya Maharashtra,2016
Maharashtra,SOLAPUR,Groundnut,2016-17,Summer,3400.0,Hectare,4900.0,Tonnes,1441.1764705882354,Madhya Maharashtra,2016
Maharashtra,SOLAPUR,Groundnut,2017-18,Kharif,2100.0,Hectare,1310.0,Tonnes,623.8095238095239,Madhya Maharashtra,2017
Maharashtra,SOLAPUR,Groundnut,2017-18,Summer,3015.0,Hectare,4200.0,Tonnes,1393.034825870647,Madhya Maharashtra,2017
Maharashtra,SOLAPUR,Groundnut,2018-19,Kharif,2890.0,Hectare,1280.0,Tonnes,442.9065743944637,Madhya Maharashtra,2018
Maharashtra,SOLAPUR,Groundnut,2018-19,Summer,660.0,Hectare,750.0,Tonnes,1136.3636363636365,Madhya Maharashtra,2018
Maharashtra,THANE,Groundnut,2017-18,Summer,2.0,Hectare,3.0,Tonnes,1500.0,Konkan & Goa,2017
Maharashtra,WARDHA,Groundnut,2016-17,Kharif,300.0,Hectare,300.0,Tonnes,1000.0,Vidarbha,2016
Maharashtra,WARDHA,Groundnut,2016-17,Summer,2800.0,Hectare,5100.0,Tonnes,1821.4285714285716,Vidarbha,2016
Maharashtra,WARDHA,Groundnut,2017-18,Kharif,300.0,Hectare,400.0,Tonnes,1333.3333333333333,Vidarbha,2017
Maharashtra,WARDHA,Groundnut,2017-18,Summer,1286.0,Hectare,1506.0,Tonnes,1171.0730948678072,Vidarbha,2017
Maharashtra,WARDHA,Groundnut,2018-19,Kharif,311.0,Hectare,268.0,Tonnes,861.7363344051447,Vidarbha,2018
Maharashtra,WARDHA,Groundnut,2018-19,Summer,680.0,Hectare,1040.0,Tonnes,1529.4117647058822,Vidarbha,2018
Maharashtra,WASHIM,Groundnut,2016-17,Summer,9100.0,Hectare,7800.0,Tonnes,857.1428571428571,Vidarbha,2016
Maharashtra,WASHIM,Groundnut,2017-18,Summer,409.0,Hectare,700.0,Tonnes,1711.4914425427871,Vidarbha,2017
Maharashtra,WASHIM,Groundnut,2018-19,Summer,1750.0,Hectare,1530.0,Tonnes,874.2857142857143,Vidarbha,2018
Maharashtra,YAVATMAL,Groundnut,2016-17,Summer,41100.0,Hectare,27200.0,Tonnes,661.8004866180048,Vidarbha,2016
Maharashtra,YAVATMAL,Groundnut,2017-18,Summer,3138.0,Hectare,3800.0,Tonnes,1210.9623964308475,Vidarbha,2017
Maharashtra,YAVATMAL,Groundnut,2018-19,Summer,6010.0,Hectare,6050.0,Tonnes,1006.6555740432613,Vidarbha,2018
Maharashtra,AHMEDNAGAR,Groundnut,2019-20,Kharif,11935.0,Hectare,6991.0,Tonnes,585.7561793045663,Madhya Maharashtra,2019
Maharashtra,AHMEDNAGAR,Groundnut,2019-20,Summer,365.0,Hectare,593.0,Tonnes,1624.6575342465756,Madhya Maharashtra,2019
Maharashtra,AKOLA,Groundnut,2019-20,Kharif,108.0,Hectare,73.0,Tonnes,675.925925925926,Vidarbha,2019
Maharashtra,AMRAVATI,Groundnut,2019-20,Summer,1762.0,Hectare,2928.0,Tonnes,1661.748013620885,Vidarbha,2019
Maharashtra,AURANGABAD,Groundnut,2019-20,Kharif,9470.0,Hectare,9263.0,Tonnes,978.1414994720168,Matathwada,2019
Maharashtra,AURANGABAD,Groundnut,2019-20,Summer,868.0,Hectare,694.0,Tonnes,799.5391705069125,Matathwada,2019
Maharashtra,BEED,Groundnut,2019-20,Kharif,4519.0,Hectare,1993.0,Tonnes,441.02677583536183,Matathwada,2019
Maharashtra,BEED,Groundnut,2019-20,Summer,2415.0,Hectare,2809.0,Tonnes,1163.1469979296062,Matathwada,2019
Maharashtra,BULDHANA,Groundnut,2019-20,Kharif,1436.0,Hectare,1226.0,Tonnes,853.7604456824513,Vidarbha,2019
Maharashtra,BULDHANA,Groundnut,2019-20,Summer,5334.0,Hectare,10459.0,Tonnes,1960.817397825272,Vidarbha,2019
Maharashtra,CHANDRAPUR,Groundnut,2019-20,Summer,98.0,Hectare,74.0,Tonnes,755.1020408163265,Vidarbha,2019
Maharashtra,DHULE,Groundnut,2019-20,Kharif,20321.0,Hectare,11813.0,Tonnes,581.3198169381428,Madhya Maharashtra,2019
Maharashtra,DHULE,Groundnut,2019-20,Summer,2111.0,Hectare,3583.0,Tonnes,1697.299857887257,Madhya Maharashtra,2019
Maharashtra,GADCHIROLI,Groundnut,2019-20,Summer,1.0,Hectare,2.0,Tonnes,2000.0,Vidarbha,2019
Maharashtra,HINGOLI,Groundnut,2019-20,Kharif,664.0,Hectare,321.0,Tonnes,483.433734939759,Matathwada,2019
Maharashtra,JALGAON,Groundnut,2019-20,Kharif,3457.0,Hectare,2570.0,Tonnes,743.4191495516344,Madhya Maharashtra,2019
Maharashtra,JALNA,Groundnut,2019-20,Summer,2019.0,Hectare,2019.0,Tonnes,1000.0,Matathwada,2019
Maharashtra,KOLHAPUR,Groundnut,2019-20,Kharif,41175.0,Hectare,48965.0,Tonnes,1189.1924711596841,Madhya Maharashtra,2019
Maharashtra,KOLHAPUR,Groundnut,2019-20,Summer,911.0,Hectare,2049.0,Tonnes,2249.1767288693745,Madhya Maharashtra,2019
Maharashtra,LATUR,Groundnut,2019-20,Summer,1572.0,Hectare,2113.0,Tonnes,1344.147582697201,Matathwada,2019
Maharashtra,NAGPUR,Groundnut,2019-20,Summer,298.0,Hectare,643.0,Tonnes,2157.7181208053694,Vidarbha,2019
Maharashtra,NANDED,Groundnut,2019-20,Summer,10432.0,Hectare,12322.0,Tonnes,1181.1733128834355,Matathwada,2019
Maharashtra,NANDURBAR,Groundnut,2019-20,Kharif,2583.0,Hectare,2255.0,Tonnes,873.015873015873,Madhya Maharashtra,2019
Maharashtra,NANDURBAR,Groundnut,2019-20,Summer,4694.0,Hectare,6393.0,Tonnes,1361.951427354069,Madhya Maharashtra,2019
Maharashtra,NASHIK,Groundnut,2019-20,Kharif,26654.000000000004,Hectare,19887.0,Tonnes,746.1169055301267,Madhya Maharashtra,2019
Maharashtra,NASHIK,Groundnut,2019-20,Summer,1153.0,Hectare,2334.0,Tonnes,2024.2844752818733,Madhya Maharashtra,2019
Maharashtra,OSMANABAD,Groundnut,2019-20,Kharif,3924.0,Hectare,2107.0,Tonnes,536.9520897043832,Matathwada,2019
Maharashtra,OSMANABAD,Groundnut,2019-20,Summer,2001.0,Hectare,1903.0,Tonnes,951.0244877561219,Matathwada,2019
Maharashtra,PARBHANI,Groundnut,2019-20,Summer,690.0,Hectare,1368.0,Tonnes,1982.608695652174,Matathwada,2019
Maharashtra,PUNE,Groundnut,2019-20,Kharif,22490.0,Hectare,22596.0,Tonnes,1004.7132058692752,Madhya Maharashtra,2019
Maharashtra,SANGLI,Groundnut,2019-20,Kharif,31751.0,Hectare,25864.0,Tonnes,814.5885168971057,Madhya Maharashtra,2019
Maharashtra,SANGLI,Groundnut,2019-20,Summer,636.0,Hectare,969.0,Tonnes,1523.5849056603774,Madhya Maharashtra,2019
Maharashtra,SATARA,Groundnut,2019-20,Kharif,33491.0,Hectare,30607.0,Tonnes,913.8873130094653,Madhya Maharashtra,2019
Maharashtra,SATARA,Groundnut,2019-20,Summer,2418.0,Hectare,4877.0,Tonnes,2016.9561621174523,Madhya Maharashtra,2019
Maharashtra,SINDHUDURG,Groundnut,2019-20,Kharif,489.0,Hectare,485.0,Tonnes,991.8200408997956,Konkan & Goa,2019
Maharashtra,SINDHUDURG,Groundnut,2019-20,Summer,852.9999999999999,Hectare,1915.0,Tonnes,2245.0175849941384,Konkan & Goa,2019
Maharashtra,SOLAPUR,Groundnut,2019-20,Kharif,2436.0,Hectare,1097.0,Tonnes,450.32840722495894,Madhya Maharashtra,2019
Maharashtra,SOLAPUR,Groundnut,2019-20,Summer,4006.0,Hectare,5929.0,Tonnes,1480.029955067399,Madhya Maharashtra,2019
Maharashtra,THANE,Groundnut,2019-20,Summer,7.000000000000001,Hectare,13.0,Tonnes,1857.1428571428569,Konkan & Goa,2019
Maharashtra,WARDHA,Groundnut,2019-20,Kharif,305.0,Hectare,172.0,Tonnes,563.9344262295082,Vidarbha,2019
Maharashtra,WASHIM,Groundnut,2019-20,Kharif,14.000000000000002,Hectare,9.0,Tonnes,642.8571428571428,Vidarbha,2019
Maharashtra,WASHIM,Groundnut,2019-20,Summer,6662.0,Hectare,9284.0,Tonnes,1393.5755028519966,Vidarbha,2019
Maharashtra,YAVATMAL,Groundnut,2019-20,Summer,8403.0,Hectare,17914.0,Tonnes,2131.8576698798047,Vidarbha,2019
Maharashtra,AHMEDNAGAR,Groundnut,1998-99,Kharif,7100.0,Hectare,6200.0,Tonnes,873.2394366197183,Madhya Maharashtra,1998
Maharashtra,AHMEDNAGAR,Groundnut,1998-99,Summer,15000.0,Hectare,25700.0,Tonnes,1713.3333333333335,Madhya Maharashtra,1998
Maharashtra,AHMEDNAGAR,Groundnut,1999-00,Kharif,7300.0,Hectare,5400.0,Tonnes,739.7260273972603,Madhya Maharashtra,1999
Maharashtra,AHMEDNAGAR,Groundnut,1999-00,Summer,14100.0,Hectare,27800.0,Tonnes,1971.6312056737588,Madhya Maharashtra,1999
Maharashtra,AHMEDNAGAR,Groundnut,2000-01,Kharif,6800.0,Hectare,6100.0,Tonnes,897.0588235294118,Madhya Maharashtra,2000
Maharashtra,AHMEDNAGAR,Groundnut,2000-01,Summer,11000.0,Hectare,18300.0,Tonnes,1663.6363636363635,Madhya Maharashtra,2000
Maharashtra,AKOLA,Groundnut,1998-99,Kharif,1600.0,Hectare,1100.0,Tonnes,687.5,Vidarbha,1998
Maharashtra,AKOLA,Groundnut,1998-99,Summer,2300.0,Hectare,2000.0,Tonnes,869.5652173913044,Vidarbha,1998
Maharashtra,AKOLA,Groundnut,1999-00,Kharif,200.0,Hectare,100.0,Tonnes,500.0,Vidarbha,1999
Maharashtra,AKOLA,Groundnut,1999-00,Summer,1700.0,Hectare,2300.0,Tonnes,1352.9411764705883,Vidarbha,1999
Maharashtra,AKOLA,Groundnut,2000-01,Kharif,200.0,Hectare,100.0,Tonnes,500.0,Vidarbha,2000
Maharashtra,AKOLA,Groundnut,2000-01,Summer,1400.0,Hectare,1000.0,Tonnes,714.2857142857143,Vidarbha,2000
Maharashtra,AMRAVATI,Groundnut,1998-99,Kharif,8500.0,Hectare,9100.0,Tonnes,1070.5882352941176,Vidarbha,1998
Maharashtra,AMRAVATI,Groundnut,1998-99,Summer,600.0,Hectare,700.0,Tonnes,1166.6666666666667,Vidarbha,1998
Maharashtra,AMRAVATI,Groundnut,1999-00,Kharif,7700.0,Hectare,6000.0,Tonnes,779.2207792207793,Vidarbha,1999
Maharashtra,AMRAVATI,Groundnut,1999-00,Summer,700.0,Hectare,800.0,Tonnes,1142.857142857143,Vidarbha,1999
Maharashtra,AMRAVATI,Groundnut,2000-01,Kharif,6500.0,Hectare,4600.0,Tonnes,707.6923076923077,Vidarbha,2000
Maharashtra,AMRAVATI,Groundnut,2000-01,Summer,100.0,Hectare,100.0,Tonnes,1000.0,Vidarbha,2000
Maharashtra,AURANGABAD,Groundnut,1998-99,Kharif,11400.0,Hectare,7100.0,Tonnes,622.8070175438597,Matathwada,1998
Maharashtra,AURANGABAD,Groundnut,1998-99,Summer,900.0,Hectare,1000.0,Tonnes,1111.111111111111,Matathwada,1998
Maharashtra,AURANGABAD,Groundnut,1999-00,Kharif,11600.0,Hectare,6500.0,Tonnes,560.3448275862069,Matathwada,1999
Maharashtra,AURANGABAD,Groundnut,1999-00,Summer,800.0,Hectare,800.0,Tonnes,1000.0,Matathwada,1999
Maharashtra,AURANGABAD,Groundnut,2000-01,Kharif,12100.0,Hectare,5600.0,Tonnes,462.8099173553719,Matathwada,2000
Maharashtra,AURANGABAD,Groundnut,2000-01,Summer,500.0,Hectare,500.0,Tonnes,1000.0,Matathwada,2000
Maharashtra,BEED,Groundnut,1998-99,Kharif,12400.0,Hectare,6900.0,Tonnes,556.4516129032257,Matathwada,1998
Maharashtra,BEED,Groundnut,1998-99,Summer,3100.0,Hectare,3300.0,Tonnes,1064.516129032258,Matathwada,1998
Maharashtra,BEED,Groundnut,1999-00,Kharif,14400.0,Hectare,8800.0,Tonnes,611.1111111111112,Matathwada,1999
Maharashtra,BEED,Groundnut,1999-00,Summer,3600.0,Hectare,3700.0,Tonnes,1027.7777777777776,Matathwada,1999
Maharashtra,BEED,Groundnut,2000-01,Kharif,14500.0,Hectare,8400.0,Tonnes,579.3103448275863,Matathwada,2000
Maharashtra,BEED,Groundnut,2000-01,Summer,3500.0,Hectare,3100.0,Tonnes,885.7142857142857,Matathwada,2000
Maharashtra,BHANDARA,Groundnut,1998-99,Kharif,200.0,Hectare,200.0,Tonnes,1000.0,Vidarbha,1998
Maharashtra,BHANDARA,Groundnut,1998-99,Summer,200.0,Hectare,200.0,Tonnes,1000.0,Vidarbha,1998
Maharashtra,BHANDARA,Groundnut,1999-00,Kharif,100.0,Hectare,100.0,Tonnes,1000.0,Vidarbha,1999
Maharashtra,BHANDARA,Groundnut,1999-00,Summer,200.0,Hectare,200.0,Tonnes,1000.0,Vidarbha,1999
Maharashtra,BHANDARA,Groundnut,2000-01,Kharif,100.0,Hectare,100.0,Tonnes,1000.0,Vidarbha,2000
Maharashtra,BHANDARA,Groundnut,2000-01,Summer,200.0,Hectare,400.0,Tonnes,2000.0,Vidarbha,2000
Maharashtra,BULDHANA,Groundnut,1998-99,Kharif,7500.0,Hectare,5700.0,Tonnes,760.0,Vidarbha,1998
Maharashtra,BULDHANA,Groundnut,1998-99,Summer,2700.0,Hectare,2700.0,Tonnes,1000.0,Vidarbha,1998
Maharashtra,BULDHANA,Groundnut,1999-00,Kharif,6800.0,Hectare,4900.0,Tonnes,720.5882352941177,Vidarbha,1999
Maharashtra,BULDHANA,Groundnut,1999-00,Summer,2700.0,Hectare,2400.0,Tonnes,888.8888888888888,Vidarbha,1999
Maharashtra,BULDHANA,Groundnut,2000-01,Summer,2300.0,Hectare,1900.0,Tonnes,826.0869565217391,Vidarbha,2000
Maharashtra,CHANDRAPUR,Groundnut,1998-99,Summer,200.0,Hectare,200.0,Tonnes,1000.0,Vidarbha,1998
Maharashtra,CHANDRAPUR,Groundnut,1999-00,Kharif,100.0,Hectare,100.0,Tonnes,1000.0,Vidarbha,1999
Maharashtra,CHANDRAPUR,Groundnut,1999-00,Summer,200.0,Hectare,200.0,Tonnes,1000.0,Vidarbha,1999
Maharashtra,CHANDRAPUR,Groundnut,2000-01,Summer,100.0,Hectare,200.0,Tonnes,2000.0,Vidarbha,2000
Maharashtra,DHULE,Groundnut,1998-99,Kharif,51000.0,Hectare,38200.0,Tonnes,749.0196078431372,Madhya Maharashtra,1998
Maharashtra,DHULE,Groundnut,1998-99,Summer,20200.0,Hectare,23800.0,Tonnes,1178.2178217821781,Madhya Maharashtra,1998
Maharashtra,DHULE,Groundnut,1999-00,Kharif,38000.0,Hectare,17400.0,Tonnes,457.8947368421052,Madhya Maharashtra,1999
Maharashtra,DHULE,Groundnut,1999-00,Summer,5900.0,Hectare,7200.0,Tonnes,1220.3389830508474,Madhya Maharashtra,1999
Maharashtra,DHULE,Groundnut,2000-01,Summer,900.0,Hectare,1000.0,Tonnes,1111.111111111111,Madhya Maharashtra,2000
Maharashtra,GADCHIROLI,Groundnut,1998-99,Summer,100.0,Hectare,100.0,Tonnes,1000.0,Vidarbha,1998
Maharashtra,GONDIA,Groundnut,1999-00,Summer,100.0,Hectare,100.0,Tonnes,1000.0,Vidarbha,1999
Maharashtra,HINGOLI,Groundnut,1999-00,Kharif,100.0,Hectare,100.0,Tonnes,1000.0,Matathwada,1999
Maharashtra,HINGOLI,Groundnut,1999-00,Summer,5000.0,Hectare,6600.0,Tonnes,1320.0,Matathwada,1999
Maharashtra,HINGOLI,Groundnut,2000-01,Summer,3900.0,Hectare,3400.0,Tonnes,871.7948717948718,Matathwada,2000
Maharashtra,JALGAON,Groundnut,1998-99,Kharif,8300.0,Hectare,7200.0,Tonnes,867.4698795180723,Madhya Maharashtra,1998
Maharashtra,JALGAON,Groundnut,1998-99,Summer,12600.0,Hectare,16800.0,Tonnes,1333.3333333333333,Madhya Maharashtra,1998
Maharashtra,JALGAON,Groundnut,1999-00,Kharif,6900.0,Hectare,4500.0,Tonnes,652.1739130434783,Madhya Maharashtra,1999
Maharashtra,JALGAON,Groundnut,1999-00,Summer,10300.0,Hectare,11600.0,Tonnes,1126.2135922330096,Madhya Maharashtra,1999
Maharashtra,JALGAON,Groundnut,2000-01,Summer,4400.0,Hectare,3800.0,Tonnes,863.6363636363636,Madhya Maharashtra,2000
Maharashtra,JALNA,Groundnut,1998-99,Kharif,2300.0,Hectare,1200.0,Tonnes,521.7391304347826,Matathwada,1998
Maharashtra,JALNA,Groundnut,1998-99,Summer,1600.0,Hectare,1500.0,Tonnes,937.5,Matathwada,1998
Maharashtra,JALNA,Groundnut,1999-00,Kharif,2300.0,Hectare,1600.0,Tonnes,695.6521739130435,Matathwada,1999
Maharashtra,JALNA,Groundnut,1999-00,Summer,1500.0,Hectare,1300.0,Tonnes,866.6666666666667,Matathwada,1999
Maharashtra,JALNA,Groundnut,2000-01,Kharif,2000.0,Hectare,1000.0,Tonnes,500.0,Matathwada,2000
Maharashtra,JALNA,Groundnut,2000-01,Summer,1400.0,Hectare,1400.0,Tonnes,1000.0,Matathwada,2000
Maharashtra,KOLHAPUR,Groundnut,1998-99,Kharif,60400.0,Hectare,116000.0,Tonnes,1920.5298013245035,Madhya Maharashtra,1998
Maharashtra,KOLHAPUR,Groundnut,1999-00,Kharif,61800.0,Hectare,89900.0,Tonnes,1454.6925566343043,Madhya Maharashtra,1999
Maharashtra,KOLHAPUR,Groundnut,1999-00,Summer,2300.0,Hectare,5000.0,Tonnes,2173.9130434782605,Madhya Maharashtra,1999
Maharashtra,KOLHAPUR,Groundnut,2000-01,Kharif,65700.0,Hectare,98900.0,Tonnes,1505.3272450532725,Madhya Maharashtra,2000
Maharashtra,LATUR,Groundnut,1998-99,Kharif,17200.0,Hectare,6800.0,Tonnes,395.3488372093023,Matathwada,1998
Maharashtra,LATUR,Groundnut,1998-99,Summer,1400.0,Hectare,1500.0,Tonnes,1071.4285714285713,Matathwada,1998
Maharashtra,LATUR,Groundnut,1999-00,Kharif,16200.0,Hectare,8400.0,Tonnes,518.5185185185185,Matathwada,1999
Maharashtra,LATUR,Groundnut,1999-00,Summer,1300.0,Hectare,1100.0,Tonnes,846.1538461538462,Matathwada,1999
Maharashtra,LATUR,Groundnut,2000-01,Kharif,15700.0,Hectare,7300.0,Tonnes,464.968152866242,Matathwada,2000
Maharashtra,LATUR,Groundnut,2000-01,Summer,800.0,Hectare,600.0,Tonnes,750.0,Matathwada,2000
Maharashtra,NAGPUR,Groundnut,1998-99,Kharif,12600.0,Hectare,11100.0,Tonnes,880.952380952381,Vidarbha,1998
Maharashtra,NAGPUR,Groundnut,1998-99,Summer,1400.0,Hectare,1600.0,Tonnes,1142.857142857143,Vidarbha,1998
Maharashtra,NAGPUR,Groundnut,1999-00,Kharif,11200.0,Hectare,8700.0,Tonnes,776.7857142857143,Vidarbha,1999
Maharashtra,NAGPUR,Groundnut,1999-00,Summer,1600.0,Hectare,1200.0,Tonnes,750.0,Vidarbha,1999
Maharashtra,NAGPUR,Groundnut,2000-01,Kharif,10300.0,Hectare,6200.0,Tonnes,601.9417475728155,Vidarbha,2000
Maharashtra,NAGPUR,Groundnut,2000-01,Summer,400.0,Hectare,500.0,Tonnes,1250.0,Vidarbha,2000
Maharashtra,NANDED,Groundnut,1998-99,Summer,10400.0,Hectare,7900.0,Tonnes,759.6153846153845,Matathwada,1998
Maharashtra,NANDED,Groundnut,1999-00,Kharif,400.0,Hectare,200.0,Tonnes,500.0,Matathwada,1999
Maharashtra,NANDED,Groundnut,1999-00,Summer,10000.0,Hectare,8400.0,Tonnes,840.0,Matathwada,1999
Maharashtra,NANDED,Groundnut,2000-01,Kharif,400.0,Hectare,200.0,Tonnes,500.0,Matathwada,2000
Maharashtra,NANDED,Groundnut,2000-01,Summer,6900.0,Hectare,4100.0,Tonnes,594.2028985507246,Matathwada,2000
Maharashtra,NANDURBAR,Groundnut,1999-00,Kharif,12600.0,Hectare,5800.0,Tonnes,460.3174603174603,Madhya Maharashtra,1999
Maharashtra,NANDURBAR,Groundnut,1999-00,Summer,14300.0,Hectare,17700.0,Tonnes,1237.7622377622376,Madhya Maharashtra,1999
Maharashtra,NANDURBAR,Groundnut,2000-01,Summer,3300.0,Hectare,3700.0,Tonnes,1121.212121212121,Madhya Maharashtra,2000
Maharashtra,NASHIK,Groundnut,1998-99,Kharif,42100.0,Hectare,42100.0,Tonnes,1000.0,Madhya Maharashtra,1998
Maharashtra,NASHIK,Groundnut,1998-99,Summer,3600.0,Hectare,4400.0,Tonnes,1222.2222222222224,Madhya Maharashtra,1998
Maharashtra,NASHIK,Groundnut,1999-00,Kharif,39000.0,Hectare,29100.0,Tonnes,746.1538461538462,Madhya Maharashtra,1999
Maharashtra,NASHIK,Groundnut,1999-00,Summer,3600.0,Hectare,5100.0,Tonnes,1416.6666666666667,Madhya Maharashtra,1999
Maharashtra,NASHIK,Groundnut,2000-01,Kharif,37300.0,Hectare,21800.0,Tonnes,584.450402144772,Madhya Maharashtra,2000
Maharashtra,NASHIK,Groundnut,2000-01,Summer,400.0,Hectare,500.0,Tonnes,1250.0,Madhya Maharashtra,2000
Maharashtra,OSMANABAD,Groundnut,1998-99,Summer,3600.0,Hectare,4800.0,Tonnes,1333.3333333333333,Matathwada,1998
Maharashtra,OSMANABAD,Groundnut,1999-00,Kharif,11500.0,Hectare,5700.0,Tonnes,495.6521739130435,Matathwada,1999
Maharashtra,OSMANABAD,Groundnut,1999-00,Summer,4000.0,Hectare,4100.0,Tonnes,1025.0,Matathwada,1999
Maharashtra,OSMANABAD,Groundnut,2000-01,Kharif,10700.0,Hectare,4900.0,Tonnes,457.9439252336448,Matathwada,2000
Maharashtra,OSMANABAD,Groundnut,2000-01,Summer,4000.0,Hectare,4400.0,Tonnes,1100.0,Matathwada,2000
Maharashtra,PARBHANI,Groundnut,1998-99,Summer,11900.0,Hectare,15500.0,Tonnes,1302.5210084033613,Matathwada,1998
Maharashtra,PARBHANI,Groundnut,1999-00,Kharif,100.0,Hectare,100.0,Tonnes,1000.0,Matathwada,1999
Maharashtra,PARBHANI,Groundnut,1999-00,Summer,8100.0,Hectare,9000.0,Tonnes,1111.111111111111,Matathwada,1999
Maharashtra,PARBHANI,Groundnut,2000-01,Kharif,100.0,Hectare,100.0,Tonnes,1000.0,Matathwada,2000
Maharashtra,PARBHANI,Groundnut,2000-01,Summer,4300.0,Hectare,3800.0,Tonnes,883.7209302325582,Matathwada,2000
Maharashtra,PUNE,Groundnut,1998-99,Kharif,45000.0,Hectare,66100.0,Tonnes,1468.888888888889,Madhya Maharashtra,1998
Maharashtra,PUNE,Groundnut,1998-99,Summer,7200.0,Hectare,13300.0,Tonnes,1847.2222222222224,Madhya Maharashtra,1998
Maharashtra,PUNE,Groundnut,1999-00,Kharif,47800.0,Hectare,57600.0,Tonnes,1205.0209205020922,Madhya Maharashtra,1999
Maharashtra,PUNE,Groundnut,1999-00,Summer,6500.0,Hectare,11500.0,Tonnes,1769.230769230769,Madhya Maharashtra,1999
Maharashtra,PUNE,Groundnut,2000-01,Kharif,48800.0,Hectare,57200.0,Tonnes,1172.1311475409836,Madhya Maharashtra,2000
Maharashtra,PUNE,Groundnut,2000-01,Summer,5000.0,Hectare,9100.0,Tonnes,1820.0,Madhya Maharashtra,2000
Maharashtra,RAIGAD,Groundnut,1998-99,Kharif,100.0,Hectare,100.0,Tonnes,1000.0,Konkan & Goa,1998
Maharashtra,RAIGAD,Groundnut,1998-99,Summer,200.0,Hectare,200.0,Tonnes,1000.0,Konkan & Goa,1998
Maharashtra,RAIGAD,Groundnut,1999-00,Kharif,100.0,Hectare,100.0,Tonnes,1000.0,Konkan & Goa,1999
Maharashtra,RAIGAD,Groundnut,1999-00,Summer,200.0,Hectare,200.0,Tonnes,1000.0,Konkan & Goa,1999
Maharashtra,RAIGAD,Groundnut,2000-01,Kharif,100.0,Hectare,100.0,Tonnes,1000.0,Konkan & Goa,2000
Maharashtra,RAIGAD,Groundnut,2000-01,Summer,200.0,Hectare,300.0,Tonnes,1500.0,Konkan & Goa,2000
Maharashtra,RATNAGIRI,Groundnut,1998-99,Kharif,100.0,Hectare,100.0,Tonnes,1000.0,Konkan & Goa,1998
Maharashtra,RATNAGIRI,Groundnut,1998-99,Summer,500.0,Hectare,500.0,Tonnes,1000.0,Konkan & Goa,1998
Maharashtra,RATNAGIRI,Groundnut,1999-00,Kharif,100.0,Hectare,100.0,Tonnes,1000.0,Konkan & Goa,1999
Maharashtra,RATNAGIRI,Groundnut,1999-00,Summer,500.0,Hectare,1000.0,Tonnes,2000.0,Konkan & Goa,1999
Maharashtra,SANGLI,Groundnut,1998-99,Kharif,37100.0,Hectare,51400.0,Tonnes,1385.4447439353098,Madhya Maharashtra,1998
Maharashtra,SANGLI,Groundnut,1998-99,Summer,1000.0,Hectare,1100.0,Tonnes,1100.0,Madhya Maharashtra,1998
Maharashtra,SANGLI,Groundnut,1999-00,Kharif,37600.0,Hectare,36800.0,Tonnes,978.7234042553192,Madhya Maharashtra,1999
Maharashtra,SANGLI,Groundnut,1999-00,Summer,1200.0,Hectare,2000.0,Tonnes,1666.6666666666667,Madhya Maharashtra,1999
Maharashtra,SANGLI,Groundnut,2000-01,Kharif,38700.0,Hectare,40900.0,Tonnes,1056.8475452196383,Madhya Maharashtra,2000
Maharashtra,SANGLI,Groundnut,2000-01,Summer,1200.0,Hectare,2200.0,Tonnes,1833.3333333333333,Madhya Maharashtra,2000
Maharashtra,SATARA,Groundnut,1998-99,Kharif,55100.0,Hectare,81500.0,Tonnes,1479.1288566243197,Madhya Maharashtra,1998
Maharashtra,SATARA,Groundnut,1998-99,Summer,4100.0,Hectare,6700.0,Tonnes,1634.1463414634143,Madhya Maharashtra,1998
Maharashtra,SATARA,Groundnut,1999-00,Kharif,56700.0,Hectare,80200.0,Tonnes,1414.4620811287477,Madhya Maharashtra,1999
Maharashtra,SATARA,Groundnut,1999-00,Summer,4600.0,Hectare,7800.0,Tonnes,1695.6521739130437,Madhya Maharashtra,1999
Maharashtra,SATARA,Groundnut,2000-01,Kharif,58900.0,Hectare,72900.0,Tonnes,1237.691001697793,Madhya Maharashtra,2000
Maharashtra,SATARA,Groundnut,2000-01,Summer,4000.0,Hectare,7900.0,Tonnes,1975.0,Madhya Maharashtra,2000
Maharashtra,SINDHUDURG,Groundnut,1998-99,Kharif,1300.0,Hectare,1100.0,Tonnes,846.1538461538462,Konkan & Goa,1998
Maharashtra,SINDHUDURG,Groundnut,1998-99,Summer,3500.0,Hectare,5100.0,Tonnes,1457.142857142857,Konkan & Goa,1998
Maharashtra,SINDHUDURG,Groundnut,1999-00,Kharif,1400.0,Hectare,800.0,Tonnes,571.4285714285714,Konkan & Goa,1999
Maharashtra,SINDHUDURG,Groundnut,1999-00,Summer,3600.0,Hectare,7600.0,Tonnes,2111.1111111111113,Konkan & Goa,1999
Maharashtra,SINDHUDURG,Groundnut,2000-01,Summer,3400.0,Hectare,7600.0,Tonnes,2235.294117647059,Konkan & Goa,2000
Maharashtra,SOLAPUR,Groundnut,1998-99,Kharif,7400.0,Hectare,4800.0,Tonnes,648.6486486486486,Madhya Maharashtra,1998
Maharashtra,SOLAPUR,Groundnut,1998-99,Summer,17600.0,Hectare,39200.0,Tonnes,2227.272727272727,Madhya Maharashtra,1998
Maharashtra,SOLAPUR,Groundnut,1999-00,Summer,17200.0,Hectare,30500.0,Tonnes,1773.2558139534883,Madhya Maharashtra,1999
Maharashtra,SOLAPUR,Groundnut,2000-01,Kharif,8100.0,Hectare,5300.0,Tonnes,654.320987654321,Madhya Maharashtra,2000
Maharashtra,SOLAPUR,Groundnut,2000-01,Summer,13700.0,Hectare,15100.0,Tonnes,1102.189781021898,Madhya Maharashtra,2000
Maharashtra,THANE,Groundnut,1998-99,Kharif,200.0,Hectare,200.0,Tonnes,1000.0,Konkan & Goa,1998
Maharashtra,THANE,Groundnut,1998-99,Summer,100.0,Hectare,200.0,Tonnes,2000.0,Konkan & Goa,1998
Maharashtra,THANE,Groundnut,1999-00,Kharif,200.0,Hectare,100.0,Tonnes,500.0,Konkan & Goa,1999
Maharashtra,THANE,Groundnut,2000-01,Kharif,200.0,Hectare,100.0,Tonnes,500.0,Konkan & Goa,2000
Maharashtra,THANE,Groundnut,2000-01,Summer,200.0,Hectare,400.0,Tonnes,2000.0,Konkan & Goa,2000
Maharashtra,WARDHA,Groundnut,1998-99,Kharif,5200.0,Hectare,4400.0,Tonnes,846.1538461538462,Vidarbha,1998
Maharashtra,WARDHA,Groundnut,1998-99,Summer,1200.0,Hectare,1300.0,Tonnes,1083.3333333333333,Vidarbha,1998
Maharashtra,WARDHA,Groundnut,1999-00,Kharif,4900.0,Hectare,3300.0,Tonnes,673.469387755102,Vidarbha,1999
Maharashtra,WARDHA,Groundnut,1999-00,Summer,1400.0,Hectare,1700.0,Tonnes,1214.2857142857142,Vidarbha,1999
Maharashtra,WARDHA,Groundnut,2000-01,Kharif,3900.0,Hectare,2800.0,Tonnes,717.9487179487179,Vidarbha,2000
Maharashtra,WASHIM,Groundnut,1999-00,Kharif,400.0,Hectare,300.0,Tonnes,750.0,Vidarbha,1999
Maharashtra,WASHIM,Groundnut,1999-00,Summer,700.0,Hectare,800.0,Tonnes,1142.857142857143,Vidarbha,1999
Maharashtra,WASHIM,Groundnut,2000-01,Kharif,400.0,Hectare,200.0,Tonnes,500.0,Vidarbha,2000
Maharashtra,WASHIM,Groundnut,2000-01,Summer,500.0,Hectare,300.0,Tonnes,600.0,Vidarbha,2000
Maharashtra,YAVATMAL,Groundnut,1998-99,Kharif,1300.0,Hectare,1300.0,Tonnes,1000.0,Vidarbha,1998
Maharashtra,YAVATMAL,Groundnut,1998-99,Summer,5500.0,Hectare,5000.0,Tonnes,909.0909090909091,Vidarbha,1998
Maharashtra,YAVATMAL,Groundnut,1999-00,Kharif,700.0,Hectare,400.0,Tonnes,571.4285714285714,Vidarbha,1999
Maharashtra,YAVATMAL,Groundnut,1999-00,Summer,5800.0,Hectare,5600.0,Tonnes,965.5172413793103,Vidarbha,1999
Maharashtra,YAVATMAL,Groundnut,2000-01,Kharif,500.0,Hectare,300.0,Tonnes,600.0,Vidarbha,2000
Maharashtra,YAVATMAL,Groundnut,2000-01,Summer,5200.0,Hectare,4000.0,Tonnes,769.2307692307693,Vidarbha,2000
Maharashtra,AHMEDNAGAR,Jowar,2001-02,Kharif,200.0,Hectare,100.0,Tonnes,500.0,Madhya Maharashtra,2001
Maharashtra,AHMEDNAGAR,Jowar,2001-02,Rabi,528900.0,Hectare,175000.0,Tonnes,330.87540177727357,Madhya Maharashtra,2001
Maharashtra,AHMEDNAGAR,Jowar,2002-03,Kharif,100.0,Hectare,100.0,Tonnes,1000.0,Madhya Maharashtra,2002
Maharashtra,AKOLA,Jowar,2001-02,Kharif,85200.0,Hectare,121100.0,Tonnes,1421.3615023474179,Vidarbha,2001
Maharashtra,AKOLA,Jowar,2001-02,Rabi,100.0,Hectare,100.0,Tonnes,1000.0,Vidarbha,2001
Maharashtra,AKOLA,Jowar,2002-03,Rabi,100.0,Hectare,100.0,Tonnes,1000.0,Vidarbha,2002
Maharashtra,AKOLA,Jowar,2003-04,Rabi,100.0,Hectare,100.0,Tonnes,1000.0,Vidarbha,2003
Maharashtra,AMRAVATI,Jowar,2001-02,Kharif,109000.0,Hectare,152800.0,Tonnes,1401.8348623853212,Vidarbha,2001
Maharashtra,AMRAVATI,Jowar,2001-02,Rabi,100.0,Hectare,100.0,Tonnes,1000.0,Vidarbha,2001
Maharashtra,AMRAVATI,Jowar,2002-03,Kharif,102900.0,Hectare,144000.0,Tonnes,1399.4169096209912,Vidarbha,2002
Maharashtra,AMRAVATI,Jowar,2002-03,Rabi,100.0,Hectare,100.0,Tonnes,1000.0,Vidarbha,2002
Maharashtra,AMRAVATI,Jowar,2003-04,Kharif,100200.0,Hectare,143100.0,Tonnes,1428.1437125748505,Vidarbha,2003
Maharashtra,AMRAVATI,Jowar,2003-04,Rabi,100.0,Hectare,100.0,Tonnes,1000.0,Vidarbha,2003
Maharashtra,AURANGABAD,Jowar,2001-02,Kharif,25900.0,Hectare,27500.0,Tonnes,1061.776061776062,Matathwada,2001
Maharashtra,AURANGABAD,Jowar,2001-02,Rabi,212900.0,Hectare,123900.0,Tonnes,581.9633630812589,Matathwada,2001
Maharashtra,AURANGABAD,Jowar,2002-03,Kharif,24400.0,Hectare,34400.0,Tonnes,1409.8360655737706,Matathwada,2002
Maharashtra,AURANGABAD,Jowar,2002-03,Rabi,147500.0,Hectare,82400.0,Tonnes,558.6440677966101,Matathwada,2002
Maharashtra,AURANGABAD,Jowar,2003-04,Kharif,17900.0,Hectare,23800.0,Tonnes,1329.608938547486,Matathwada,2003
Maharashtra,AURANGABAD,Jowar,2003-04,Rabi,170000.0,Hectare,61300.0,Tonnes,360.5882352941176,Matathwada,2003
Maharashtra,BEED,Jowar,2001-02,Kharif,67600.0,Hectare,43400.0,Tonnes,642.0118343195265,Matathwada,2001
Maharashtra,BEED,Jowar,2001-02,Rabi,263700.0,Hectare,134000.0,Tonnes,508.15320439893816,Matathwada,2001
Maharashtra,BEED,Jowar,2002-03,Kharif,68900.0,Hectare,83300.0,Tonnes,1208.9985486211901,Matathwada,2002
Maharashtra,BEED,Jowar,2002-03,Rabi,247900.0,Hectare,145800.0,Tonnes,588.1403791851553,Matathwada,2002
Maharashtra,BEED,Jowar,2003-04,Kharif,68500.0,Hectare,53500.0,Tonnes,781.021897810219,Matathwada,2003
Maharashtra,BHANDARA,Jowar,2001-02,Rabi,900.0,Hectare,400.0,Tonnes,444.4444444444444,Vidarbha,2001
Maharashtra,BHANDARA,Jowar,2002-03,Kharif,100.0,Hectare,100.0,Tonnes,1000.0,Vidarbha,2002
Maharashtra,BHANDARA,Jowar,2002-03,Rabi,800.0,Hectare,300.0,Tonnes,375.0,Vidarbha,2002
Maharashtra,BHANDARA,Jowar,2003-04,Kharif,100.0,Hectare,100.0,Tonnes,1000.0,Vidarbha,2003
Maharashtra,BHANDARA,Jowar,2003-04,Rabi,400.0,Hectare,200.0,Tonnes,500.0,Vidarbha,2003
Maharashtra,BULDHANA,Jowar,2001-02,Kharif,129700.0,Hectare,171200.0,Tonnes,1319.9691595990748,Vidarbha,2001
Maharashtra,BULDHANA,Jowar,2001-02,Rabi,16600.0,Hectare,17300.0,Tonnes,1042.1686746987953,Vidarbha,2001
Maharashtra,BULDHANA,Jowar,2002-03,Kharif,116800.0,Hectare,185100.0,Tonnes,1584.7602739726028,Vidarbha,2002
Maharashtra,BULDHANA,Jowar,2002-03,Rabi,20900.0,Hectare,17400.0,Tonnes,832.5358851674641,Vidarbha,2002
Maharashtra,BULDHANA,Jowar,2003-04,Kharif,108000.0,Hectare,178800.0,Tonnes,1655.5555555555554,Vidarbha,2003
Maharashtra,BULDHANA,Jowar,2003-04,Rabi,21700.0,Hectare,16200.0,Tonnes,746.5437788018434,Vidarbha,2003
Maharashtra,CHANDRAPUR,Jowar,2001-02,Kharif,17200.0,Hectare,18900.0,Tonnes,1098.8372093023256,Vidarbha,2001
Maharashtra,CHANDRAPUR,Jowar,2001-02,Rabi,43700.0,Hectare,21800.0,Tonnes,498.8558352402746,Vidarbha,2001
Maharashtra,CHANDRAPUR,Jowar,2002-03,Kharif,15200.0,Hectare,17600.0,Tonnes,1157.8947368421052,Vidarbha,2002
Maharashtra,CHANDRAPUR,Jowar,2003-04,Kharif,14100.0,Hectare,14100.0,Tonnes,1000.0,Vidarbha,2003
Maharashtra,DHULE,Jowar,2001-02,Kharif,33900.0,Hectare,47400.0,Tonnes,1398.2300884955753,Madhya Maharashtra,2001
Maharashtra,DHULE,Jowar,2001-02,Rabi,5800.0,Hectare,3700.0,Tonnes,637.9310344827587,Madhya Maharashtra,2001
Maharashtra,DHULE,Jowar,2002-03,Kharif,33700.0,Hectare,37500.0,Tonnes,1112.7596439169138,Madhya Maharashtra,2002
Maharashtra,DHULE,Jowar,2002-03,Rabi,6200.0,Hectare,5200.0,Tonnes,838.7096774193549,Madhya Maharashtra,2002
Maharashtra,DHULE,Jowar,2003-04,Kharif,32500.0,Hectare,55500.0,Tonnes,1707.6923076923076,Madhya Maharashtra,2003
Maharashtra,DHULE,Jowar,2003-04,Rabi,7900.0,Hectare,11500.0,Tonnes,1455.6962025316457,Madhya Maharashtra,2003
Maharashtra,GADCHIROLI,Jowar,2001-02,Rabi,8800.0,Hectare,3900.0,Tonnes,443.1818181818182,Vidarbha,2001
Maharashtra,GADCHIROLI,Jowar,2002-03,Rabi,7200.0,Hectare,2400.0,Tonnes,333.3333333333333,Vidarbha,2002
Maharashtra,GADCHIROLI,Jowar,2003-04,Rabi,7700.0,Hectare,3700.0,Tonnes,480.5194805194805,Vidarbha,2003
Maharashtra,GONDIA,Jowar,2002-03,Kharif,100.0,Hectare,100.0,Tonnes,1000.0,Vidarbha,2002
Maharashtra,HINGOLI,Jowar,2001-02,Kharif,77100.0,Hectare,96400.0,Tonnes,1250.3242542153048,Matathwada,2001
Maharashtra,HINGOLI,Jowar,2001-02,Rabi,21200.0,Hectare,11400.0,Tonnes,537.7358490566038,Matathwada,2001
Maharashtra,HINGOLI,Jowar,2002-03,Kharif,72600.0,Hectare,112200.0,Tonnes,1545.4545454545455,Matathwada,2002
Maharashtra,HINGOLI,Jowar,2002-03,Rabi,21900.0,Hectare,15100.0,Tonnes,689.4977168949772,Matathwada,2002
Maharashtra,HINGOLI,Jowar,2003-04,Kharif,71000.0,Hectare,107900.0,Tonnes,1519.718309859155,Matathwada,2003
Maharashtra,HINGOLI,Jowar,2003-04,Rabi,23200.0,Hectare,16400.0,Tonnes,706.8965517241379,Matathwada,2003
Maharashtra,JALGAON,Jowar,2001-02,Kharif,144500.0,Hectare,216600.0,Tonnes,1498.961937716263,Madhya Maharashtra,2001
Maharashtra,JALGAON,Jowar,2001-02,Rabi,28400.0,Hectare,37200.0,Tonnes,1309.8591549295775,Madhya Maharashtra,2001
Maharashtra,JALGAON,Jowar,2002-03,Rabi,31500.0,Hectare,49900.0,Tonnes,1584.126984126984,Madhya Maharashtra,2002
Maharashtra,JALGAON,Jowar,2003-04,Rabi,34200.0,Hectare,50900.0,Tonnes,1488.3040935672514,Madhya Maharashtra,2003
Maharashtra,JALNA,Jowar,2001-02,Kharif,24600.0,Hectare,30300.0,Tonnes,1231.7073170731708,Matathwada,2001
Maharashtra,JALNA,Jowar,2001-02,Rabi,166000.0,Hectare,148400.0,Tonnes,893.9759036144578,Matathwada,2001
Maharashtra,JALNA,Jowar,2002-03,Kharif,16400.0,Hectare,22800.0,Tonnes,1390.2439024390244,Matathwada,2002
Maharashtra,JALNA,Jowar,2002-03,Rabi,154900.0,Hectare,143900.0,Tonnes,928.9864428663655,Matathwada,2002
Maharashtra,JALNA,Jowar,2003-04,Kharif,16900.0,Hectare,22200.0,Tonnes,1313.6094674556211,Matathwada,2003
Maharashtra,JALNA,Jowar,2003-04,Rabi,154500.0,Hectare,79500.0,Tonnes,514.5631067961165,Matathwada,2003
Maharashtra,KOLHAPUR,Jowar,2001-02,Rabi,11200.0,Hectare,15200.0,Tonnes,1357.142857142857,Madhya Maharashtra,2001
Maharashtra,KOLHAPUR,Jowar,2002-03,Rabi,9800.0,Hectare,15600.0,Tonnes,1591.8367346938776,Madhya Maharashtra,2002
Maharashtra,KOLHAPUR,Jowar,2003-04,Kharif,7700.0,Hectare,12400.0,Tonnes,1610.3896103896104,Madhya Maharashtra,2003
Maharashtra,KOLHAPUR,Jowar,2003-04,Rabi,10400.0,Hectare,14400.0,Tonnes,1384.6153846153845,Madhya Maharashtra,2003
Maharashtra,LATUR,Jowar,2001-02,Kharif,162800.0,Hectare,205900.0,Tonnes,1264.7420147420148,Matathwada,2001
Maharashtra,LATUR,Jowar,2001-02,Rabi,28700.0,Hectare,17100.0,Tonnes,595.8188153310105,Matathwada,2001
Maharashtra,LATUR,Jowar,2002-03,Kharif,157500.0,Hectare,250200.0,Tonnes,1588.5714285714282,Matathwada,2002
Maharashtra,LATUR,Jowar,2002-03,Rabi,29100.0,Hectare,20500.0,Tonnes,704.4673539518901,Matathwada,2002
Maharashtra,LATUR,Jowar,2003-04,Kharif,156700.0,Hectare,229100.0,Tonnes,1462.0293554562859,Matathwada,2003
Maharashtra,LATUR,Jowar,2003-04,Rabi,28900.0,Hectare,12500.0,Tonnes,432.5259515570934,Matathwada,2003
Maharashtra,NAGPUR,Jowar,2001-02,Kharif,47900.0,Hectare,39000.0,Tonnes,814.19624217119,Vidarbha,2001
Maharashtra,NAGPUR,Jowar,2001-02,Rabi,9800.0,Hectare,4000.0,Tonnes,408.1632653061224,Vidarbha,2001
Maharashtra,NAGPUR,Jowar,2002-03,Kharif,46500.0,Hectare,43700.0,Tonnes,939.7849462365592,Vidarbha,2002
Maharashtra,NAGPUR,Jowar,2002-03,Rabi,6000.0,Hectare,2700.0,Tonnes,450.0,Vidarbha,2002
Maharashtra,NAGPUR,Jowar,2003-04,Kharif,44600.0,Hectare,42800.0,Tonnes,959.6412556053812,Vidarbha,2003
Maharashtra,NAGPUR,Jowar,2003-04,Rabi,8100.0,Hectare,3000.0,Tonnes,370.37037037037027,Vidarbha,2003
Maharashtra,NANDED,Jowar,2001-02,Kharif,181200.0,Hectare,210700.0,Tonnes,1162.80353200883,Matathwada,2001
Maharashtra,NANDED,Jowar,2001-02,Rabi,30200.0,Hectare,31100.0,Tonnes,1029.8013245033112,Matathwada,2001
Maharashtra,NANDED,Jowar,2002-03,Kharif,171900.0,Hectare,279500.0,Tonnes,1625.9453170447935,Matathwada,2002
Maharashtra,NANDED,Jowar,2002-03,Rabi,31900.0,Hectare,32100.0,Tonnes,1006.269592476489,Matathwada,2002
Maharashtra,NANDED,Jowar,2003-04,Kharif,164200.0,Hectare,214400.0,Tonnes,1305.7247259439707,Matathwada,2003
Maharashtra,NANDED,Jowar,2003-04,Rabi,30900.0,Hectare,31000.0,Tonnes,1003.2362459546927,Matathwada,2003
Maharashtra,NANDURBAR,Jowar,2001-02,Kharif,34800.0,Hectare,43200.0,Tonnes,1241.3793103448277,Madhya Maharashtra,2001
Maharashtra,NANDURBAR,Jowar,2001-02,Rabi,25400.0,Hectare,20000.0,Tonnes,787.4015748031496,Madhya Maharashtra,2001
Maharashtra,NANDURBAR,Jowar,2002-03,Kharif,32600.0,Hectare,36700.0,Tonnes,1125.7668711656438,Madhya Maharashtra,2002
Maharashtra,NANDURBAR,Jowar,2002-03,Rabi,23700.0,Hectare,21900.0,Tonnes,924.0506329113924,Madhya Maharashtra,2002
Maharashtra,NANDURBAR,Jowar,2003-04,Kharif,30200.0,Hectare,48300.0,Tonnes,1599.337748344371,Madhya Maharashtra,2003
Maharashtra,NANDURBAR,Jowar,2003-04,Rabi,24200.0,Hectare,20100.0,Tonnes,830.5785123966942,Madhya Maharashtra,2003
Maharashtra,NASHIK,Jowar,2001-02,Kharif,12000.0,Hectare,10700.0,Tonnes,891.6666666666667,Madhya Maharashtra,2001
Maharashtra,NASHIK,Jowar,2001-02,Rabi,19100.0,Hectare,10300.0,Tonnes,539.2670157068062,Madhya Maharashtra,2001
Maharashtra,NASHIK,Jowar,2002-03,Kharif,9200.0,Hectare,11200.0,Tonnes,1217.3913043478262,Madhya Maharashtra,2002
Maharashtra,NASHIK,Jowar,2002-03,Rabi,10100.0,Hectare,5300.0,Tonnes,524.7524752475248,Madhya Maharashtra,2002
Maharashtra,NASHIK,Jowar,2003-04,Kharif,6900.0,Hectare,4600.0,Tonnes,666.6666666666666,Madhya Maharashtra,2003
Maharashtra,NASHIK,Jowar,2003-04,Rabi,9600.0,Hectare,4400.0,Tonnes,458.3333333333333,Madhya Maharashtra,2003
Maharashtra,OSMANABAD,Jowar,2001-02,Kharif,82400.0,Hectare,51300.0,Tonnes,622.5728155339806,Matathwada,2001
Maharashtra,OSMANABAD,Jowar,2001-02,Rabi,253600.0,Hectare,171300.0,Tonnes,675.4731861198738,Matathwada,2001
Maharashtra,OSMANABAD,Jowar,2002-03,Kharif,85900.0,Hectare,76100.0,Tonnes,885.9138533178113,Matathwada,2002
Maharashtra,OSMANABAD,Jowar,2002-03,Rabi,251400.0,Hectare,146000.0,Tonnes,580.7478122513921,Matathwada,2002
Maharashtra,OSMANABAD,Jowar,2003-04,Kharif,77200.0,Hectare,39100.0,Tonnes,506.47668393782385,Matathwada,2003
Maharashtra,PARBHANI,Jowar,2001-02,Kharif,104800.0,Hectare,135400.0,Tonnes,1291.9847328244273,Matathwada,2001
Maharashtra,PARBHANI,Jowar,2001-02,Rabi,167700.0,Hectare,138700.0,Tonnes,827.0721526535481,Matathwada,2001
Maharashtra,PARBHANI,Jowar,2002-03,Kharif,100300.0,Hectare,144400.0,Tonnes,1439.6809571286142,Matathwada,2002
Maharashtra,PARBHANI,Jowar,2002-03,Rabi,173700.0,Hectare,132700.0,Tonnes,763.9608520437537,Matathwada,2002
Maharashtra,PARBHANI,Jowar,2003-04,Kharif,101700.0,Hectare,127800.0,Tonnes,1256.6371681415928,Matathwada,2003
Maharashtra,PARBHANI,Jowar,2003-04,Rabi,179000.0,Hectare,108400.0,Tonnes,605.586592178771,Matathwada,2003
Maharashtra,PUNE,Jowar,2001-02,Kharif,3200.0,Hectare,2200.0,Tonnes,687.5,Madhya Maharashtra,2001
Maharashtra,PUNE,Jowar,2001-02,Rabi,487800.0,Hectare,235700.0,Tonnes,483.18983189831897,Madhya Maharashtra,2001
Maharashtra,PUNE,Jowar,2002-03,Kharif,3000.0,Hectare,1600.0,Tonnes,533.3333333333334,Madhya Maharashtra,2002
Maharashtra,PUNE,Jowar,2002-03,Rabi,462600.0,Hectare,160400.0,Tonnes,346.735840899265,Madhya Maharashtra,2002
Maharashtra,PUNE,Jowar,2003-04,Kharif,2900.0,Hectare,4600.0,Tonnes,1586.2068965517242,Madhya Maharashtra,2003
Maharashtra,SANGLI,Jowar,2001-02,Kharif,112300.0,Hectare,52700.0,Tonnes,469.2787177203918,Madhya Maharashtra,2001
Maharashtra,SANGLI,Jowar,2001-02,Rabi,159500.0,Hectare,103100.0,Tonnes,646.3949843260189,Madhya Maharashtra,2001
Maharashtra,SANGLI,Jowar,2002-03,Kharif,107300.0,Hectare,59600.0,Tonnes,555.4520037278659,Madhya Maharashtra,2002
Maharashtra,SANGLI,Jowar,2002-03,Rabi,120800.0,Hectare,45400.0,Tonnes,375.8278145695364,Madhya Maharashtra,2002
Maharashtra,SANGLI,Jowar,2003-04,Kharif,50800.0,Hectare,15500.0,Tonnes,305.1181102362205,Madhya Maharashtra,2003
Maharashtra,SATARA,Jowar,2001-02,Kharif,64800.0,Hectare,99000.0,Tonnes,1527.7777777777776,Madhya Maharashtra,2001
Maharashtra,SATARA,Jowar,2001-02,Rabi,150600.0,Hectare,96700.0,Tonnes,642.0982735723771,Madhya Maharashtra,2001
Maharashtra,SATARA,Jowar,2002-03,Kharif,67100.0,Hectare,108400.0,Tonnes,1615.4992548435173,Madhya Maharashtra,2002
Maharashtra,SATARA,Jowar,2002-03,Rabi,133000.0,Hectare,57700.0,Tonnes,433.83458646616543,Madhya Maharashtra,2002
Maharashtra,SATARA,Jowar,2003-04,Kharif,58300.0,Hectare,83200.0,Tonnes,1427.1012006861063,Madhya Maharashtra,2003
Maharashtra,SATARA,Jowar,2003-04,Rabi,66200.0,Hectare,41000.0,Tonnes,619.3353474320242,Madhya Maharashtra,2003
Maharashtra,SOLAPUR,Jowar,2001-02,Kharif,700.0,Hectare,500.0,Tonnes,714.2857142857143,Madhya Maharashtra,2001
Maharashtra,SOLAPUR,Jowar,2001-02,Rabi,712900.0,Hectare,313800.0,Tonnes,440.1739374386309,Madhya Maharashtra,2001
Maharashtra,SOLAPUR,Jowar,2002-03,Kharif,1100.0,Hectare,600.0,Tonnes,545.4545454545454,Madhya Maharashtra,2002
Maharashtra,SOLAPUR,Jowar,2002-03,Rabi,672100.0,Hectare,225400.0,Tonnes,335.3667608986758,Madhya Maharashtra,2002
Maharashtra,WARDHA,Jowar,2001-02,Kharif,36100.0,Hectare,34900.0,Tonnes,966.7590027700832,Vidarbha,2001
Maharashtra,WARDHA,Jowar,2001-02,Rabi,1700.0,Hectare,800.0,Tonnes,470.58823529411757,Vidarbha,2001
Maharashtra,WARDHA,Jowar,2002-03,Kharif,34500.0,Hectare,31700.0,Tonnes,918.8405797101448,Vidarbha,2002
Maharashtra,WARDHA,Jowar,2003-04,Kharif,29800.0,Hectare,29300.0,Tonnes,983.2214765100672,Vidarbha,2003
Maharashtra,WARDHA,Jowar,2003-04,Rabi,500.0,Hectare,200.0,Tonnes,400.0,Vidarbha,2003
Maharashtra,WASHIM,Jowar,2001-02,Kharif,66300.0,Hectare,80800.0,Tonnes,1218.7028657616893,Vidarbha,2001
Maharashtra,WASHIM,Jowar,2001-02,Rabi,1300.0,Hectare,1400.0,Tonnes,1076.923076923077,Vidarbha,2001
Maharashtra,WASHIM,Jowar,2002-03,Kharif,62700.0,Hectare,73900.0,Tonnes,1178.628389154705,Vidarbha,2002
Maharashtra,WASHIM,Jowar,2002-03,Rabi,900.0,Hectare,700.0,Tonnes,777.7777777777778,Vidarbha,2002
Maharashtra,WASHIM,Jowar,2003-04,Kharif,59300.0,Hectare,77200.0,Tonnes,1301.8549747048903,Vidarbha,2003
Maharashtra,WASHIM,Jowar,2003-04,Rabi,700.0,Hectare,500.0,Tonnes,714.2857142857143,Vidarbha,2003
Maharashtra,YAVATMAL,Jowar,2001-02,Kharif,145500.0,Hectare,159200.0,Tonnes,1094.158075601375,Vidarbha,2001
Maharashtra,YAVATMAL,Jowar,2001-02,Rabi,100.0,Hectare,100.0,Tonnes,1000.0,Vidarbha,2001
Maharashtra,YAVATMAL,Jowar,2002-03,Kharif,139400.0,Hectare,164600.0,Tonnes,1180.7747489239596,Vidarbha,2002
Maharashtra,YAVATMAL,Jowar,2002-03,Rabi,100.0,Hectare,100.0,Tonnes,1000.0,Vidarbha,2002
Maharashtra,YAVATMAL,Jowar,2003-04,Kharif,129100.0,Hectare,132800.0,Tonnes,1028.6599535243997,Vidarbha,2003
Maharashtra,YAVATMAL,Jowar,2003-04,Rabi,33300.0,Hectare,12800.0,Tonnes,384.38438438438436,Vidarbha,2003
Maharashtra,AHMEDNAGAR,Jowar,2004-05,Kharif,100.0,Hectare,100.0,Tonnes,1000.0,Madhya Maharashtra,2004
Maharashtra,AHMEDNAGAR,Jowar,2004-05,Rabi,555000.0,Hectare,263300.0,Tonnes,474.4144144144144,Madhya Maharashtra,2004
Maharashtra,AHMEDNAGAR,Jowar,2005-06,Kharif,100.0,Hectare,100.0,Tonnes,1000.0,Madhya Maharashtra,2005
Maharashtra,AHMEDNAGAR,Jowar,2005-06,Rabi,569900.0,Hectare,258800.0,Tonnes,454.1147569749079,Madhya Maharashtra,2005
Maharashtra,AHMEDNAGAR,Jowar,2006-07,Kharif,100.0,Hectare,100.0,Tonnes,1000.0,Madhya Maharashtra,2006
Maharashtra,AHMEDNAGAR,Jowar,2006-07,Rabi,528400.0,Hectare,274000.0,Tonnes,518.5465556396668,Madhya Maharashtra,2006
Maharashtra,AKOLA,Jowar,2004-05,Kharif,82200.0,Hectare,108300.0,Tonnes,1317.5182481751824,Vidarbha,2004
Maharashtra,AKOLA,Jowar,2004-05,Rabi,100.0,Hectare,100.0,Tonnes,1000.0,Vidarbha,2004
Maharashtra,AKOLA,Jowar,2005-06,Rabi,100.0,Hectare,100.0,Tonnes,1000.0,Vidarbha,2005
Maharashtra,AKOLA,Jowar,2006-07,Rabi,100.0,Hectare,100.0,Tonnes,1000.0,Vidarbha,2006
Maharashtra,AMRAVATI,Jowar,2004-05,Kharif,92800.0,Hectare,88700.0,Tonnes,955.8189655172412,Vidarbha,2004
Maharashtra,AMRAVATI,Jowar,2005-06,Kharif,94100.0,Hectare,123800.0,Tonnes,1315.6216790648248,Vidarbha,2005
Maharashtra,AMRAVATI,Jowar,2006-07,Kharif,94700.0,Hectare,111500.0,Tonnes,1177.4023231256601,Vidarbha,2006
Maharashtra,AURANGABAD,Jowar,2004-05,Kharif,10600.0,Hectare,12900.0,Tonnes,1216.9811320754718,Matathwada,2004
Maharashtra,AURANGABAD,Jowar,2004-05,Rabi,168500.0,Hectare,107400.0,Tonnes,637.3887240356083,Matathwada,2004
Maharashtra,AURANGABAD,Jowar,2005-06,Kharif,10200.0,Hectare,14400.0,Tonnes,1411.764705882353,Matathwada,2005
Maharashtra,AURANGABAD,Jowar,2005-06,Rabi,160700.0,Hectare,128600.0,Tonnes,800.2489110143124,Matathwada,2005
Maharashtra,AURANGABAD,Jowar,2006-07,Kharif,8000.0,Hectare,14100.0,Tonnes,1762.5,Matathwada,2006
Maharashtra,AURANGABAD,Jowar,2006-07,Rabi,163999.99999999994,Hectare,161300.0,Tonnes,983.536585365854,Matathwada,2006
Maharashtra,BEED,Jowar,2004-05,Kharif,55900.0,Hectare,33700.0,Tonnes,602.8622540250446,Matathwada,2004
Maharashtra,BEED,Jowar,2004-05,Rabi,256700.0,Hectare,184300.0,Tonnes,717.9587066614725,Matathwada,2004
Maharashtra,BEED,Jowar,2005-06,Kharif,53000.0,Hectare,42800.0,Tonnes,807.5471698113208,Matathwada,2005
Maharashtra,BEED,Jowar,2005-06,Rabi,255000.0,Hectare,151100.0,Tonnes,592.5490196078431,Matathwada,2005
Maharashtra,BEED,Jowar,2006-07,Kharif,50800.0,Hectare,55200.0,Tonnes,1086.6141732283463,Matathwada,2006
Maharashtra,BEED,Jowar,2006-07,Rabi,251100.0,Hectare,178700.0,Tonnes,711.6686579052171,Matathwada,2006
Maharashtra,BHANDARA,Jowar,2004-05,Rabi,200.0,Hectare,100.0,Tonnes,500.0,Vidarbha,2004
Maharashtra,BHANDARA,Jowar,2005-06,Rabi,200.0,Hectare,200.0,Tonnes,1000.0,Vidarbha,2005
Maharashtra,BHANDARA,Jowar,2006-07,Rabi,100.0,Hectare,100.0,Tonnes,1000.0,Vidarbha,2006
Maharashtra,BULDHANA,Jowar,2004-05,Kharif,101900.0,Hectare,114900.0,Tonnes,1127.576054955839,Vidarbha,2004
Maharashtra,BULDHANA,Jowar,2004-05,Rabi,19700.0,Hectare,8200.0,Tonnes,416.243654822335,Vidarbha,2004
Maharashtra,BULDHANA,Jowar,2005-06,Kharif,93500.0,Hectare,98100.0,Tonnes,1049.197860962567,Vidarbha,2005
Maharashtra,BULDHANA,Jowar,2005-06,Rabi,19400.0,Hectare,10700.0,Tonnes,551.5463917525774,Vidarbha,2005
Maharashtra,BULDHANA,Jowar,2006-07,Kharif,71500.0,Hectare,101300.0,Tonnes,1416.7832167832169,Vidarbha,2006
Maharashtra,BULDHANA,Jowar,2006-07,Rabi,17500.0,Hectare,15400.0,Tonnes,880.0,Vidarbha,2006
Maharashtra,CHANDRAPUR,Jowar,2004-05,Kharif,10700.0,Hectare,10400.0,Tonnes,971.96261682243,Vidarbha,2004
Maharashtra,CHANDRAPUR,Jowar,2004-05,Rabi,20400.0,Hectare,6600.0,Tonnes,323.5294117647059,Vidarbha,2004
Maharashtra,CHANDRAPUR,Jowar,2005-06,Kharif,8800.0,Hectare,11500.0,Tonnes,1306.8181818181822,Vidarbha,2005
Maharashtra,CHANDRAPUR,Jowar,2005-06,Rabi,21300.0,Hectare,6900.0,Tonnes,323.943661971831,Vidarbha,2005
Maharashtra,CHANDRAPUR,Jowar,2006-07,Kharif,7700.0,Hectare,10100.0,Tonnes,1311.6883116883118,Vidarbha,2006
Maharashtra,CHANDRAPUR,Jowar,2006-07,Rabi,16300.0,Hectare,7000.0,Tonnes,429.4478527607362,Vidarbha,2006
Maharashtra,DHULE,Jowar,2004-05,Kharif,29600.0,Hectare,43800.0,Tonnes,1479.7297297297298,Madhya Maharashtra,2004
Maharashtra,DHULE,Jowar,2004-05,Rabi,8600.0,Hectare,12500.0,Tonnes,1453.4883720930231,Madhya Maharashtra,2004
Maharashtra,DHULE,Jowar,2005-06,Kharif,28900.0,Hectare,32700.0,Tonnes,1131.4878892733564,Madhya Maharashtra,2005
Maharashtra,DHULE,Jowar,2005-06,Rabi,8800.0,Hectare,6600.0,Tonnes,750.0,Madhya Maharashtra,2005
Maharashtra,DHULE,Jowar,2006-07,Kharif,27600.0,Hectare,34500.0,Tonnes,1250.0,Madhya Maharashtra,2006
Maharashtra,DHULE,Jowar,2006-07,Rabi,9200.0,Hectare,11100.0,Tonnes,1206.5217391304348,Madhya Maharashtra,2006
Maharashtra,GADCHIROLI,Jowar,2005-06,Rabi,5300.0,Hectare,2300.0,Tonnes,433.9622641509434,Vidarbha,2005
Maharashtra,GADCHIROLI,Jowar,2006-07,Rabi,7100.0,Hectare,4000.0,Tonnes,563.3802816901409,Vidarbha,2006
Maharashtra,HINGOLI,Jowar,2004-05,Kharif,66700.0,Hectare,50100.0,Tonnes,751.1244377811095,Matathwada,2004
Maharashtra,HINGOLI,Jowar,2004-05,Rabi,22100.0,Hectare,14000.0,Tonnes,633.4841628959276,Matathwada,2004
Maharashtra,HINGOLI,Jowar,2005-06,Kharif,56500.0,Hectare,76400.0,Tonnes,1352.2123893805308,Matathwada,2005
Maharashtra,HINGOLI,Jowar,2005-06,Rabi,22600.0,Hectare,13900.0,Tonnes,615.0442477876106,Matathwada,2005
Maharashtra,HINGOLI,Jowar,2006-07,Kharif,52200.0,Hectare,53300.0,Tonnes,1021.0727969348661,Matathwada,2006
Maharashtra,HINGOLI,Jowar,2006-07,Rabi,20900.0,Hectare,11800.0,Tonnes,564.5933014354066,Matathwada,2006
Maharashtra,JALGAON,Jowar,2004-05,Rabi,39300.0,Hectare,62400.0,Tonnes,1587.7862595419847,Madhya Maharashtra,2004
Maharashtra,JALGAON,Jowar,2005-06,Rabi,28400.0,Hectare,40600.0,Tonnes,1429.5774647887324,Madhya Maharashtra,2005
Maharashtra,JALGAON,Jowar,2006-07,Rabi,34100.0,Hectare,50100.0,Tonnes,1469.208211143695,Madhya Maharashtra,2006
Maharashtra,JALNA,Jowar,2004-05,Kharif,14700.0,Hectare,14600.0,Tonnes,993.1972789115646,Matathwada,2004
Maharashtra,JALNA,Jowar,2004-05,Rabi,156200.0,Hectare,116300.0,Tonnes,744.5582586427657,Matathwada,2004
Maharashtra,JALNA,Jowar,2005-06,Kharif,15000.0,Hectare,18500.0,Tonnes,1233.3333333333335,Matathwada,2005
Maharashtra,JALNA,Jowar,2005-06,Rabi,157000.0,Hectare,125000.0,Tonnes,796.1783439490446,Matathwada,2005
Maharashtra,JALNA,Jowar,2006-07,Kharif,13700.0,Hectare,18200.0,Tonnes,1328.4671532846717,Matathwada,2006
Maharashtra,JALNA,Jowar,2006-07,Rabi,165300.0,Hectare,172100.0,Tonnes,1041.1373260738053,Matathwada,2006
Maharashtra,KOLHAPUR,Jowar,2004-05,Rabi,11800.0,Hectare,18000.0,Tonnes,1525.4237288135594,Madhya Maharashtra,2004
Maharashtra,KOLHAPUR,Jowar,2005-06,Kharif,8000.0,Hectare,9500.0,Tonnes,1187.5,Madhya Maharashtra,2005
Maharashtra,KOLHAPUR,Jowar,2005-06,Rabi,12000.0,Hectare,15800.0,Tonnes,1316.666666666667,Madhya Maharashtra,2005
Maharashtra,KOLHAPUR,Jowar,2006-07,Kharif,9100.0,Hectare,9800.0,Tonnes,1076.923076923077,Madhya Maharashtra,2006
Maharashtra,KOLHAPUR,Jowar,2006-07,Rabi,11900.0,Hectare,16800.0,Tonnes,1411.764705882353,Madhya Maharashtra,2006
Maharashtra,LATUR,Jowar,2004-05,Kharif,139700.0,Hectare,137800.0,Tonnes,986.3994273443092,Matathwada,2004
Maharashtra,LATUR,Jowar,2004-05,Rabi,31400.0,Hectare,19300.0,Tonnes,614.6496815286624,Matathwada,2004
Maharashtra,LATUR,Jowar,2005-06,Kharif,137000.0,Hectare,224900.0,Tonnes,1641.6058394160584,Matathwada,2005
Maharashtra,LATUR,Jowar,2005-06,Rabi,30900.0,Hectare,28500.0,Tonnes,922.3300970873788,Matathwada,2005
Maharashtra,LATUR,Jowar,2006-07,Kharif,138400.0,Hectare,180900.0,Tonnes,1307.080924855491,Matathwada,2006
Maharashtra,LATUR,Jowar,2006-07,Rabi,31900.0,Hectare,23600.0,Tonnes,739.8119122257053,Matathwada,2006
Maharashtra,NAGPUR,Jowar,2004-05,Kharif,40500.0,Hectare,29400.0,Tonnes,725.925925925926,Vidarbha,2004
Maharashtra,NAGPUR,Jowar,2004-05,Rabi,4800.0,Hectare,2200.0,Tonnes,458.3333333333333,Vidarbha,2004
Maharashtra,NAGPUR,Jowar,2005-06,Kharif,36900.0,Hectare,31000.0,Tonnes,840.1084010840109,Vidarbha,2005
Maharashtra,NAGPUR,Jowar,2005-06,Rabi,6700.0,Hectare,2400.0,Tonnes,358.2089552238806,Vidarbha,2005
Maharashtra,NAGPUR,Jowar,2006-07,Kharif,33000.0,Hectare,34400.0,Tonnes,1042.4242424242425,Vidarbha,2006
Maharashtra,NAGPUR,Jowar,2006-07,Rabi,4100.0,Hectare,2200.0,Tonnes,536.5853658536586,Vidarbha,2006
Maharashtra,NANDED,Jowar,2004-05,Kharif,165300.0,Hectare,212700.0,Tonnes,1286.7513611615245,Matathwada,2004
Maharashtra,NANDED,Jowar,2004-05,Rabi,32600.0,Hectare,27800.0,Tonnes,852.7607361963189,Matathwada,2004
Maharashtra,NANDED,Jowar,2005-06,Kharif,170700.0,Hectare,133400.0,Tonnes,781.4879906268308,Matathwada,2005
Maharashtra,NANDED,Jowar,2005-06,Rabi,32600.0,Hectare,24400.0,Tonnes,748.4662576687117,Matathwada,2005
Maharashtra,NANDED,Jowar,2006-07,Kharif,170100.00000000003,Hectare,162100.0,Tonnes,952.9688418577306,Matathwada,2006
Maharashtra,NANDED,Jowar,2006-07,Rabi,31700.0,Hectare,27300.0,Tonnes,861.1987381703469,Matathwada,2006
Maharashtra,NANDURBAR,Jowar,2004-05,Kharif,29700.0,Hectare,28200.0,Tonnes,949.4949494949497,Madhya Maharashtra,2004
Maharashtra,NANDURBAR,Jowar,2004-05,Rabi,28500.0,Hectare,22900.0,Tonnes,803.5087719298247,Madhya Maharashtra,2004
Maharashtra,NANDURBAR,Jowar,2005-06,Kharif,13300.0,Hectare,17200.0,Tonnes,1293.233082706767,Madhya Maharashtra,2005
Maharashtra,NANDURBAR,Jowar,2005-06,Rabi,28400.0,Hectare,27400.0,Tonnes,964.7887323943662,Madhya Maharashtra,2005
Maharashtra,NANDURBAR,Jowar,2006-07,Kharif,28200.0,Hectare,27300.0,Tonnes,968.0851063829789,Madhya Maharashtra,2006
Maharashtra,NANDURBAR,Jowar,2006-07,Rabi,31400.0,Hectare,25300.0,Tonnes,805.732484076433,Madhya Maharashtra,2006
Maharashtra,NASHIK,Jowar,2004-05,Kharif,6500.0,Hectare,8000.0,Tonnes,1230.769230769231,Madhya Maharashtra,2004
Maharashtra,NASHIK,Jowar,2004-05,Rabi,10500.0,Hectare,5500.0,Tonnes,523.8095238095239,Madhya Maharashtra,2004
Maharashtra,NASHIK,Jowar,2005-06,Kharif,3700.0,Hectare,3500.0,Tonnes,945.945945945946,Madhya Maharashtra,2005
Maharashtra,NASHIK,Jowar,2005-06,Rabi,12800.0,Hectare,7500.0,Tonnes,585.9375,Madhya Maharashtra,2005
Maharashtra,NASHIK,Jowar,2006-07,Kharif,2500.0,Hectare,2000.0,Tonnes,800.0,Madhya Maharashtra,2006
Maharashtra,NASHIK,Jowar,2006-07,Rabi,12000.0,Hectare,8400.0,Tonnes,700.0,Madhya Maharashtra,2006
Maharashtra,OSMANABAD,Jowar,2004-05,Kharif,77800.0,Hectare,57800.0,Tonnes,742.9305912596401,Matathwada,2004
Maharashtra,OSMANABAD,Jowar,2004-05,Rabi,255700.0,Hectare,144500.0,Tonnes,565.1153695737192,Matathwada,2004
Maharashtra,OSMANABAD,Jowar,2005-06,Kharif,73200.0,Hectare,65400.0,Tonnes,893.4426229508197,Matathwada,2005
Maharashtra,OSMANABAD,Jowar,2005-06,Rabi,259600.0,Hectare,210500.0,Tonnes,810.8628659476117,Matathwada,2005
Maharashtra,OSMANABAD,Jowar,2006-07,Kharif,72900.0,Hectare,53400.0,Tonnes,732.5102880658436,Matathwada,2006
Maharashtra,OSMANABAD,Jowar,2006-07,Rabi,237500.0,Hectare,173700.0,Tonnes,731.3684210526316,Matathwada,2006
Maharashtra,PARBHANI,Jowar,2004-05,Kharif,94600.0,Hectare,72900.0,Tonnes,770.6131078224101,Matathwada,2004
Maharashtra,PARBHANI,Jowar,2004-05,Rabi,175200.0,Hectare,72300.0,Tonnes,412.67123287671234,Matathwada,2004
Maharashtra,PARBHANI,Jowar,2005-06,Kharif,92100.0,Hectare,100800.0,Tonnes,1094.4625407166125,Matathwada,2005
Maharashtra,PARBHANI,Jowar,2005-06,Rabi,193700.0,Hectare,128600.0,Tonnes,663.9132679401137,Matathwada,2005
Maharashtra,PARBHANI,Jowar,2006-07,Kharif,88400.0,Hectare,77800.0,Tonnes,880.0904977375566,Matathwada,2006
Maharashtra,PARBHANI,Jowar,2006-07,Rabi,182399.99999999997,Hectare,160400.0,Tonnes,879.3859649122809,Matathwada,2006
Maharashtra,PUNE,Jowar,2004-05,Kharif,3200.0,Hectare,3400.0,Tonnes,1062.5,Madhya Maharashtra,2004
Maharashtra,PUNE,Jowar,2004-05,Rabi,428100.0,Hectare,227800.0,Tonnes,532.1186638635833,Madhya Maharashtra,2004
Maharashtra,PUNE,Jowar,2005-06,Kharif,3200.0,Hectare,3300.0,Tonnes,1031.25,Madhya Maharashtra,2005
Maharashtra,PUNE,Jowar,2005-06,Rabi,465400.0,Hectare,229400.0,Tonnes,492.9093253115599,Madhya Maharashtra,2005
Maharashtra,PUNE,Jowar,2006-07,Kharif,3000.0,Hectare,1900.0,Tonnes,633.3333333333333,Madhya Maharashtra,2006
Maharashtra,PUNE,Jowar,2006-07,Rabi,455600.0,Hectare,233300.0,Tonnes,512.0719929762951,Madhya Maharashtra,2006
Maharashtra,SANGLI,Jowar,2004-05,Rabi,153200.0,Hectare,81300.0,Tonnes,530.6788511749347,Madhya Maharashtra,2004
Maharashtra,SANGLI,Jowar,2005-06,Kharif,111100.0,Hectare,96600.0,Tonnes,869.4869486948695,Madhya Maharashtra,2005
Maharashtra,SANGLI,Jowar,2005-06,Rabi,116500.0,Hectare,56600.0,Tonnes,485.83690987124464,Madhya Maharashtra,2005
Maharashtra,SANGLI,Jowar,2006-07,Kharif,113900.0,Hectare,86300.00000000001,Tonnes,757.6821773485515,Madhya Maharashtra,2006
Maharashtra,SANGLI,Jowar,2006-07,Rabi,139600.0,Hectare,81999.99999999999,Tonnes,587.3925501432664,Madhya Maharashtra,2006
Maharashtra,SATARA,Jowar,2004-05,Kharif,63900.0,Hectare,110300.0,Tonnes,1726.134585289515,Madhya Maharashtra,2004
Maharashtra,SATARA,Jowar,2004-05,Rabi,151000.0,Hectare,130100.0,Tonnes,861.5894039735099,Madhya Maharashtra,2004
Maharashtra,SATARA,Jowar,2005-06,Kharif,60500.0,Hectare,50300.0,Tonnes,831.404958677686,Madhya Maharashtra,2005
Maharashtra,SATARA,Jowar,2005-06,Rabi,151800.0,Hectare,109100.0,Tonnes,718.7088274044796,Madhya Maharashtra,2005
Maharashtra,SATARA,Jowar,2006-07,Kharif,59300.0,Hectare,37600.0,Tonnes,634.0640809443507,Madhya Maharashtra,2006
Maharashtra,SATARA,Jowar,2006-07,Rabi,144100.0,Hectare,115800.0,Tonnes,803.6086051353227,Madhya Maharashtra,2006
Maharashtra,SOLAPUR,Jowar,2004-05,Kharif,400.0,Hectare,300.0,Tonnes,750.0,Madhya Maharashtra,2004
Maharashtra,SOLAPUR,Jowar,2004-05,Rabi,686900.0,Hectare,302600.0,Tonnes,440.5299170184888,Madhya Maharashtra,2004
Maharashtra,SOLAPUR,Jowar,2005-06,Kharif,400.0,Hectare,300.0,Tonnes,750.0,Madhya Maharashtra,2005
Maharashtra,SOLAPUR,Jowar,2005-06,Rabi,707000.0,Hectare,361100.0,Tonnes,510.74964639321075,Madhya Maharashtra,2005
Maharashtra,SOLAPUR,Jowar,2006-07,Kharif,400.0,Hectare,200.0,Tonnes,500.0,Madhya Maharashtra,2006
Maharashtra,SOLAPUR,Jowar,2006-07,Rabi,711300.0,Hectare,342200.0,Tonnes,481.09096021369317,Madhya Maharashtra,2006
Maharashtra,WARDHA,Jowar,2004-05,Kharif,25200.0,Hectare,22600.0,Tonnes,896.8253968253969,Vidarbha,2004
Maharashtra,WARDHA,Jowar,2004-05,Rabi,600.0,Hectare,200.0,Tonnes,333.3333333333333,Vidarbha,2004
Maharashtra,WARDHA,Jowar,2005-06,Kharif,19800.0,Hectare,16000.0,Tonnes,808.0808080808081,Vidarbha,2005
Maharashtra,WARDHA,Jowar,2005-06,Rabi,800.0,Hectare,300.0,Tonnes,375.0,Vidarbha,2005
Maharashtra,WARDHA,Jowar,2006-07,Kharif,15600.0,Hectare,13300.0,Tonnes,852.5641025641025,Vidarbha,2006
Maharashtra,WARDHA,Jowar,2006-07,Rabi,500.0,Hectare,200.0,Tonnes,400.0,Vidarbha,2006
Maharashtra,WASHIM,Jowar,2004-05,Kharif,52500.0,Hectare,53300.0,Tonnes,1015.2380952380953,Vidarbha,2004
Maharashtra,WASHIM,Jowar,2004-05,Rabi,600.0,Hectare,200.0,Tonnes,333.3333333333333,Vidarbha,2004
Maharashtra,WASHIM,Jowar,2005-06,Kharif,49100.0,Hectare,55400.0,Tonnes,1128.3095723014255,Vidarbha,2005
Maharashtra,WASHIM,Jowar,2005-06,Rabi,700.0,Hectare,600.0,Tonnes,857.1428571428571,Vidarbha,2005
Maharashtra,WASHIM,Jowar,2006-07,Kharif,50599.99999999999,Hectare,65000.0,Tonnes,1284.5849802371545,Vidarbha,2006
Maharashtra,WASHIM,Jowar,2006-07,Rabi,800.0,Hectare,700.0000000000001,Tonnes,875.0000000000001,Vidarbha,2006
Maharashtra,YAVATMAL,Jowar,2004-05,Kharif,115100.0,Hectare,113000.0,Tonnes,981.7549956559513,Vidarbha,2004
Maharashtra,YAVATMAL,Jowar,2005-06,Kharif,115000.0,Hectare,88400.0,Tonnes,768.695652173913,Vidarbha,2005
Maharashtra,YAVATMAL,Jowar,2006-07,Kharif,83500.0,Hectare,81999.99999999999,Tonnes,982.0359281437125,Vidarbha,2006
Maharashtra,AHMEDNAGAR,Jowar,2007-08,Kharif,100.0,Hectare,100.0,Tonnes,1000.0,Madhya Maharashtra,2007
Maharashtra,AHMEDNAGAR,Jowar,2007-08,Rabi,503400.0,Hectare,284000.0,Tonnes,564.1636869288836,Madhya Maharashtra,2007
Maharashtra,AHMEDNAGAR,Jowar,2008-09,Kharif,100.0,Hectare,100.0,Tonnes,1000.0,Madhya Maharashtra,2008
Maharashtra,AHMEDNAGAR,Jowar,2008-09,Rabi,507200.0,Hectare,327800.0,Tonnes,646.2933753943217,Madhya Maharashtra,2008
Maharashtra,AHMEDNAGAR,Jowar,2009-10,Rabi,520500.0,Hectare,350600.0,Tonnes,673.583093179635,Madhya Maharashtra,2009
Maharashtra,AKOLA,Jowar,2007-08,Rabi,200.0,Hectare,200.0,Tonnes,1000.0,Vidarbha,2007
Maharashtra,AKOLA,Jowar,2008-09,Rabi,200.0,Hectare,200.0,Tonnes,1000.0,Vidarbha,2008
Maharashtra,AKOLA,Jowar,2009-10,Kharif,52400.0,Hectare,85200.0,Tonnes,1625.9541984732823,Vidarbha,2009
Maharashtra,AKOLA,Jowar,2009-10,Rabi,100.0,Hectare,100.0,Tonnes,1000.0,Vidarbha,2009
Maharashtra,AMRAVATI,Jowar,2007-08,Kharif,77900.0,Hectare,105800.0,Tonnes,1358.1514762516047,Vidarbha,2007
Maharashtra,AMRAVATI,Jowar,2008-09,Kharif,40300.0,Hectare,36700.0,Tonnes,910.6699751861044,Vidarbha,2008
Maharashtra,AMRAVATI,Jowar,2009-10,Kharif,49100.0,Hectare,52700.0,Tonnes,1073.3197556008147,Vidarbha,2009
Maharashtra,AURANGABAD,Jowar,2007-08,Kharif,6200.0,Hectare,10100.0,Tonnes,1629.0322580645163,Matathwada,2007
Maharashtra,AURANGABAD,Jowar,2007-08,Rabi,113100.0,Hectare,119700.0,Tonnes,1058.3554376657823,Matathwada,2007
Maharashtra,AURANGABAD,Jowar,2008-09,Kharif,4000.0,Hectare,7100.0,Tonnes,1775.0,Matathwada,2008
Maharashtra,AURANGABAD,Jowar,2008-09,Rabi,178200.0,Hectare,160700.0,Tonnes,901.7957351290684,Matathwada,2008
Maharashtra,AURANGABAD,Jowar,2009-10,Kharif,8300.0,Hectare,13000.0,Tonnes,1566.2650602409637,Matathwada,2009
Maharashtra,AURANGABAD,Jowar,2009-10,Rabi,171800.0,Hectare,188100.0,Tonnes,1094.8777648428404,Matathwada,2009
Maharashtra,BEED,Jowar,2007-08,Kharif,41000.0,Hectare,36000.0,Tonnes,878.0487804878048,Matathwada,2007
Maharashtra,BEED,Jowar,2007-08,Rabi,242600.0,Hectare,196300.0,Tonnes,809.1508656224238,Matathwada,2007
Maharashtra,BEED,Jowar,2008-09,Kharif,34800.0,Hectare,23500.0,Tonnes,675.2873563218391,Matathwada,2008
Maharashtra,BEED,Jowar,2008-09,Rabi,276300.0,Hectare,227600.0,Tonnes,823.7423090843287,Matathwada,2008
Maharashtra,BEED,Jowar,2009-10,Kharif,32400.0,Hectare,23400.0,Tonnes,722.2222222222222,Matathwada,2009
Maharashtra,BEED,Jowar,2009-10,Rabi,207000.0,Hectare,172400.0,Tonnes,832.8502415458937,Matathwada,2009
Maharashtra,BULDHANA,Jowar,2007-08,Rabi,15300.0,Hectare,16900.0,Tonnes,1104.575163398693,Vidarbha,2007
Maharashtra,BULDHANA,Jowar,2008-09,Kharif,49700.0,Hectare,88900.0,Tonnes,1788.7323943661972,Vidarbha,2008
Maharashtra,BULDHANA,Jowar,2008-09,Rabi,13700.0,Hectare,14600.0,Tonnes,1065.6934306569344,Vidarbha,2008
Maharashtra,BULDHANA,Jowar,2009-10,Kharif,50000.0,Hectare,87600.0,Tonnes,1752.0,Vidarbha,2009
Maharashtra,BULDHANA,Jowar,2009-10,Rabi,14300.0,Hectare,17600.0,Tonnes,1230.769230769231,Vidarbha,2009
Maharashtra,CHANDRAPUR,Jowar,2007-08,Kharif,7000.0,Hectare,8800.0,Tonnes,1257.142857142857,Vidarbha,2007
Maharashtra,CHANDRAPUR,Jowar,2007-08,Rabi,12300.0,Hectare,6300.0,Tonnes,512.1951219512196,Vidarbha,2007
Maharashtra,CHANDRAPUR,Jowar,2008-09,Kharif,1800.0,Hectare,1800.0,Tonnes,1000.0,Vidarbha,2008
Maharashtra,CHANDRAPUR,Jowar,2008-09,Rabi,4300.0,Hectare,1600.0,Tonnes,372.0930232558139,Vidarbha,2008
Maharashtra,CHANDRAPUR,Jowar,2009-10,Kharif,900.0,Hectare,600.0,Tonnes,666.6666666666666,Vidarbha,2009
Maharashtra,CHANDRAPUR,Jowar,2009-10,Rabi,5100.0,Hectare,2100.0,Tonnes,411.7647058823529,Vidarbha,2009
Maharashtra,DHULE,Jowar,2007-08,Rabi,8500.0,Hectare,14200.0,Tonnes,1670.5882352941178,Madhya Maharashtra,2007
Maharashtra,DHULE,Jowar,2008-09,Kharif,20900.0,Hectare,13400.0,Tonnes,641.1483253588517,Madhya Maharashtra,2008
Maharashtra,DHULE,Jowar,2008-09,Rabi,8300.0,Hectare,10200.0,Tonnes,1228.9156626506024,Madhya Maharashtra,2008
Maharashtra,DHULE,Jowar,2009-10,Kharif,24700.0,Hectare,30000.0,Tonnes,1214.574898785425,Madhya Maharashtra,2009
Maharashtra,DHULE,Jowar,2009-10,Rabi,10200.0,Hectare,13100.0,Tonnes,1284.3137254901962,Madhya Maharashtra,2009
Maharashtra,GADCHIROLI,Jowar,2007-08,Rabi,6800.0,Hectare,4600.0,Tonnes,676.4705882352941,Vidarbha,2007
Maharashtra,GADCHIROLI,Jowar,2008-09,Rabi,3800.0,Hectare,1900.0,Tonnes,500.0,Vidarbha,2008
Maharashtra,GADCHIROLI,Jowar,2009-10,Rabi,3600.0,Hectare,2700.0,Tonnes,750.0,Vidarbha,2009
Maharashtra,HINGOLI,Jowar,2007-08,Kharif,55200.0,Hectare,87600.0,Tonnes,1586.9565217391303,Matathwada,2007
Maharashtra,HINGOLI,Jowar,2007-08,Rabi,23000.0,Hectare,16000.0,Tonnes,695.6521739130435,Matathwada,2007
Maharashtra,HINGOLI,Jowar,2008-09,Kharif,31500.0,Hectare,34500.0,Tonnes,1095.2380952380952,Matathwada,2008
Maharashtra,HINGOLI,Jowar,2008-09,Rabi,21300.0,Hectare,28700.0,Tonnes,1347.4178403755868,Matathwada,2008
Maharashtra,HINGOLI,Jowar,2009-10,Kharif,44800.0,Hectare,49600.0,Tonnes,1107.142857142857,Matathwada,2009
Maharashtra,HINGOLI,Jowar,2009-10,Rabi,23300.0,Hectare,21900.0,Tonnes,939.9141630901288,Matathwada,2009
Maharashtra,JALGAON,Jowar,2008-09,Rabi,34500.0,Hectare,48400.0,Tonnes,1402.8985507246377,Madhya Maharashtra,2008
Maharashtra,JALGAON,Jowar,2009-10,Rabi,53500.0,Hectare,82400.0,Tonnes,1540.1869158878505,Madhya Maharashtra,2009
Maharashtra,JALNA,Jowar,2007-08,Kharif,9900.0,Hectare,11800.0,Tonnes,1191.919191919192,Matathwada,2007
Maharashtra,JALNA,Jowar,2007-08,Rabi,144000.0,Hectare,152500.0,Tonnes,1059.0277777777776,Matathwada,2007
Maharashtra,JALNA,Jowar,2008-09,Kharif,3300.0,Hectare,1900.0,Tonnes,575.7575757575758,Matathwada,2008
Maharashtra,JALNA,Jowar,2008-09,Rabi,159300.0,Hectare,153600.0,Tonnes,964.2184557438794,Matathwada,2008
Maharashtra,JALNA,Jowar,2009-10,Kharif,4700.0,Hectare,4800.0,Tonnes,1021.2765957446808,Matathwada,2009
Maharashtra,JALNA,Jowar,2009-10,Rabi,145100.0,Hectare,149200.0,Tonnes,1028.2563749138524,Matathwada,2009
Maharashtra,KOLHAPUR,Jowar,2007-08,Rabi,12700.0,Hectare,20500.0,Tonnes,1614.1732283464567,Madhya Maharashtra,2007
Maharashtra,KOLHAPUR,Jowar,2008-09,Rabi,12700.0,Hectare,19700.0,Tonnes,1551.1811023622047,Madhya Maharashtra,2008
Maharashtra,KOLHAPUR,Jowar,2009-10,Rabi,12800.0,Hectare,16900.0,Tonnes,1320.3125,Madhya Maharashtra,2009
Maharashtra,LATUR,Jowar,2007-08,Kharif,133300.0,Hectare,202400.0,Tonnes,1518.3795948987247,Matathwada,2007
Maharashtra,LATUR,Jowar,2007-08,Rabi,29200.0,Hectare,28000.0,Tonnes,958.904109589041,Matathwada,2007
Maharashtra,LATUR,Jowar,2008-09,Kharif,125700.0,Hectare,130600.0,Tonnes,1038.9817024661893,Matathwada,2008
Maharashtra,LATUR,Jowar,2008-09,Rabi,27300.0,Hectare,20800.0,Tonnes,761.9047619047618,Matathwada,2008
Maharashtra,LATUR,Jowar,2009-10,Kharif,117200.0,Hectare,90000.0,Tonnes,767.9180887372014,Matathwada,2009
Maharashtra,LATUR,Jowar,2009-10,Rabi,29100.0,Hectare,24200.0,Tonnes,831.6151202749141,Matathwada,2009
Maharashtra,NAGPUR,Jowar,2007-08,Kharif,22100.0,Hectare,21800.0,Tonnes,986.425339366516,Vidarbha,2007
Maharashtra,NAGPUR,Jowar,2007-08,Rabi,3300.0,Hectare,1400.0,Tonnes,424.2424242424242,Vidarbha,2007
Maharashtra,NAGPUR,Jowar,2008-09,Kharif,17200.0,Hectare,14400.0,Tonnes,837.2093023255815,Vidarbha,2008
Maharashtra,NAGPUR,Jowar,2008-09,Rabi,2200.0,Hectare,800.0,Tonnes,363.63636363636357,Vidarbha,2008
Maharashtra,NAGPUR,Jowar,2009-10,Kharif,12300.0,Hectare,9200.0,Tonnes,747.9674796747967,Vidarbha,2009
Maharashtra,NAGPUR,Jowar,2009-10,Rabi,3300.0,Hectare,1700.0,Tonnes,515.1515151515151,Vidarbha,2009
Maharashtra,NANDED,Jowar,2007-08,Kharif,167800.0,Hectare,195200.0,Tonnes,1163.2896305125148,Matathwada,2007
Maharashtra,NANDED,Jowar,2007-08,Rabi,27100.0,Hectare,23600.0,Tonnes,870.8487084870849,Matathwada,2007
Maharashtra,NANDED,Jowar,2008-09,Kharif,111300.0,Hectare,105400.0,Tonnes,946.9901168014376,Matathwada,2008
Maharashtra,NANDED,Jowar,2008-09,Rabi,27400.0,Hectare,22100.0,Tonnes,806.5693430656934,Matathwada,2008
Maharashtra,NANDED,Jowar,2009-10,Kharif,125100.0,Hectare,91600.0,Tonnes,732.2142286171063,Matathwada,2009
Maharashtra,NANDED,Jowar,2009-10,Rabi,29600.0,Hectare,21900.0,Tonnes,739.8648648648649,Matathwada,2009
Maharashtra,NANDURBAR,Jowar,2007-08,Rabi,28300.0,Hectare,35800.0,Tonnes,1265.017667844523,Madhya Maharashtra,2007
Maharashtra,NANDURBAR,Jowar,2008-09,Rabi,27100.0,Hectare,29200.0,Tonnes,1077.490774907749,Madhya Maharashtra,2008
Maharashtra,NANDURBAR,Jowar,2009-10,Kharif,27700.0,Hectare,36200.0,Tonnes,1306.8592057761732,Madhya Maharashtra,2009
Maharashtra,NANDURBAR,Jowar,2009-10,Rabi,29700.0,Hectare,33700.0,Tonnes,1134.6801346801346,Madhya Maharashtra,2009
Maharashtra,NASHIK,Jowar,2007-08,Kharif,1800.0,Hectare,1400.0,Tonnes,777.7777777777778,Madhya Maharashtra,2007
Maharashtra,NASHIK,Jowar,2007-08,Rabi,8500.0,Hectare,5000.0,Tonnes,588.2352941176471,Madhya Maharashtra,2007
Maharashtra,NASHIK,Jowar,2008-09,Kharif,1100.0,Hectare,1400.0,Tonnes,1272.7272727272727,Madhya Maharashtra,2008
Maharashtra,NASHIK,Jowar,2008-09,Rabi,8900.0,Hectare,5200.0,Tonnes,584.2696629213483,Madhya Maharashtra,2008
Maharashtra,NASHIK,Jowar,2009-10,Kharif,600.0,Hectare,400.0,Tonnes,666.6666666666666,Madhya Maharashtra,2009
Maharashtra,NASHIK,Jowar,2009-10,Rabi,9500.0,Hectare,7100.0,Tonnes,747.3684210526316,Madhya Maharashtra,2009
Maharashtra,OSMANABAD,Jowar,2007-08,Kharif,67800.0,Hectare,50200.0,Tonnes,740.4129793510325,Matathwada,2007
Maharashtra,OSMANABAD,Jowar,2007-08,Rabi,252100.0,Hectare,220500.0,Tonnes,874.6529155097184,Matathwada,2007
Maharashtra,OSMANABAD,Jowar,2008-09,Kharif,52100.0,Hectare,26600.0,Tonnes,510.556621880998,Matathwada,2008
Maharashtra,OSMANABAD,Jowar,2008-09,Rabi,286600.0,Hectare,236000.0,Tonnes,823.447313328681,Matathwada,2008
Maharashtra,OSMANABAD,Jowar,2009-10,Kharif,83000.0,Hectare,44300.0,Tonnes,533.7349397590361,Matathwada,2009
Maharashtra,OSMANABAD,Jowar,2009-10,Rabi,264900.0,Hectare,216000.0,Tonnes,815.4020385050962,Matathwada,2009
Maharashtra,PARBHANI,Jowar,2007-08,Kharif,74000.0,Hectare,106000.0,Tonnes,1432.4324324324325,Matathwada,2007
Maharashtra,PARBHANI,Jowar,2007-08,Rabi,160600.0,Hectare,158500.0,Tonnes,986.9240348692404,Matathwada,2007
Maharashtra,PARBHANI,Jowar,2008-09,Kharif,62800.0,Hectare,74700.0,Tonnes,1189.4904458598724,Matathwada,2008
Maharashtra,PARBHANI,Jowar,2008-09,Rabi,171000.0,Hectare,145300.0,Tonnes,849.7076023391813,Matathwada,2008
Maharashtra,PARBHANI,Jowar,2009-10,Kharif,62200.0,Hectare,52700.0,Tonnes,847.2668810289389,Matathwada,2009
Maharashtra,PARBHANI,Jowar,2009-10,Rabi,172500.0,Hectare,143400.0,Tonnes,831.304347826087,Matathwada,2009
Maharashtra,PUNE,Jowar,2007-08,Kharif,3000.0,Hectare,2400.0,Tonnes,800.0,Madhya Maharashtra,2007
Maharashtra,PUNE,Jowar,2007-08,Rabi,400200.0,Hectare,215500.0,Tonnes,538.4807596201899,Madhya Maharashtra,2007
Maharashtra,PUNE,Jowar,2008-09,Kharif,2800.0,Hectare,3200.0,Tonnes,1142.857142857143,Madhya Maharashtra,2008
Maharashtra,PUNE,Jowar,2008-09,Rabi,427900.0,Hectare,274600.0,Tonnes,641.7387240009348,Madhya Maharashtra,2008
Maharashtra,PUNE,Jowar,2009-10,Kharif,9900.0,Hectare,10400.0,Tonnes,1050.5050505050506,Madhya Maharashtra,2009
Maharashtra,PUNE,Jowar,2009-10,Rabi,426500.0,Hectare,314800.0,Tonnes,738.1008206330598,Madhya Maharashtra,2009
Maharashtra,SANGLI,Jowar,2007-08,Kharif,104000.0,Hectare,86400.0,Tonnes,830.7692307692308,Madhya Maharashtra,2007
Maharashtra,SANGLI,Jowar,2007-08,Rabi,138600.0,Hectare,90200.0,Tonnes,650.7936507936508,Madhya Maharashtra,2007
Maharashtra,SANGLI,Jowar,2008-09,Kharif,40400.0,Hectare,26200.0,Tonnes,648.5148514851485,Madhya Maharashtra,2008
Maharashtra,SANGLI,Jowar,2008-09,Rabi,172800.0,Hectare,100800.0,Tonnes,583.3333333333334,Madhya Maharashtra,2008
Maharashtra,SANGLI,Jowar,2009-10,Kharif,90700.0,Hectare,77200.0,Tonnes,851.1576626240352,Madhya Maharashtra,2009
Maharashtra,SANGLI,Jowar,2009-10,Rabi,186100.0,Hectare,111700.0,Tonnes,600.214938205266,Madhya Maharashtra,2009
Maharashtra,SATARA,Jowar,2007-08,Kharif,50300.0,Hectare,84400.0,Tonnes,1677.9324055666004,Madhya Maharashtra,2007
Maharashtra,SATARA,Jowar,2007-08,Rabi,97500.0,Hectare,100100.0,Tonnes,1026.6666666666665,Madhya Maharashtra,2007
Maharashtra,SATARA,Jowar,2008-09,Rabi,164800.0,Hectare,131000.0,Tonnes,794.9029126213593,Madhya Maharashtra,2008
Maharashtra,SATARA,Jowar,2009-10,Kharif,46800.0,Hectare,70600.0,Tonnes,1508.5470085470083,Madhya Maharashtra,2009
Maharashtra,SATARA,Jowar,2009-10,Rabi,134400.0,Hectare,120500.0,Tonnes,896.577380952381,Madhya Maharashtra,2009
Maharashtra,SOLAPUR,Jowar,2007-08,Kharif,200.0,Hectare,200.0,Tonnes,1000.0,Madhya Maharashtra,2007
Maharashtra,SOLAPUR,Jowar,2007-08,Rabi,617800.0,Hectare,351500.0,Tonnes,568.9543541599223,Madhya Maharashtra,2007
Maharashtra,SOLAPUR,Jowar,2008-09,Kharif,200.0,Hectare,200.0,Tonnes,1000.0,Madhya Maharashtra,2008
Maharashtra,SOLAPUR,Jowar,2008-09,Rabi,687500.0,Hectare,406000.0,Tonnes,590.5454545454546,Madhya Maharashtra,2008
Maharashtra,SOLAPUR,Jowar,2009-10,Kharif,100.0,Hectare,44.0,Tonnes,440.0,Madhya Maharashtra,2009
Maharashtra,SOLAPUR,Jowar,2009-10,Rabi,657600.0,Hectare,400700.0,Tonnes,609.3369829683699,Madhya Maharashtra,2009
Maharashtra,WARDHA,Jowar,2007-08,Kharif,10400.0,Hectare,7800.0,Tonnes,750.0,Vidarbha,2007
Maharashtra,WARDHA,Jowar,2007-08,Rabi,600.0,Hectare,300.0,Tonnes,500.0,Vidarbha,2007
Maharashtra,WARDHA,Jowar,2008-09,Kharif,4300.0,Hectare,1500.0,Tonnes,348.8372093023256,Vidarbha,2008
Maharashtra,WARDHA,Jowar,2008-09,Rabi,300.0,Hectare,100.0,Tonnes,333.3333333333333,Vidarbha,2008
Maharashtra,WARDHA,Jowar,2009-10,Kharif,3700.0,Hectare,1700.0,Tonnes,459.4594594594595,Vidarbha,2009
Maharashtra,WARDHA,Jowar,2009-10,Rabi,1300.0,Hectare,700.0,Tonnes,538.4615384615385,Vidarbha,2009
Maharashtra,WASHIM,Jowar,2007-08,Kharif,40600.0,Hectare,60100.0,Tonnes,1480.295566502463,Vidarbha,2007
Maharashtra,WASHIM,Jowar,2007-08,Rabi,700.0,Hectare,800.0,Tonnes,1142.857142857143,Vidarbha,2007
Maharashtra,WASHIM,Jowar,2008-09,Kharif,29900.0,Hectare,45000.0,Tonnes,1505.016722408027,Vidarbha,2008
Maharashtra,WASHIM,Jowar,2008-09,Rabi,300.0,Hectare,300.0,Tonnes,1000.0,Vidarbha,2008
Maharashtra,WASHIM,Jowar,2009-10,Kharif,25600.0,Hectare,38900.0,Tonnes,1519.53125,Vidarbha,2009
Maharashtra,WASHIM,Jowar,2009-10,Rabi,200.0,Hectare,200.0,Tonnes,1000.0,Vidarbha,2009
Maharashtra,YAVATMAL,Jowar,2007-08,Kharif,81700.0,Hectare,88400.0,Tonnes,1082.0073439412483,Vidarbha,2007
Maharashtra,YAVATMAL,Jowar,2008-09,Kharif,74400.0,Hectare,72000.0,Tonnes,967.741935483871,Vidarbha,2008
Maharashtra,YAVATMAL,Jowar,2009-10,Kharif,71600.0,Hectare,37600.0,Tonnes,525.1396648044692,Vidarbha,2009
Maharashtra,AHMEDNAGAR,Jowar,2010-11,Rabi,540000.0,Hectare,318000.0,Tonnes,588.8888888888889,Madhya Maharashtra,2010
Maharashtra,AKOLA,Jowar,2010-11,Kharif,51200.0,Hectare,39400.0,Tonnes,769.53125,Vidarbha,2010
Maharashtra,AKOLA,Jowar,2010-11,Rabi,100.0,Hectare,100.0,Tonnes,1000.0,Vidarbha,2010
Maharashtra,AKOLA,Jowar,2011-12,Rabi,100.0,Hectare,100.0,Tonnes,1000.0,Vidarbha,2011
Maharashtra,AKOLA,Jowar,2012-13,Kharif,41600.0,Hectare,71800.0,Tonnes,1725.9615384615383,Vidarbha,2012
Maharashtra,AMRAVATI,Jowar,2010-11,Kharif,48400.0,Hectare,51700.0,Tonnes,1068.1818181818178,Vidarbha,2010
Maharashtra,AMRAVATI,Jowar,2010-11,Rabi,1100.0,Hectare,1100.0,Tonnes,1000.0,Vidarbha,2010
Maharashtra,AMRAVATI,Jowar,2011-12,Kharif,39700.0,Hectare,58300.0,Tonnes,1468.5138539042819,Vidarbha,2011
Maharashtra,AMRAVATI,Jowar,2011-12,Rabi,600.0,Hectare,500.0,Tonnes,833.3333333333334,Vidarbha,2011
Maharashtra,AMRAVATI,Jowar,2012-13,Kharif,37700.0,Hectare,49000.0,Tonnes,1299.73474801061,Vidarbha,2012
Maharashtra,AURANGABAD,Jowar,2010-11,Rabi,80800.0,Hectare,62800.0,Tonnes,777.2277227722773,Matathwada,2010
Maharashtra,AURANGABAD,Jowar,2011-12,Rabi,86300.0,Hectare,65200.0,Tonnes,755.5040556199305,Matathwada,2011
Maharashtra,AURANGABAD,Jowar,2012-13,Kharif,5900.0,Hectare,6300.0,Tonnes,1067.7966101694915,Matathwada,2012
Maharashtra,BEED,Jowar,2010-11,Kharif,33600.0,Hectare,43600.0,Tonnes,1297.6190476190477,Matathwada,2010
Maharashtra,BEED,Jowar,2010-11,Rabi,194400.0,Hectare,140400.0,Tonnes,722.2222222222222,Matathwada,2010
Maharashtra,BEED,Jowar,2011-12,Kharif,28800.0,Hectare,32800.0,Tonnes,1138.888888888889,Matathwada,2011
Maharashtra,BEED,Jowar,2011-12,Rabi,170400.0,Hectare,117700.0,Tonnes,690.7276995305164,Matathwada,2011
Maharashtra,BEED,Jowar,2012-13,Kharif,28800.0,Hectare,30300.0,Tonnes,1052.0833333333333,Matathwada,2012
Maharashtra,BULDHANA,Jowar,2010-11,Kharif,49400.0,Hectare,61400.0,Tonnes,1242.9149797570851,Vidarbha,2010
Maharashtra,BULDHANA,Jowar,2010-11,Rabi,20400.0,Hectare,20400.0,Tonnes,1000.0,Vidarbha,2010
Maharashtra,BULDHANA,Jowar,2011-12,Kharif,48200.0,Hectare,85500.0,Tonnes,1773.8589211618257,Vidarbha,2011
Maharashtra,BULDHANA,Jowar,2011-12,Rabi,10700.0,Hectare,8900.0,Tonnes,831.7757009345794,Vidarbha,2011
Maharashtra,BULDHANA,Jowar,2012-13,Kharif,41600.0,Hectare,70700.0,Tonnes,1699.519230769231,Vidarbha,2012
Maharashtra,BULDHANA,Jowar,2012-13,Rabi,9500.0,Hectare,7700.0,Tonnes,810.5263157894736,Vidarbha,2012
Maharashtra,CHANDRAPUR,Jowar,2010-11,Kharif,2100.0,Hectare,1300.0,Tonnes,619.047619047619,Vidarbha,2010
Maharashtra,CHANDRAPUR,Jowar,2010-11,Rabi,6100.0,Hectare,3000.0,Tonnes,491.8032786885246,Vidarbha,2010
Maharashtra,CHANDRAPUR,Jowar,2011-12,Kharif,2500.0,Hectare,1800.0,Tonnes,720.0,Vidarbha,2011
Maharashtra,CHANDRAPUR,Jowar,2011-12,Rabi,5000.0,Hectare,1900.0,Tonnes,380.0,Vidarbha,2011
Maharashtra,CHANDRAPUR,Jowar,2012-13,Kharif,2700.0,Hectare,2600.0,Tonnes,962.9629629629628,Vidarbha,2012
Maharashtra,CHANDRAPUR,Jowar,2012-13,Rabi,4600.0,Hectare,2500.0,Tonnes,543.4782608695651,Vidarbha,2012
Maharashtra,DHULE,Jowar,2010-11,Rabi,9700.0,Hectare,16100.0,Tonnes,1659.7938144329898,Madhya Maharashtra,2010
Maharashtra,DHULE,Jowar,2011-12,Kharif,22000.0,Hectare,34500.0,Tonnes,1568.1818181818178,Madhya Maharashtra,2011
Maharashtra,DHULE,Jowar,2011-12,Rabi,10500.0,Hectare,12900.0,Tonnes,1228.5714285714287,Madhya Maharashtra,2011
Maharashtra,DHULE,Jowar,2012-13,Kharif,20400.0,Hectare,31900.0,Tonnes,1563.7254901960785,Madhya Maharashtra,2012
Maharashtra,DHULE,Jowar,2012-13,Rabi,16000.0,Hectare,18100.0,Tonnes,1131.25,Madhya Maharashtra,2012
Maharashtra,GADCHIROLI,Jowar,2010-11,Rabi,3500.0,Hectare,2600.0,Tonnes,742.8571428571429,Vidarbha,2010
Maharashtra,GADCHIROLI,Jowar,2011-12,Rabi,1400.0,Hectare,900.0,Tonnes,642.8571428571429,Vidarbha,2011
Maharashtra,GADCHIROLI,Jowar,2012-13,Rabi,1300.0,Hectare,1500.0,Tonnes,1153.8461538461536,Vidarbha,2012
Maharashtra,HINGOLI,Jowar,2010-11,Kharif,40800.0,Hectare,46900.0,Tonnes,1149.5098039215684,Matathwada,2010
Maharashtra,HINGOLI,Jowar,2010-11,Rabi,25600.0,Hectare,17300.0,Tonnes,675.78125,Matathwada,2010
Maharashtra,HINGOLI,Jowar,2011-12,Kharif,42900.0,Hectare,53700.0,Tonnes,1251.7482517482517,Matathwada,2011
Maharashtra,HINGOLI,Jowar,2011-12,Rabi,21700.0,Hectare,16200.0,Tonnes,746.5437788018434,Matathwada,2011
Maharashtra,HINGOLI,Jowar,2012-13,Kharif,50500.0,Hectare,76500.0,Tonnes,1514.851485148515,Matathwada,2012
Maharashtra,HINGOLI,Jowar,2012-13,Rabi,24900.0,Hectare,28900.0,Tonnes,1160.6425702811246,Matathwada,2012
Maharashtra,JALGAON,Jowar,2010-11,Rabi,54500.0,Hectare,89400.0,Tonnes,1640.366972477064,Madhya Maharashtra,2010
Maharashtra,JALGAON,Jowar,2011-12,Rabi,27700.0,Hectare,40600.0,Tonnes,1465.7039711191335,Madhya Maharashtra,2011
Maharashtra,JALGAON,Jowar,2012-13,Rabi,25700.0,Hectare,28300.0,Tonnes,1101.1673151750974,Madhya Maharashtra,2012
Maharashtra,JALNA,Jowar,2010-11,Kharif,4200.0,Hectare,5200.0,Tonnes,1238.0952380952378,Matathwada,2010
Maharashtra,JALNA,Jowar,2010-11,Rabi,130700.0,Hectare,98900.0,Tonnes,756.6947207345065,Matathwada,2010
Maharashtra,JALNA,Jowar,2011-12,Kharif,1800.0,Hectare,2200.0,Tonnes,1222.2222222222224,Matathwada,2011
Maharashtra,JALNA,Jowar,2011-12,Rabi,81800.0,Hectare,60100.0,Tonnes,734.718826405868,Matathwada,2011
Maharashtra,JALNA,Jowar,2012-13,Kharif,1600.0,Hectare,1700.0,Tonnes,1062.5,Matathwada,2012
Maharashtra,KOLHAPUR,Jowar,2010-11,Rabi,14000.0,Hectare,22400.0,Tonnes,1600.0,Madhya Maharashtra,2010
Maharashtra,KOLHAPUR,Jowar,2011-12,Rabi,11800.0,Hectare,19300.0,Tonnes,1635.5932203389832,Madhya Maharashtra,2011
Maharashtra,KOLHAPUR,Jowar,2012-13,Rabi,16500.0,Hectare,22200.0,Tonnes,1345.4545454545457,Madhya Maharashtra,2012
Maharashtra,LATUR,Jowar,2010-11,Kharif,123600.0,Hectare,176700.0,Tonnes,1429.6116504854367,Matathwada,2010
Maharashtra,LATUR,Jowar,2010-11,Rabi,31400.0,Hectare,23200.0,Tonnes,738.8535031847133,Matathwada,2010
Maharashtra,LATUR,Jowar,2011-12,Kharif,106200.0,Hectare,139700.0,Tonnes,1315.4425612052733,Matathwada,2011
Maharashtra,LATUR,Jowar,2011-12,Rabi,27100.0,Hectare,27300.0,Tonnes,1007.3800738007379,Matathwada,2011
Maharashtra,LATUR,Jowar,2012-13,Kharif,99900.0,Hectare,166000.0,Tonnes,1661.6616616616616,Matathwada,2012
Maharashtra,LATUR,Jowar,2012-13,Rabi,30100.0,Hectare,28200.0,Tonnes,936.8770764119602,Matathwada,2012
Maharashtra,NAGPUR,Jowar,2010-11,Kharif,12900.0,Hectare,9500.0,Tonnes,736.4341085271318,Vidarbha,2010
Maharashtra,NAGPUR,Jowar,2010-11,Rabi,3300.0,Hectare,1500.0,Tonnes,454.54545454545445,Vidarbha,2010
Maharashtra,NAGPUR,Jowar,2011-12,Kharif,7900.0,Hectare,5600.0,Tonnes,708.8607594936709,Vidarbha,2011
Maharashtra,NAGPUR,Jowar,2011-12,Rabi,2100.0,Hectare,1500.0,Tonnes,714.2857142857143,Vidarbha,2011
Maharashtra,NAGPUR,Jowar,2012-13,Kharif,6200.0,Hectare,5100.0,Tonnes,822.5806451612904,Vidarbha,2012
Maharashtra,NAGPUR,Jowar,2012-13,Rabi,2300.0,Hectare,1600.0,Tonnes,695.6521739130435,Vidarbha,2012
Maharashtra,NANDED,Jowar,2010-11,Kharif,126500.0,Hectare,133500.0,Tonnes,1055.3359683794463,Matathwada,2010
Maharashtra,NANDED,Jowar,2010-11,Rabi,29200.0,Hectare,27900.0,Tonnes,955.4794520547946,Matathwada,2010
Maharashtra,NANDED,Jowar,2011-12,Kharif,129300.0,Hectare,167400.0,Tonnes,1294.6635730858468,Matathwada,2011
Maharashtra,NANDED,Jowar,2011-12,Rabi,28200.0,Hectare,26500.0,Tonnes,939.7163120567376,Matathwada,2011
Maharashtra,NANDED,Jowar,2012-13,Kharif,129400.0,Hectare,157600.0,Tonnes,1217.9289026275114,Matathwada,2012
Maharashtra,NANDED,Jowar,2012-13,Rabi,22600.0,Hectare,19300.0,Tonnes,853.9823008849557,Matathwada,2012
Maharashtra,NANDURBAR,Jowar,2010-11,Kharif,27600.0,Hectare,45000.0,Tonnes,1630.4347826086955,Madhya Maharashtra,2010
Maharashtra,NANDURBAR,Jowar,2010-11,Rabi,32700.0,Hectare,41000.0,Tonnes,1253.822629969419,Madhya Maharashtra,2010
Maharashtra,NANDURBAR,Jowar,2011-12,Rabi,23400.0,Hectare,30400.0,Tonnes,1299.1452991452993,Madhya Maharashtra,2011
Maharashtra,NANDURBAR,Jowar,2012-13,Rabi,25900.0,Hectare,28300.0,Tonnes,1092.6640926640928,Madhya Maharashtra,2012
Maharashtra,NASHIK,Jowar,2010-11,Kharif,1800.0,Hectare,2100.0,Tonnes,1166.6666666666667,Madhya Maharashtra,2010
Maharashtra,NASHIK,Jowar,2010-11,Rabi,13500.0,Hectare,9500.0,Tonnes,703.7037037037037,Madhya Maharashtra,2010
Maharashtra,NASHIK,Jowar,2011-12,Kharif,5900.0,Hectare,7900.0,Tonnes,1338.9830508474577,Madhya Maharashtra,2011
Maharashtra,NASHIK,Jowar,2011-12,Rabi,7000.0,Hectare,5000.0,Tonnes,714.2857142857143,Madhya Maharashtra,2011
Maharashtra,NASHIK,Jowar,2012-13,Rabi,3000.0,Hectare,2400.0,Tonnes,800.0,Madhya Maharashtra,2012
Maharashtra,OSMANABAD,Jowar,2010-11,Kharif,51400.0,Hectare,41200.0,Tonnes,801.5564202334631,Matathwada,2010
Maharashtra,OSMANABAD,Jowar,2010-11,Rabi,269100.0,Hectare,201300.0,Tonnes,748.0490523968784,Matathwada,2010
Maharashtra,OSMANABAD,Jowar,2011-12,Kharif,55100.0,Hectare,57900.0,Tonnes,1050.8166969147005,Matathwada,2011
Maharashtra,OSMANABAD,Jowar,2011-12,Rabi,248500.0,Hectare,179500.0,Tonnes,722.3340040241449,Matathwada,2011
Maharashtra,OSMANABAD,Jowar,2012-13,Kharif,51000.0,Hectare,23200.0,Tonnes,454.9019607843137,Matathwada,2012
Maharashtra,OSMANABAD,Jowar,2012-13,Rabi,245300.0,Hectare,95300.0,Tonnes,388.5038728088055,Matathwada,2012
Maharashtra,PARBHANI,Jowar,2010-11,Kharif,62300.0,Hectare,77800.0,Tonnes,1248.7961476725523,Matathwada,2010
Maharashtra,PARBHANI,Jowar,2010-11,Rabi,161700.0,Hectare,67200.0,Tonnes,415.58441558441564,Matathwada,2010
Maharashtra,PARBHANI,Jowar,2011-12,Kharif,60000.0,Hectare,79000.0,Tonnes,1316.666666666667,Matathwada,2011
Maharashtra,PARBHANI,Jowar,2011-12,Rabi,160200.0,Hectare,124300.0,Tonnes,775.9051186017479,Matathwada,2011
Maharashtra,PARBHANI,Jowar,2012-13,Kharif,80500.0,Hectare,91700.0,Tonnes,1139.1304347826087,Matathwada,2012
Maharashtra,PARBHANI,Jowar,2012-13,Rabi,183200.0,Hectare,135300.0,Tonnes,738.5371179039302,Matathwada,2012
Maharashtra,PUNE,Jowar,2010-11,Kharif,8700.0,Hectare,8300.0,Tonnes,954.0229885057472,Madhya Maharashtra,2010
Maharashtra,PUNE,Jowar,2010-11,Rabi,448500.0,Hectare,330800.0,Tonnes,737.5696767001116,Madhya Maharashtra,2010
Maharashtra,PUNE,Jowar,2011-12,Kharif,5500.0,Hectare,5500.0,Tonnes,1000.0,Madhya Maharashtra,2011
Maharashtra,PUNE,Jowar,2011-12,Rabi,173600.0,Hectare,101100.0,Tonnes,582.3732718894009,Madhya Maharashtra,2011
Maharashtra,PUNE,Jowar,2012-13,Kharif,4000.0,Hectare,3400.0,Tonnes,850.0,Madhya Maharashtra,2012
Maharashtra,PUNE,Jowar,2012-13,Rabi,177100.0,Hectare,87000.0,Tonnes,491.2478825522304,Madhya Maharashtra,2012
Maharashtra,SANGLI,Jowar,2010-11,Kharif,87200.0,Hectare,108700.0,Tonnes,1246.559633027523,Madhya Maharashtra,2010
Maharashtra,SANGLI,Jowar,2010-11,Rabi,180600.0,Hectare,103000.0,Tonnes,570.3211517165006,Madhya Maharashtra,2010
Maharashtra,SANGLI,Jowar,2011-12,Kharif,60400.0,Hectare,45300.0,Tonnes,750.0,Madhya Maharashtra,2011
Maharashtra,SANGLI,Jowar,2012-13,Kharif,55800.0,Hectare,26600.0,Tonnes,476.7025089605735,Madhya Maharashtra,2012
Maharashtra,SATARA,Jowar,2010-11,Kharif,44600.0,Hectare,76100.0,Tonnes,1706.2780269058296,Madhya Maharashtra,2010
Maharashtra,SATARA,Jowar,2010-11,Rabi,133800.0,Hectare,105200.0,Tonnes,786.2481315396113,Madhya Maharashtra,2010
Maharashtra,SATARA,Jowar,2011-12,Kharif,36300.0,Hectare,65100.0,Tonnes,1793.3884297520658,Madhya Maharashtra,2011
Maharashtra,SATARA,Jowar,2011-12,Rabi,139900.0,Hectare,86800.0,Tonnes,620.4431736954967,Madhya Maharashtra,2011
Maharashtra,SATARA,Jowar,2012-13,Kharif,32500.0,Hectare,56400.0,Tonnes,1735.3846153846152,Madhya Maharashtra,2012
Maharashtra,SATARA,Jowar,2012-13,Rabi,123600.0,Hectare,70700.0,Tonnes,572.0064724919093,Madhya Maharashtra,2012
Maharashtra,SOLAPUR,Jowar,2010-11,Kharif,400.0,Hectare,200.0,Tonnes,500.0,Madhya Maharashtra,2010
Maharashtra,SOLAPUR,Jowar,2010-11,Rabi,641200.0,Hectare,380600.0,Tonnes,593.5745477230194,Madhya Maharashtra,2010
Maharashtra,SOLAPUR,Jowar,2011-12,Kharif,400.0,Hectare,300.0,Tonnes,750.0,Madhya Maharashtra,2011
Maharashtra,SOLAPUR,Jowar,2011-12,Rabi,482600.0,Hectare,193000.0,Tonnes,399.9171156237049,Madhya Maharashtra,2011
Maharashtra,WARDHA,Jowar,2010-11,Kharif,3100.0,Hectare,1500.0,Tonnes,483.8709677419355,Vidarbha,2010
Maharashtra,WARDHA,Jowar,2010-11,Rabi,1200.0,Hectare,700.0,Tonnes,583.3333333333334,Vidarbha,2010
Maharashtra,WARDHA,Jowar,2011-12,Kharif,3200.0,Hectare,2300.0,Tonnes,718.75,Vidarbha,2011
Maharashtra,WARDHA,Jowar,2011-12,Rabi,600.0,Hectare,300.0,Tonnes,500.0,Vidarbha,2011
Maharashtra,WARDHA,Jowar,2012-13,Kharif,4000.0,Hectare,3500.0,Tonnes,875.0,Vidarbha,2012
Maharashtra,WARDHA,Jowar,2012-13,Rabi,800.0,Hectare,800.0,Tonnes,1000.0,Vidarbha,2012
Maharashtra,WASHIM,Jowar,2010-11,Kharif,26500.0,Hectare,30000.0,Tonnes,1132.0754716981132,Vidarbha,2010
Maharashtra,WASHIM,Jowar,2010-11,Rabi,300.0,Hectare,300.0,Tonnes,1000.0,Vidarbha,2010
Maharashtra,WASHIM,Jowar,2011-12,Kharif,17700.0,Hectare,20400.0,Tonnes,1152.542372881356,Vidarbha,2011
Maharashtra,WASHIM,Jowar,2011-12,Rabi,300.0,Hectare,300.0,Tonnes,1000.0,Vidarbha,2011
Maharashtra,WASHIM,Jowar,2012-13,Kharif,15900.0,Hectare,19500.0,Tonnes,1226.4150943396226,Vidarbha,2012
Maharashtra,WASHIM,Jowar,2012-13,Rabi,300.0,Hectare,200.0,Tonnes,666.6666666666666,Vidarbha,2012
Maharashtra,YAVATMAL,Jowar,2010-11,Kharif,68500.0,Hectare,52400.0,Tonnes,764.9635036496351,Vidarbha,2010
Maharashtra,YAVATMAL,Jowar,2010-11,Rabi,100.0,Hectare,100.0,Tonnes,1000.0,Vidarbha,2010
Maharashtra,YAVATMAL,Jowar,2011-12,Kharif,67000.0,Hectare,86100.0,Tonnes,1285.0746268656717,Vidarbha,2011
Maharashtra,YAVATMAL,Jowar,2011-12,Rabi,100.0,Hectare,100.0,Tonnes,1000.0,Vidarbha,2011
Maharashtra,YAVATMAL,Jowar,2012-13,Kharif,59600.0,Hectare,68700.0,Tonnes,1152.6845637583892,Vidarbha,2012
Maharashtra,YAVATMAL,Jowar,2012-13,Rabi,200.0,Hectare,200.0,Tonnes,1000.0,Vidarbha,2012
Maharashtra,AHMEDNAGAR,Jowar,2013-14,Rabi,503900.0,Hectare,354500.0,Tonnes,703.5126017066879,Madhya Maharashtra,2013
Maharashtra,AHMEDNAGAR,Jowar,2014-15,Rabi,443600.0,Hectare,279800.0,Tonnes,630.7484220018035,Madhya Maharashtra,2014
Maharashtra,AKOLA,Jowar,2013-14,Kharif,36800.0,Hectare,21800.0,Tonnes,592.391304347826,Vidarbha,2013
Maharashtra,AKOLA,Jowar,2014-15,Kharif,12500.0,Hectare,15100.0,Tonnes,1208.0,Vidarbha,2014
Maharashtra,AKOLA,Jowar,2015-16,Kharif,11400.0,Hectare,10300.0,Tonnes,903.5087719298245,Vidarbha,2015
Maharashtra,AKOLA,Jowar,2015-16,Rabi,100.0,Hectare,100.0,Tonnes,1000.0,Vidarbha,2015
Maharashtra,AMRAVATI,Jowar,2013-14,Kharif,35200.0,Hectare,22700.0,Tonnes,644.8863636363636,Vidarbha,2013
Maharashtra,AMRAVATI,Jowar,2014-15,Kharif,26800.0,Hectare,27400.0,Tonnes,1022.3880597014925,Vidarbha,2014
Maharashtra,AMRAVATI,Jowar,2014-15,Rabi,200.0,Hectare,200.0,Tonnes,1000.0,Vidarbha,2014
Maharashtra,AMRAVATI,Jowar,2015-16,Kharif,25400.0,Hectare,18500.0,Tonnes,728.3464566929134,Vidarbha,2015
Maharashtra,AURANGABAD,Jowar,2013-14,Kharif,3600.0,Hectare,6500.0,Tonnes,1805.555555555556,Matathwada,2013
Maharashtra,AURANGABAD,Jowar,2013-14,Rabi,86200.0,Hectare,65400.0,Tonnes,758.7006960556845,Matathwada,2013
Maharashtra,AURANGABAD,Jowar,2014-15,Kharif,3700.0,Hectare,1700.0,Tonnes,459.4594594594595,Matathwada,2014
Maharashtra,AURANGABAD,Jowar,2014-15,Rabi,107100.0,Hectare,44900.0,Tonnes,419.234360410831,Matathwada,2014
Maharashtra,AURANGABAD,Jowar,2015-16,Kharif,3400.0,Hectare,1400.0,Tonnes,411.7647058823529,Matathwada,2015
Maharashtra,AURANGABAD,Jowar,2015-16,Rabi,123400.0,Hectare,39400.0,Tonnes,319.2868719611021,Matathwada,2015
Maharashtra,BEED,Jowar,2013-14,Kharif,18100.0,Hectare,23100.0,Tonnes,1276.243093922652,Matathwada,2013
Maharashtra,BEED,Jowar,2013-14,Rabi,262300.0,Hectare,170200.0,Tonnes,648.8753335874952,Matathwada,2013
Maharashtra,BEED,Jowar,2014-15,Kharif,19400.0,Hectare,10300.0,Tonnes,530.9278350515464,Matathwada,2014
Maharashtra,BEED,Jowar,2014-15,Rabi,250400.0,Hectare,134800.0,Tonnes,538.3386581469649,Matathwada,2014
Maharashtra,BEED,Jowar,2015-16,Kharif,19200.0,Hectare,5600.0,Tonnes,291.6666666666667,Matathwada,2015
Maharashtra,BULDHANA,Jowar,2013-14,Kharif,44600.0,Hectare,38200.0,Tonnes,856.5022421524664,Vidarbha,2013
Maharashtra,BULDHANA,Jowar,2013-14,Rabi,13300.0,Hectare,10700.0,Tonnes,804.5112781954888,Vidarbha,2013
Maharashtra,BULDHANA,Jowar,2014-15,Kharif,20600.0,Hectare,22100.0,Tonnes,1072.8155339805826,Vidarbha,2014
Maharashtra,BULDHANA,Jowar,2014-15,Rabi,10800.0,Hectare,8900.0,Tonnes,824.074074074074,Vidarbha,2014
Maharashtra,BULDHANA,Jowar,2015-16,Kharif,20400.0,Hectare,12700.0,Tonnes,622.5490196078431,Vidarbha,2015
Maharashtra,BULDHANA,Jowar,2015-16,Rabi,10300.0,Hectare,5800.0,Tonnes,563.1067961165048,Vidarbha,2015
Maharashtra,CHANDRAPUR,Jowar,2013-14,Kharif,2700.0,Hectare,2100.0,Tonnes,777.7777777777778,Vidarbha,2013
Maharashtra,CHANDRAPUR,Jowar,2013-14,Rabi,5100.0,Hectare,2300.0,Tonnes,450.9803921568627,Vidarbha,2013
Maharashtra,CHANDRAPUR,Jowar,2014-15,Rabi,5900.0,Hectare,2600.0,Tonnes,440.6779661016949,Vidarbha,2014
Maharashtra,CHANDRAPUR,Jowar,2015-16,Kharif,2700.0,Hectare,1800.0,Tonnes,666.6666666666666,Vidarbha,2015
Maharashtra,CHANDRAPUR,Jowar,2015-16,Rabi,5700.0,Hectare,2000.0,Tonnes,350.8771929824561,Vidarbha,2015
Maharashtra,DHULE,Jowar,2013-14,Kharif,19700.0,Hectare,35100.0,Tonnes,1781.725888324873,Madhya Maharashtra,2013
Maharashtra,DHULE,Jowar,2013-14,Rabi,19200.0,Hectare,26700.0,Tonnes,1390.625,Madhya Maharashtra,2013
Maharashtra,DHULE,Jowar,2014-15,Kharif,19800.0,Hectare,23500.0,Tonnes,1186.8686868686868,Madhya Maharashtra,2014
Maharashtra,DHULE,Jowar,2014-15,Rabi,11000.0,Hectare,14800.0,Tonnes,1345.4545454545457,Madhya Maharashtra,2014
Maharashtra,DHULE,Jowar,2015-16,Kharif,21100.0,Hectare,19600.0,Tonnes,928.9099526066352,Madhya Maharashtra,2015
Maharashtra,DHULE,Jowar,2015-16,Rabi,11600.0,Hectare,10500.0,Tonnes,905.1724137931034,Madhya Maharashtra,2015
Maharashtra,GADCHIROLI,Jowar,2013-14,Rabi,1100.0,Hectare,1100.0,Tonnes,1000.0,Vidarbha,2013
Maharashtra,GADCHIROLI,Jowar,2014-15,Rabi,400.0,Hectare,300.0,Tonnes,750.0,Vidarbha,2014
Maharashtra,GADCHIROLI,Jowar,2015-16,Rabi,200.0,Hectare,100.0,Tonnes,500.0,Vidarbha,2015
Maharashtra,HINGOLI,Jowar,2013-14,Kharif,46900.0,Hectare,46500.0,Tonnes,991.4712153518124,Matathwada,2013
Maharashtra,HINGOLI,Jowar,2013-14,Rabi,10100.0,Hectare,11200.0,Tonnes,1108.910891089109,Matathwada,2013
Maharashtra,HINGOLI,Jowar,2014-15,Kharif,47900.0,Hectare,19200.0,Tonnes,400.8350730688935,Matathwada,2014
Maharashtra,HINGOLI,Jowar,2014-15,Rabi,7300.0,Hectare,5000.0,Tonnes,684.931506849315,Matathwada,2014
Maharashtra,HINGOLI,Jowar,2015-16,Kharif,47800.0,Hectare,18700.0,Tonnes,391.2133891213389,Matathwada,2015
Maharashtra,HINGOLI,Jowar,2015-16,Rabi,10000.0,Hectare,3900.0,Tonnes,390.0,Matathwada,2015
Maharashtra,JALGAON,Jowar,2013-14,Rabi,25700.0,Hectare,40300.0,Tonnes,1568.0933852140079,Madhya Maharashtra,2013
Maharashtra,JALGAON,Jowar,2014-15,Rabi,32500.0,Hectare,45300.0,Tonnes,1393.846153846154,Madhya Maharashtra,2014
Maharashtra,JALGAON,Jowar,2015-16,Kharif,51500.0,Hectare,64100.0,Tonnes,1244.6601941747572,Madhya Maharashtra,2015
Maharashtra,JALGAON,Jowar,2015-16,Rabi,30800.0,Hectare,34700.0,Tonnes,1126.6233766233765,Madhya Maharashtra,2015
Maharashtra,JALNA,Jowar,2013-14,Kharif,1600.0,Hectare,1900.0,Tonnes,1187.5,Matathwada,2013
Maharashtra,JALNA,Jowar,2013-14,Rabi,111400.0,Hectare,88800.0,Tonnes,797.1274685816876,Matathwada,2013
Maharashtra,JALNA,Jowar,2015-16,Rabi,109400.0,Hectare,33400.0,Tonnes,305.3016453382084,Matathwada,2015
Maharashtra,KOLHAPUR,Jowar,2013-14,Rabi,20300.0,Hectare,31200.0,Tonnes,1536.9458128078816,Madhya Maharashtra,2013
Maharashtra,KOLHAPUR,Jowar,2014-15,Rabi,17100.0,Hectare,27100.0,Tonnes,1584.795321637427,Madhya Maharashtra,2014
Maharashtra,KOLHAPUR,Jowar,2015-16,Kharif,5700.0,Hectare,10100.0,Tonnes,1771.9298245614036,Madhya Maharashtra,2015
Maharashtra,KOLHAPUR,Jowar,2015-16,Rabi,11400.0,Hectare,13900.0,Tonnes,1219.298245614035,Madhya Maharashtra,2015
Maharashtra,LATUR,Jowar,2013-14,Kharif,96000.0,Hectare,147200.0,Tonnes,1533.3333333333335,Matathwada,2013
Maharashtra,LATUR,Jowar,2013-14,Rabi,30100.0,Hectare,29900.0,Tonnes,993.3554817275748,Matathwada,2013
Maharashtra,LATUR,Jowar,2014-15,Kharif,88300.0,Hectare,94600.0,Tonnes,1071.347678369196,Matathwada,2014
Maharashtra,LATUR,Jowar,2014-15,Rabi,22200.0,Hectare,8100.0,Tonnes,364.8648648648648,Matathwada,2014
Maharashtra,LATUR,Jowar,2015-16,Kharif,83500.0,Hectare,39600.0,Tonnes,474.251497005988,Matathwada,2015
Maharashtra,LATUR,Jowar,2015-16,Rabi,24700.0,Hectare,9200.0,Tonnes,372.4696356275304,Matathwada,2015
Maharashtra,NAGPUR,Jowar,2013-14,Kharif,4700.0,Hectare,1900.0,Tonnes,404.2553191489361,Vidarbha,2013
Maharashtra,NAGPUR,Jowar,2013-14,Rabi,1800.0,Hectare,1500.0,Tonnes,833.3333333333334,Vidarbha,2013
Maharashtra,NAGPUR,Jowar,2014-15,Kharif,3900.0,Hectare,2300.0,Tonnes,589.7435897435897,Vidarbha,2014
Maharashtra,NAGPUR,Jowar,2014-15,Rabi,1100.0,Hectare,400.0,Tonnes,363.63636363636357,Vidarbha,2014
Maharashtra,NAGPUR,Jowar,2015-16,Kharif,4000.0,Hectare,3500.0,Tonnes,875.0,Vidarbha,2015
Maharashtra,NAGPUR,Jowar,2015-16,Rabi,700.0,Hectare,300.0,Tonnes,428.5714285714285,Vidarbha,2015
Maharashtra,NANDED,Jowar,2013-14,Kharif,88300.0,Hectare,71300.0,Tonnes,807.4745186862967,Matathwada,2013
Maharashtra,NANDED,Jowar,2013-14,Rabi,28800.0,Hectare,21100.0,Tonnes,732.6388888888888,Matathwada,2013
Maharashtra,NANDED,Jowar,2014-15,Kharif,88300.0,Hectare,28600.0,Tonnes,323.8958097395243,Matathwada,2014
Maharashtra,NANDED,Jowar,2014-15,Rabi,25600.0,Hectare,13000.0,Tonnes,507.8125,Matathwada,2014
Maharashtra,NANDED,Jowar,2015-16,Kharif,87100.0,Hectare,32300.0,Tonnes,370.8381171067738,Matathwada,2015
Maharashtra,NANDED,Jowar,2015-16,Rabi,24400.0,Hectare,9200.0,Tonnes,377.04918032786884,Matathwada,2015
Maharashtra,NANDURBAR,Jowar,2013-14,Kharif,28600.0,Hectare,38200.0,Tonnes,1335.6643356643356,Madhya Maharashtra,2013
Maharashtra,NANDURBAR,Jowar,2013-14,Rabi,21100.0,Hectare,29000.0,Tonnes,1374.4075829383887,Madhya Maharashtra,2013
Maharashtra,NANDURBAR,Jowar,2014-15,Kharif,31400.0,Hectare,33500.0,Tonnes,1066.87898089172,Madhya Maharashtra,2014
Maharashtra,NANDURBAR,Jowar,2014-15,Rabi,14300.0,Hectare,18000.0,Tonnes,1258.7412587412587,Madhya Maharashtra,2014
Maharashtra,NANDURBAR,Jowar,2015-16,Kharif,29800.0,Hectare,29900.0,Tonnes,1003.3557046979867,Madhya Maharashtra,2015
Maharashtra,NANDURBAR,Jowar,2015-16,Rabi,9500.0,Hectare,10200.0,Tonnes,1073.6842105263158,Madhya Maharashtra,2015
Maharashtra,NASHIK,Jowar,2013-14,Rabi,8400.0,Hectare,5500.0,Tonnes,654.7619047619048,Madhya Maharashtra,2013
Maharashtra,NASHIK,Jowar,2014-15,Rabi,5100.0,Hectare,3700.0,Tonnes,725.4901960784314,Madhya Maharashtra,2014
Maharashtra,NASHIK,Jowar,2015-16,Kharif,800.0,Hectare,700.0,Tonnes,875.0,Madhya Maharashtra,2015
Maharashtra,NASHIK,Jowar,2015-16,Rabi,5800.0,Hectare,3400.0,Tonnes,586.2068965517241,Madhya Maharashtra,2015
Maharashtra,OSMANABAD,Jowar,2013-14,Kharif,45300.0,Hectare,45600.0,Tonnes,1006.6225165562914,Matathwada,2013
Maharashtra,OSMANABAD,Jowar,2013-14,Rabi,199100.0,Hectare,167400.0,Tonnes,840.7835258663988,Matathwada,2013
Maharashtra,OSMANABAD,Jowar,2014-15,Rabi,215900.0,Hectare,74500.0,Tonnes,345.0671607225567,Matathwada,2014
Maharashtra,OSMANABAD,Jowar,2015-16,Rabi,129000.0,Hectare,38600.0,Tonnes,299.2248062015504,Matathwada,2015
Maharashtra,PARBHANI,Jowar,2013-14,Kharif,79300.0,Hectare,87100.0,Tonnes,1098.360655737705,Matathwada,2013
Maharashtra,PARBHANI,Jowar,2013-14,Rabi,255900.0,Hectare,162200.0,Tonnes,633.8413442751074,Matathwada,2013
Maharashtra,PARBHANI,Jowar,2014-15,Kharif,72400.0,Hectare,30500.0,Tonnes,421.2707182320442,Matathwada,2014
Maharashtra,PARBHANI,Jowar,2014-15,Rabi,176600.0,Hectare,87900.0,Tonnes,497.73499433748583,Matathwada,2014
Maharashtra,PUNE,Jowar,2013-14,Kharif,3200.0,Hectare,2700.0,Tonnes,843.75,Madhya Maharashtra,2013
Maharashtra,PUNE,Jowar,2013-14,Rabi,251600.0,Hectare,158800.0,Tonnes,631.1605723370429,Madhya Maharashtra,2013
Maharashtra,PUNE,Jowar,2014-15,Kharif,3500.0,Hectare,1700.0,Tonnes,485.7142857142857,Madhya Maharashtra,2014
Maharashtra,PUNE,Jowar,2014-15,Rabi,268300.0,Hectare,131700.0,Tonnes,490.8684308609765,Madhya Maharashtra,2014
Maharashtra,PUNE,Jowar,2015-16,Kharif,1400.0,Hectare,1000.0,Tonnes,714.2857142857143,Madhya Maharashtra,2015
Maharashtra,PUNE,Jowar,2015-16,Rabi,259800.0,Hectare,116300.0,Tonnes,447.6520400307929,Madhya Maharashtra,2015
Maharashtra,SANGLI,Jowar,2013-14,Kharif,61800.0,Hectare,53300.0,Tonnes,862.4595469255663,Madhya Maharashtra,2013
Maharashtra,SANGLI,Jowar,2013-14,Rabi,217600.0,Hectare,124500.0,Tonnes,572.1507352941177,Madhya Maharashtra,2013
Maharashtra,SANGLI,Jowar,2014-15,Kharif,52100.0,Hectare,55600.0,Tonnes,1067.1785028790787,Madhya Maharashtra,2014
Maharashtra,SANGLI,Jowar,2014-15,Rabi,193200.0,Hectare,130000.0,Tonnes,672.8778467908902,Madhya Maharashtra,2014
Maharashtra,SANGLI,Jowar,2015-16,Kharif,68600.0,Hectare,32200.0,Tonnes,469.3877551020408,Madhya Maharashtra,2015
Maharashtra,SANGLI,Jowar,2015-16,Rabi,141800.0,Hectare,58600.0,Tonnes,413.2581100141044,Madhya Maharashtra,2015
Maharashtra,SATARA,Jowar,2013-14,Kharif,29700.0,Hectare,52800.0,Tonnes,1777.7777777777776,Madhya Maharashtra,2013
Maharashtra,SATARA,Jowar,2013-14,Rabi,138000.0,Hectare,112200.0,Tonnes,813.0434782608695,Madhya Maharashtra,2013
Maharashtra,SATARA,Jowar,2014-15,Kharif,23400.0,Hectare,35900.0,Tonnes,1534.1880341880344,Madhya Maharashtra,2014
Maharashtra,SATARA,Jowar,2014-15,Rabi,145600.0,Hectare,127100.0,Tonnes,872.9395604395604,Madhya Maharashtra,2014
Maharashtra,SATARA,Jowar,2015-16,Kharif,24800.0,Hectare,30500.0,Tonnes,1229.8387096774193,Madhya Maharashtra,2015
Maharashtra,SATARA,Jowar,2015-16,Rabi,138700.0,Hectare,109600.0,Tonnes,790.1946647440519,Madhya Maharashtra,2015
Maharashtra,SOLAPUR,Jowar,2013-14,Kharif,500.0,Hectare,200.0,Tonnes,400.0,Madhya Maharashtra,2013
Maharashtra,SOLAPUR,Jowar,2013-14,Rabi,565800.0,Hectare,304500.0,Tonnes,538.1760339342524,Madhya Maharashtra,2013
Maharashtra,SOLAPUR,Jowar,2014-15,Kharif,300.0,Hectare,100.0,Tonnes,333.3333333333333,Madhya Maharashtra,2014
Maharashtra,SOLAPUR,Jowar,2014-15,Rabi,622800.0,Hectare,354100.0,Tonnes,568.5613359023763,Madhya Maharashtra,2014
Maharashtra,WARDHA,Jowar,2013-14,Rabi,3500.0,Hectare,2200.0,Tonnes,628.5714285714286,Vidarbha,2013
Maharashtra,WARDHA,Jowar,2014-15,Kharif,4000.0,Hectare,1700.0,Tonnes,425.0,Vidarbha,2014
Maharashtra,WARDHA,Jowar,2014-15,Rabi,2400.0,Hectare,1100.0,Tonnes,458.3333333333333,Vidarbha,2014
Maharashtra,WARDHA,Jowar,2015-16,Kharif,4300.0,Hectare,2200.0,Tonnes,511.6279069767442,Vidarbha,2015
Maharashtra,WARDHA,Jowar,2015-16,Rabi,2200.0,Hectare,800.0,Tonnes,363.63636363636357,Vidarbha,2015
Maharashtra,WASHIM,Jowar,2013-14,Kharif,15000.0,Hectare,8100.0,Tonnes,540.0,Vidarbha,2013
Maharashtra,WASHIM,Jowar,2013-14,Rabi,400.0,Hectare,300.0,Tonnes,750.0,Vidarbha,2013
Maharashtra,WASHIM,Jowar,2014-15,Kharif,10000.0,Hectare,7500.0,Tonnes,750.0,Vidarbha,2014
Maharashtra,WASHIM,Jowar,2014-15,Rabi,1600.0,Hectare,1300.0,Tonnes,812.5,Vidarbha,2014
Maharashtra,WASHIM,Jowar,2015-16,Kharif,9600.0,Hectare,4300.0,Tonnes,447.9166666666667,Vidarbha,2015
Maharashtra,WASHIM,Jowar,2015-16,Rabi,2100.0,Hectare,1200.0,Tonnes,571.4285714285714,Vidarbha,2015
Maharashtra,YAVATMAL,Jowar,2013-14,Kharif,48300.0,Hectare,15600.0,Tonnes,322.9813664596273,Vidarbha,2013
Maharashtra,YAVATMAL,Jowar,2014-15,Kharif,43100.0,Hectare,19200.0,Tonnes,445.47563805104403,Vidarbha,2014
Maharashtra,YAVATMAL,Jowar,2014-15,Rabi,4000.0,Hectare,3300.0,Tonnes,825.0,Vidarbha,2014
Maharashtra,YAVATMAL,Jowar,2015-16,Kharif,42100.0,Hectare,17100.0,Tonnes,406.1757719714964,Vidarbha,2015
Maharashtra,YAVATMAL,Jowar,2015-16,Rabi,5900.0,Hectare,3300.0,Tonnes,559.322033898305,Vidarbha,2015
Maharashtra,AHMEDNAGAR,Jowar,2016-17,Rabi,492800.0,Hectare,245700.0,Tonnes,498.57954545454544,Madhya Maharashtra,2016
Maharashtra,AHMEDNAGAR,Jowar,2017-18,Kharif,1600.0,Hectare,1000.0,Tonnes,625.0,Madhya Maharashtra,2017
Maharashtra,AHMEDNAGAR,Jowar,2017-18,Rabi,548900.0,Hectare,298300.0,Tonnes,543.4505374385134,Madhya Maharashtra,2017
Maharashtra,AHMEDNAGAR,Jowar,2018-19,Kharif,1578.0,Hectare,468.0,Tonnes,296.5779467680608,Madhya Maharashtra,2018
Maharashtra,AKOLA,Jowar,2016-17,Kharif,11300.0,Hectare,16700.0,Tonnes,1477.8761061946902,Vidarbha,2016
Maharashtra,AKOLA,Jowar,2016-17,Rabi,100.0,Hectare,100.0,Tonnes,1000.0,Vidarbha,2016
Maharashtra,AKOLA,Jowar,2017-18,Kharif,10619.0,Hectare,9800.0,Tonnes,922.874093605801,Vidarbha,2017
Maharashtra,AKOLA,Jowar,2017-18,Rabi,3.0,Hectare,2.0,Tonnes,666.6666666666666,Vidarbha,2017
Maharashtra,AKOLA,Jowar,2018-19,Kharif,9825.0,Hectare,13372.999999999998,Tonnes,1361.119592875318,Vidarbha,2018
Maharashtra,AMRAVATI,Jowar,2016-17,Kharif,23900.0,Hectare,29400.0,Tonnes,1230.1255230125523,Vidarbha,2016
Maharashtra,AMRAVATI,Jowar,2017-18,Kharif,18341.0,Hectare,17500.0,Tonnes,954.1464478490813,Vidarbha,2017
Maharashtra,AMRAVATI,Jowar,2018-19,Kharif,16391.0,Hectare,11716.0,Tonnes,714.7825025928863,Vidarbha,2018
Maharashtra,AURANGABAD,Jowar,2016-17,Kharif,3600.0,Hectare,3900.0,Tonnes,1083.3333333333333,Matathwada,2016
Maharashtra,AURANGABAD,Jowar,2016-17,Rabi,146900.0,Hectare,130100.0,Tonnes,885.6364874063989,Matathwada,2016
Maharashtra,AURANGABAD,Jowar,2017-18,Kharif,3300.0,Hectare,4800.0,Tonnes,1454.5454545454545,Matathwada,2017
Maharashtra,AURANGABAD,Jowar,2017-18,Rabi,156900.0,Hectare,106300.0,Tonnes,677.5015933715742,Matathwada,2017
Maharashtra,AURANGABAD,Jowar,2018-19,Kharif,1827.0,Hectare,855.0000000000001,Tonnes,467.9802955665025,Matathwada,2018
Maharashtra,AURANGABAD,Jowar,2018-19,Rabi,55450.0,Hectare,17200.0,Tonnes,310.1893597835888,Matathwada,2018
Maharashtra,BEED,Jowar,2016-17,Kharif,19000.0,Hectare,5640.0,Tonnes,296.8421052631579,Matathwada,2016
Maharashtra,BEED,Jowar,2016-17,Rabi,449800.0,Hectare,237470.0,Tonnes,527.945753668297,Matathwada,2016
Maharashtra,BEED,Jowar,2017-18,Kharif,21000.0,Hectare,14610.0,Tonnes,695.7142857142858,Matathwada,2017
Maharashtra,BEED,Jowar,2017-18,Rabi,500300.0,Hectare,232640.0,Tonnes,465.0009994003597,Matathwada,2017
Maharashtra,BULDHANA,Jowar,2016-17,Kharif,22460.0,Hectare,32100.0,Tonnes,1429.207479964381,Vidarbha,2016
Maharashtra,BULDHANA,Jowar,2016-17,Rabi,13350.0,Hectare,15500.0,Tonnes,1161.0486891385767,Vidarbha,2016
Maharashtra,BULDHANA,Jowar,2017-18,Kharif,20202.0,Hectare,18600.0,Tonnes,920.7009207009208,Vidarbha,2017
Maharashtra,BULDHANA,Jowar,2017-18,Rabi,13231.0,Hectare,9100.0,Tonnes,687.7787015342756,Vidarbha,2017
Maharashtra,BULDHANA,Jowar,2018-19,Kharif,19649.0,Hectare,21059.0,Tonnes,1071.759377067535,Vidarbha,2018
Maharashtra,BULDHANA,Jowar,2018-19,Rabi,11980.0,Hectare,5800.0,Tonnes,484.1402337228714,Vidarbha,2018
Maharashtra,CHANDRAPUR,Jowar,2016-17,Kharif,2700.0,Hectare,1000.0,Tonnes,370.37037037037027,Vidarbha,2016
Maharashtra,CHANDRAPUR,Jowar,2016-17,Rabi,4300.0,Hectare,2700.0,Tonnes,627.9069767441861,Vidarbha,2016
Maharashtra,CHANDRAPUR,Jowar,2017-18,Kharif,2200.0,Hectare,1300.0,Tonnes,590.909090909091,Vidarbha,2017
Maharashtra,CHANDRAPUR,Jowar,2018-19,Kharif,1966.0,Hectare,1157.0,Tonnes,588.5045778229908,Vidarbha,2018
Maharashtra,CHANDRAPUR,Jowar,2018-19,Rabi,1330.0,Hectare,900.0,Tonnes,676.6917293233082,Vidarbha,2018
Maharashtra,DHULE,Jowar,2016-17,Kharif,20000.0,Hectare,24300.0,Tonnes,1215.0,Madhya Maharashtra,2016
Maharashtra,DHULE,Jowar,2016-17,Rabi,12100.0,Hectare,13800.0,Tonnes,1140.495867768595,Madhya Maharashtra,2016
Maharashtra,DHULE,Jowar,2017-18,Kharif,22000.0,Hectare,32700.0,Tonnes,1486.3636363636363,Madhya Maharashtra,2017
Maharashtra,DHULE,Jowar,2017-18,Rabi,16300.0,Hectare,16800.0,Tonnes,1030.6748466257668,Madhya Maharashtra,2017
Maharashtra,DHULE,Jowar,2018-19,Kharif,25435.0,Hectare,21189.0,Tonnes,833.0646746609003,Madhya Maharashtra,2018
Maharashtra,DHULE,Jowar,2018-19,Rabi,15990.0,Hectare,11700.0,Tonnes,731.7073170731708,Madhya Maharashtra,2018
Maharashtra,GADCHIROLI,Jowar,2016-17,Rabi,100.0,Hectare,100.0,Tonnes,1000.0,Vidarbha,2016
Maharashtra,GADCHIROLI,Jowar,2017-18,Kharif,23.0,Hectare,12.0,Tonnes,521.7391304347826,Vidarbha,2017
Maharashtra,GADCHIROLI,Jowar,2017-18,Rabi,1300.0,Hectare,700.0,Tonnes,538.4615384615385,Vidarbha,2017
Maharashtra,GADCHIROLI,Jowar,2018-19,Rabi,1290.0,Hectare,530.0,Tonnes,410.8527131782946,Vidarbha,2018
Maharashtra,HINGOLI,Jowar,2016-17,Kharif,54800.0,Hectare,25500.0,Tonnes,465.3284671532847,Matathwada,2016
Maharashtra,HINGOLI,Jowar,2016-17,Rabi,8100.0,Hectare,5500.0,Tonnes,679.0123456790124,Matathwada,2016
Maharashtra,HINGOLI,Jowar,2017-18,Kharif,56997.0,Hectare,33800.0,Tonnes,593.0136673860028,Matathwada,2017
Maharashtra,HINGOLI,Jowar,2017-18,Rabi,11669.0,Hectare,10800.0,Tonnes,925.52917987831,Matathwada,2017
Maharashtra,HINGOLI,Jowar,2018-19,Rabi,6740.000000000001,Hectare,4700.0,Tonnes,697.3293768545993,Matathwada,2018
Maharashtra,JALGAON,Jowar,2016-17,Rabi,34100.0,Hectare,53800.0,Tonnes,1577.7126099706745,Madhya Maharashtra,2016
Maharashtra,JALGAON,Jowar,2017-18,Rabi,35400.0,Hectare,60800.0,Tonnes,1717.5141242937852,Madhya Maharashtra,2017
Maharashtra,JALGAON,Jowar,2018-19,Kharif,59327.0,Hectare,87350.0,Tonnes,1472.3481719958872,Madhya Maharashtra,2018
Maharashtra,JALGAON,Jowar,2018-19,Rabi,30704.000000000004,Hectare,44700.0,Tonnes,1455.836373110995,Madhya Maharashtra,2018
Maharashtra,JALNA,Jowar,2016-17,Kharif,2200.0,Hectare,3300.0,Tonnes,1500.0,Matathwada,2016
Maharashtra,JALNA,Jowar,2016-17,Rabi,102200.0,Hectare,113800.0,Tonnes,1113.5029354207436,Matathwada,2016
Maharashtra,JALNA,Jowar,2017-18,Rabi,91700.0,Hectare,68000.0,Tonnes,741.5485278080698,Matathwada,2017
Maharashtra,JALNA,Jowar,2018-19,Rabi,51070.0,Hectare,23800.0,Tonnes,466.0270217348737,Matathwada,2018
Maharashtra,KOLHAPUR,Jowar,2016-17,Kharif,6000.0,Hectare,9800.0,Tonnes,1633.3333333333333,Madhya Maharashtra,2016
Maharashtra,KOLHAPUR,Jowar,2017-18,Kharif,4900.0,Hectare,8600.0,Tonnes,1755.1020408163265,Madhya Maharashtra,2017
Maharashtra,KOLHAPUR,Jowar,2017-18,Rabi,12600.0,Hectare,19100.0,Tonnes,1515.873015873016,Madhya Maharashtra,2017
Maharashtra,KOLHAPUR,Jowar,2018-19,Kharif,3109.0,Hectare,4437.0,Tonnes,1427.146992602123,Madhya Maharashtra,2018
Maharashtra,KOLHAPUR,Jowar,2018-19,Rabi,12200.0,Hectare,16600.0,Tonnes,1360.655737704918,Madhya Maharashtra,2018
Maharashtra,LATUR,Jowar,2016-17,Kharif,87800.0,Hectare,77600.0,Tonnes,883.8268792710707,Matathwada,2016
Maharashtra,LATUR,Jowar,2016-17,Rabi,40100.0,Hectare,43600.0,Tonnes,1087.2817955112218,Matathwada,2016
Maharashtra,LATUR,Jowar,2017-18,Kharif,78408.0,Hectare,67200.0,Tonnes,857.055402509948,Matathwada,2017
Maharashtra,LATUR,Jowar,2017-18,Rabi,32759.0,Hectare,24700.0,Tonnes,753.9912695747735,Matathwada,2017
Maharashtra,LATUR,Jowar,2018-19,Kharif,79498.0,Hectare,56005.99999999999,Tonnes,704.4957105839139,Matathwada,2018
Maharashtra,LATUR,Jowar,2018-19,Rabi,23800.0,Hectare,16200.0,Tonnes,680.6722689075631,Matathwada,2018
Maharashtra,NAGPUR,Jowar,2016-17,Kharif,2200.0,Hectare,1500.0,Tonnes,681.8181818181818,Vidarbha,2016
Maharashtra,NAGPUR,Jowar,2017-18,Kharif,2300.0,Hectare,1700.0,Tonnes,739.1304347826086,Vidarbha,2017
Maharashtra,NAGPUR,Jowar,2018-19,Kharif,2238.0,Hectare,982.0,Tonnes,438.78462913315457,Vidarbha,2018
Maharashtra,NANDED,Jowar,2016-17,Kharif,95000.0,Hectare,35300.0,Tonnes,371.578947368421,Matathwada,2016
Maharashtra,NANDED,Jowar,2016-17,Rabi,33600.0,Hectare,32400.0,Tonnes,964.2857142857144,Matathwada,2016
Maharashtra,NANDED,Jowar,2017-18,Kharif,88397.0,Hectare,57800.0,Tonnes,653.8683439483241,Matathwada,2017
Maharashtra,NANDED,Jowar,2017-18,Rabi,35707.0,Hectare,37600.0,Tonnes,1053.0148150222644,Matathwada,2017
Maharashtra,NANDED,Jowar,2018-19,Kharif,88197.0,Hectare,61105.99999999999,Tonnes,692.8353572116964,Matathwada,2018
Maharashtra,NANDED,Jowar,2018-19,Rabi,20720.0,Hectare,19400.0,Tonnes,936.2934362934365,Matathwada,2018
Maharashtra,NANDURBAR,Jowar,2016-17,Kharif,34500.0,Hectare,52300.0,Tonnes,1515.9420289855072,Madhya Maharashtra,2016
Maharashtra,NANDURBAR,Jowar,2016-17,Rabi,9300.0,Hectare,13200.0,Tonnes,1419.3548387096776,Madhya Maharashtra,2016
Maharashtra,NANDURBAR,Jowar,2017-18,Kharif,39500.0,Hectare,59500.0,Tonnes,1506.329113924051,Madhya Maharashtra,2017
Maharashtra,NANDURBAR,Jowar,2017-18,Rabi,9200.0,Hectare,14100.0,Tonnes,1532.6086956521738,Madhya Maharashtra,2017
Maharashtra,NANDURBAR,Jowar,2018-19,Kharif,40154.0,Hectare,48494.0,Tonnes,1207.7003536384918,Madhya Maharashtra,2018
Maharashtra,NANDURBAR,Jowar,2018-19,Rabi,9010.0,Hectare,9200.0,Tonnes,1021.087680355161,Madhya Maharashtra,2018
Maharashtra,NASHIK,Jowar,2016-17,Rabi,6400.0,Hectare,3900.0,Tonnes,609.375,Madhya Maharashtra,2016
Maharashtra,NASHIK,Jowar,2017-18,Kharif,800.0,Hectare,1100.0,Tonnes,1375.0,Madhya Maharashtra,2017
Maharashtra,NASHIK,Jowar,2017-18,Rabi,5800.0,Hectare,3900.0,Tonnes,672.4137931034483,Madhya Maharashtra,2017
Maharashtra,NASHIK,Jowar,2018-19,Kharif,647.0,Hectare,813.0000000000001,Tonnes,1256.5687789799074,Madhya Maharashtra,2018
Maharashtra,NASHIK,Jowar,2018-19,Rabi,3790.0,Hectare,1900.0,Tonnes,501.31926121372027,Madhya Maharashtra,2018
Maharashtra,OSMANABAD,Jowar,2016-17,Kharif,14100.0,Hectare,6300.0,Tonnes,446.8085106382978,Matathwada,2016
Maharashtra,OSMANABAD,Jowar,2016-17,Rabi,146600.0,Hectare,122000.0,Tonnes,832.1964529331515,Matathwada,2016
Maharashtra,OSMANABAD,Jowar,2017-18,Kharif,12936.000000000002,Hectare,9000.0,Tonnes,695.7328385899814,Matathwada,2017
Maharashtra,OSMANABAD,Jowar,2017-18,Rabi,162308.0,Hectare,117400.0,Tonnes,723.3161643295463,Matathwada,2017
Maharashtra,OSMANABAD,Jowar,2018-19,Kharif,12784.0,Hectare,4132.0,Tonnes,323.21652065081355,Matathwada,2018
Maharashtra,OSMANABAD,Jowar,2018-19,Rabi,114470.0,Hectare,76500.0,Tonnes,668.2973704900847,Matathwada,2018
Maharashtra,PARBHANI,Jowar,2016-17,Kharif,12960.0,Hectare,8956.0,Tonnes,691.0493827160494,Matathwada,2016
Maharashtra,PARBHANI,Jowar,2016-17,Rabi,252380.00000000003,Hectare,242800.0,Tonnes,962.0413661938346,Matathwada,2016
Maharashtra,PARBHANI,Jowar,2017-18,Kharif,12175.0,Hectare,5278.0,Tonnes,433.5112936344969,Matathwada,2017
Maharashtra,PARBHANI,Jowar,2017-18,Rabi,101960.0,Hectare,73100.0,Tonnes,716.947822675559,Matathwada,2017
Maharashtra,PARBHANI,Jowar,2018-19,Kharif,4688.0,Hectare,4256.0,Tonnes,907.8498293515358,Matathwada,2018
Maharashtra,PARBHANI,Jowar,2018-19,Rabi,83970.0,Hectare,53800.0,Tonnes,640.7050136953674,Matathwada,2018
Maharashtra,PUNE,Jowar,2016-17,Rabi,277800.0,Hectare,97600.0,Tonnes,351.3318934485241,Madhya Maharashtra,2016
Maharashtra,PUNE,Jowar,2017-18,Kharif,1700.0,Hectare,1600.0,Tonnes,941.1764705882351,Madhya Maharashtra,2017
Maharashtra,PUNE,Jowar,2017-18,Rabi,223400.0,Hectare,163400.0,Tonnes,731.4234556848702,Madhya Maharashtra,2017
Maharashtra,PUNE,Jowar,2018-19,Kharif,1648.0,Hectare,1158.0,Tonnes,702.6699029126213,Madhya Maharashtra,2018
Maharashtra,PUNE,Jowar,2018-19,Rabi,196860.0,Hectare,59900.0,Tonnes,304.2771512750177,Madhya Maharashtra,2018
Maharashtra,SANGLI,Jowar,2016-17,Kharif,66000.0,Hectare,66200.0,Tonnes,1003.0303030303029,Madhya Maharashtra,2016
Maharashtra,SANGLI,Jowar,2016-17,Rabi,149400.0,Hectare,77000.0,Tonnes,515.3949129852743,Madhya Maharashtra,2016
Maharashtra,SANGLI,Jowar,2017-18,Kharif,53800.0,Hectare,44900.0,Tonnes,834.5724907063196,Madhya Maharashtra,2017
Maharashtra,SANGLI,Jowar,2017-18,Rabi,139300.0,Hectare,86800.0,Tonnes,623.1155778894473,Madhya Maharashtra,2017
Maharashtra,SANGLI,Jowar,2018-19,Kharif,42688.0,Hectare,34078.0,Tonnes,798.3039730134932,Madhya Maharashtra,2018
Maharashtra,SANGLI,Jowar,2018-19,Rabi,108890.0,Hectare,44400.0,Tonnes,407.7509413169253,Madhya Maharashtra,2018
Maharashtra,SATARA,Jowar,2016-17,Kharif,24400.0,Hectare,25300.0,Tonnes,1036.885245901639,Madhya Maharashtra,2016
Maharashtra,SATARA,Jowar,2016-17,Rabi,149600.0,Hectare,108800.0,Tonnes,727.2727272727273,Madhya Maharashtra,2016
Maharashtra,SATARA,Jowar,2017-18,Kharif,24100.0,Hectare,33100.0,Tonnes,1373.4439834024897,Madhya Maharashtra,2017
Maharashtra,SATARA,Jowar,2017-18,Rabi,136600.0,Hectare,124600.0,Tonnes,912.1522693997072,Madhya Maharashtra,2017
Maharashtra,SATARA,Jowar,2018-19,Kharif,24312.0,Hectare,27154.000000000004,Tonnes,1116.8970055939456,Madhya Maharashtra,2018
Maharashtra,SATARA,Jowar,2018-19,Rabi,125460.0,Hectare,97200.0,Tonnes,774.748923959828,Madhya Maharashtra,2018
Maharashtra,SOLAPUR,Jowar,2016-17,Kharif,200.0,Hectare,80.0,Tonnes,400.0,Madhya Maharashtra,2016
Maharashtra,SOLAPUR,Jowar,2016-17,Rabi,658500.0,Hectare,361780.0,Tonnes,549.4001518602886,Madhya Maharashtra,2016
Maharashtra,SOLAPUR,Jowar,2017-18,Rabi,656900.0,Hectare,370080.0,Tonnes,563.3734206119652,Madhya Maharashtra,2017
Maharashtra,SOLAPUR,Jowar,2018-19,Kharif,3688.000000000001,Hectare,1819.0,Tonnes,493.2212581344902,Madhya Maharashtra,2018
Maharashtra,SOLAPUR,Jowar,2018-19,Rabi,513810.00000000006,Hectare,182500.0,Tonnes,355.189661548043,Madhya Maharashtra,2018
Maharashtra,WARDHA,Jowar,2016-17,Kharif,3600.0,Hectare,1800.0,Tonnes,500.0,Vidarbha,2016
Maharashtra,WARDHA,Jowar,2016-17,Rabi,1900.0,Hectare,1100.0,Tonnes,578.9473684210526,Vidarbha,2016
Maharashtra,WARDHA,Jowar,2017-18,Kharif,3000.0,Hectare,1300.0,Tonnes,433.3333333333333,Vidarbha,2017
Maharashtra,WARDHA,Jowar,2017-18,Rabi,3500.0,Hectare,2600.0,Tonnes,742.8571428571429,Vidarbha,2017
Maharashtra,WARDHA,Jowar,2018-19,Rabi,5090.0,Hectare,2600.0,Tonnes,510.8055009823182,Vidarbha,2018
Maharashtra,WASHIM,Jowar,2016-17,Kharif,7600.0,Hectare,5700.0,Tonnes,750.0,Vidarbha,2016
Maharashtra,WASHIM,Jowar,2016-17,Rabi,2200.0,Hectare,2500.0,Tonnes,1136.3636363636365,Vidarbha,2016
Maharashtra,WASHIM,Jowar,2017-18,Kharif,8554.0,Hectare,4100.0,Tonnes,479.3079261164367,Vidarbha,2017
Maharashtra,WASHIM,Jowar,2017-18,Rabi,392.0,Hectare,300.0,Tonnes,765.3061224489795,Vidarbha,2017
Maharashtra,WASHIM,Jowar,2018-19,Kharif,9660.0,Hectare,4850.0,Tonnes,502.07039337474123,Vidarbha,2018
Maharashtra,WASHIM,Jowar,2018-19,Rabi,370.0,Hectare,200.0,Tonnes,540.5405405405405,Vidarbha,2018
Maharashtra,YAVATMAL,Jowar,2016-17,Kharif,29900.0,Hectare,13500.0,Tonnes,451.505016722408,Vidarbha,2016
Maharashtra,YAVATMAL,Jowar,2016-17,Rabi,4600.0,Hectare,5300.0,Tonnes,1152.1739130434785,Vidarbha,2016
Maharashtra,YAVATMAL,Jowar,2017-18,Kharif,22546.0,Hectare,12100.0,Tonnes,536.6805641798989,Vidarbha,2017
Maharashtra,YAVATMAL,Jowar,2017-18,Rabi,1326.0,Hectare,1000.0,Tonnes,754.1478129713423,Vidarbha,2017
Maharashtra,YAVATMAL,Jowar,2018-19,Kharif,14471.0,Hectare,4845.0,Tonnes,334.8075461267362,Vidarbha,2018
Maharashtra,YAVATMAL,Jowar,2018-19,Rabi,1600.0,Hectare,800.0,Tonnes,500.0,Vidarbha,2018
Maharashtra,AHMEDNAGAR,Jowar,2019-20,Rabi,362789.0,Hectare,188248.0,Tonnes,518.8911460931837,Madhya Maharashtra,2019
Maharashtra,AKOLA,Jowar,2019-20,Kharif,9512.0,Hectare,7759.0,Tonnes,815.7064760302776,Vidarbha,2019
Maharashtra,AKOLA,Jowar,2019-20,Rabi,1830.0,Hectare,1445.0,Tonnes,789.6174863387978,Vidarbha,2019
Maharashtra,AMRAVATI,Jowar,2019-20,Kharif,13918.0,Hectare,4649.0,Tonnes,334.0278775686162,Vidarbha,2019
Maharashtra,AMRAVATI,Jowar,2019-20,Rabi,56.99999999999999,Hectare,45.0,Tonnes,789.4736842105265,Vidarbha,2019
Maharashtra,AURANGABAD,Jowar,2019-20,Kharif,1302.0,Hectare,408.0,Tonnes,313.3640552995391,Matathwada,2019
Maharashtra,AURANGABAD,Jowar,2019-20,Rabi,60375.0,Hectare,58941.0,Tonnes,976.2484472049689,Matathwada,2019
Maharashtra,BEED,Jowar,2019-20,Kharif,8064.0,Hectare,4388.0,Tonnes,544.1468253968253,Matathwada,2019
Maharashtra,BEED,Jowar,2019-20,Rabi,101457.0,Hectare,75857.0,Tonnes,747.6763555003597,Matathwada,2019
Maharashtra,BULDHANA,Jowar,2019-20,Rabi,12838.999999999998,Hectare,11854.0,Tonnes,923.2806293325027,Vidarbha,2019
Maharashtra,CHANDRAPUR,Jowar,2019-20,Kharif,2029.0,Hectare,1559.0,Tonnes,768.3587974371612,Vidarbha,2019
Maharashtra,CHANDRAPUR,Jowar,2019-20,Rabi,1505.0,Hectare,721.0,Tonnes,479.06976744186045,Vidarbha,2019
Maharashtra,DHULE,Jowar,2019-20,Kharif,10486.0,Hectare,7533.0,Tonnes,718.3864199885561,Madhya Maharashtra,2019
Maharashtra,GADCHIROLI,Jowar,2019-20,Kharif,55.00000000000001,Hectare,29.0,Tonnes,527.2727272727271,Vidarbha,2019
Maharashtra,GADCHIROLI,Jowar,2019-20,Rabi,1257.0,Hectare,844.9999999999999,Tonnes,672.2354813046936,Vidarbha,2019
Maharashtra,HINGOLI,Jowar,2019-20,Kharif,44716.0,Hectare,31643.0,Tonnes,707.6437964039717,Matathwada,2019
Maharashtra,HINGOLI,Jowar,2019-20,Rabi,8206.0,Hectare,9815.0,Tonnes,1196.0760419205458,Matathwada,2019
Maharashtra,JALGAON,Jowar,2019-20,Kharif,38982.0,Hectare,25783.0,Tonnes,661.4078292545277,Madhya Maharashtra,2019
Maharashtra,JALGAON,Jowar,2019-20,Rabi,46132.0,Hectare,75935.0,Tonnes,1646.0374577299922,Madhya Maharashtra,2019
Maharashtra,JALNA,Jowar,2019-20,Kharif,163.0,Hectare,177.0,Tonnes,1085.8895705521472,Matathwada,2019
Maharashtra,JALNA,Jowar,2019-20,Rabi,99836.0,Hectare,91888.0,Tonnes,920.3894386794342,Matathwada,2019
Maharashtra,KOLHAPUR,Jowar,2019-20,Kharif,2970.0,Hectare,3215.0,Tonnes,1082.4915824915824,Madhya Maharashtra,2019
Maharashtra,KOLHAPUR,Jowar,2019-20,Rabi,13678.0,Hectare,22357.0,Tonnes,1634.5225910220793,Madhya Maharashtra,2019
Maharashtra,LATUR,Jowar,2019-20,Kharif,63055.99999999999,Hectare,49570.0,Tonnes,786.1266176097438,Matathwada,2019
Maharashtra,LATUR,Jowar,2019-20,Rabi,33693.0,Hectare,32016.000000000004,Tonnes,950.227050129107,Matathwada,2019
Maharashtra,NAGPUR,Jowar,2019-20,Kharif,2126.0,Hectare,848.0,Tonnes,398.8711194731891,Vidarbha,2019
Maharashtra,NAGPUR,Jowar,2019-20,Rabi,88.0,Hectare,50.0,Tonnes,568.1818181818182,Vidarbha,2019
Maharashtra,NANDED,Jowar,2019-20,Kharif,35699.0,Hectare,22518.0,Tonnes,630.7739712596991,Matathwada,2019
Maharashtra,NANDED,Jowar,2019-20,Rabi,25906.0,Hectare,35892.0,Tonnes,1385.4705473635452,Matathwada,2019
Maharashtra,NANDURBAR,Jowar,2019-20,Kharif,29017.0,Hectare,33754.0,Tonnes,1163.24912982045,Madhya Maharashtra,2019
Maharashtra,NANDURBAR,Jowar,2019-20,Rabi,9232.0,Hectare,10578.0,Tonnes,1145.7972270363953,Madhya Maharashtra,2019
Maharashtra,NASHIK,Jowar,2019-20,Kharif,707.0,Hectare,369.0,Tonnes,521.923620933522,Madhya Maharashtra,2019
Maharashtra,NASHIK,Jowar,2019-20,Rabi,3748.0,Hectare,2368.0,Tonnes,631.8036286019211,Madhya Maharashtra,2019
Maharashtra,OSMANABAD,Jowar,2019-20,Kharif,12183.0,Hectare,7019.0,Tonnes,576.1306738898465,Matathwada,2019
Maharashtra,OSMANABAD,Jowar,2019-20,Rabi,136745.0,Hectare,126120.0,Tonnes,922.300632564262,Matathwada,2019
Maharashtra,PARBHANI,Jowar,2019-20,Kharif,4992.0,Hectare,3236.0,Tonnes,648.2371794871796,Matathwada,2019
Maharashtra,PARBHANI,Jowar,2019-20,Rabi,111961.0,Hectare,115801.0,Tonnes,1034.297657219925,Matathwada,2019
Maharashtra,PUNE,Jowar,2019-20,Kharif,1571.0,Hectare,1275.0,Tonnes,811.5849777211967,Madhya Maharashtra,2019
Maharashtra,PUNE,Jowar,2019-20,Rabi,155029.0,Hectare,109540.0,Tonnes,706.5774790523064,Madhya Maharashtra,2019
Maharashtra,SANGLI,Jowar,2019-20,Kharif,45618.0,Hectare,39364.0,Tonnes,862.9049936428603,Madhya Maharashtra,2019
Maharashtra,SANGLI,Jowar,2019-20,Rabi,156008.0,Hectare,152237.0,Tonnes,975.8281626583251,Madhya Maharashtra,2019
Maharashtra,SATARA,Jowar,2019-20,Kharif,26269.0,Hectare,18280.0,Tonnes,695.877269785679,Madhya Maharashtra,2019
Maharashtra,SATARA,Jowar,2019-20,Rabi,156560.0,Hectare,124992.0,Tonnes,798.3648441492079,Madhya Maharashtra,2019
Maharashtra,SOLAPUR,Jowar,2019-20,Rabi,462614.00000000006,Hectare,315047.0,Tonnes,681.0148417471153,Madhya Maharashtra,2019
Maharashtra,WARDHA,Jowar,2019-20,Rabi,4598.0,Hectare,2592.0,Tonnes,563.7233579817313,Vidarbha,2019
Maharashtra,WASHIM,Jowar,2019-20,Kharif,6004.0,Hectare,2141.0,Tonnes,356.5956029313791,Vidarbha,2019
Maharashtra,WASHIM,Jowar,2019-20,Rabi,402.0,Hectare,318.0,Tonnes,791.0447761194031,Vidarbha,2019
Maharashtra,YAVATMAL,Jowar,2019-20,Kharif,14057.0,Hectare,4393.0,Tonnes,312.5133385501885,Vidarbha,2019
Maharashtra,YAVATMAL,Jowar,2019-20,Rabi,2459.0,Hectare,1942.0,Tonnes,789.7519316795446,Vidarbha,2019
Maharashtra,AHMEDNAGAR,Jowar,1997-98,Kharif,900.0,Hectare,1100.0,Tonnes,1222.2222222222224,Madhya Maharashtra,1997
Maharashtra,AHMEDNAGAR,Jowar,1997-98,Rabi,598400.0,Hectare,217000.0,Tonnes,362.6336898395721,Madhya Maharashtra,1997
Maharashtra,AHMEDNAGAR,Jowar,1998-99,Kharif,300.0,Hectare,500.0,Tonnes,1666.6666666666667,Madhya Maharashtra,1998
Maharashtra,AHMEDNAGAR,Jowar,1998-99,Rabi,453200.0,Hectare,227900.0,Tonnes,502.86849073256843,Madhya Maharashtra,1998
Maharashtra,AHMEDNAGAR,Jowar,1999-00,Kharif,800.0,Hectare,700.0,Tonnes,875.0,Madhya Maharashtra,1999
Maharashtra,AHMEDNAGAR,Jowar,1999-00,Rabi,498300.0,Hectare,190900.0,Tonnes,383.1025486654625,Madhya Maharashtra,1999
Maharashtra,AHMEDNAGAR,Jowar,2000-01,Kharif,800.0,Hectare,700.0,Tonnes,875.0,Madhya Maharashtra,2000
Maharashtra,AHMEDNAGAR,Jowar,2000-01,Rabi,518700.0,Hectare,160800.0,Tonnes,310.0057836899942,Madhya Maharashtra,2000
Maharashtra,AKOLA,Jowar,1997-98,Kharif,193600.0,Hectare,290100.0,Tonnes,1498.4504132231405,Vidarbha,1997
Maharashtra,AKOLA,Jowar,1998-99,Kharif,165800.0,Hectare,244000.0,Tonnes,1471.6525934861277,Vidarbha,1998
Maharashtra,AKOLA,Jowar,1998-99,Rabi,1100.0,Hectare,400.0,Tonnes,363.63636363636357,Vidarbha,1998
Maharashtra,AKOLA,Jowar,1999-00,Kharif,87800.0,Hectare,133500.0,Tonnes,1520.5011389521642,Vidarbha,1999
Maharashtra,AKOLA,Jowar,2000-01,Kharif,86100.0,Hectare,142500.0,Tonnes,1655.0522648083622,Vidarbha,2000
Maharashtra,AKOLA,Jowar,2000-01,Rabi,200.0,Hectare,100.0,Tonnes,500.0,Vidarbha,2000
Maharashtra,AMRAVATI,Jowar,1997-98,Kharif,119500.0,Hectare,174200.0,Tonnes,1457.7405857740587,Vidarbha,1997
Maharashtra,AMRAVATI,Jowar,1997-98,Rabi,200.0,Hectare,100.0,Tonnes,500.0,Vidarbha,1997
Maharashtra,AMRAVATI,Jowar,1998-99,Kharif,115200.0,Hectare,173500.0,Tonnes,1506.076388888889,Vidarbha,1998
Maharashtra,AMRAVATI,Jowar,1998-99,Rabi,600.0,Hectare,200.0,Tonnes,333.3333333333333,Vidarbha,1998
Maharashtra,AMRAVATI,Jowar,1999-00,Kharif,117000.0,Hectare,130600.0,Tonnes,1116.2393162393164,Vidarbha,1999
Maharashtra,AMRAVATI,Jowar,1999-00,Rabi,200.0,Hectare,100.0,Tonnes,500.0,Vidarbha,1999
Maharashtra,AMRAVATI,Jowar,2000-01,Kharif,118700.0,Hectare,170100.0,Tonnes,1433.0244313395112,Vidarbha,2000
Maharashtra,AMRAVATI,Jowar,2000-01,Rabi,100.0,Hectare,100.0,Tonnes,1000.0,Vidarbha,2000
Maharashtra,AURANGABAD,Jowar,1997-98,Kharif,27700.0,Hectare,34100.0,Tonnes,1231.046931407942,Matathwada,1997
Maharashtra,AURANGABAD,Jowar,1997-98,Rabi,213400.0,Hectare,112600.0,Tonnes,527.6476101218369,Matathwada,1997
Maharashtra,AURANGABAD,Jowar,1998-99,Kharif,28100.0,Hectare,40000.0,Tonnes,1423.4875444839859,Matathwada,1998
Maharashtra,AURANGABAD,Jowar,1998-99,Rabi,171000.0,Hectare,113700.0,Tonnes,664.9122807017543,Matathwada,1998
Maharashtra,AURANGABAD,Jowar,1999-00,Kharif,28000.0,Hectare,36100.0,Tonnes,1289.2857142857144,Matathwada,1999
Maharashtra,AURANGABAD,Jowar,1999-00,Rabi,184600.0,Hectare,146600.0,Tonnes,794.1495124593716,Matathwada,1999
Maharashtra,AURANGABAD,Jowar,2000-01,Kharif,27200.0,Hectare,24400.0,Tonnes,897.0588235294118,Matathwada,2000
Maharashtra,AURANGABAD,Jowar,2000-01,Rabi,202900.0,Hectare,117300.0,Tonnes,578.1172991621488,Matathwada,2000
Maharashtra,BEED,Jowar,1997-98,Kharif,72700.0,Hectare,55700.0,Tonnes,766.1623108665749,Matathwada,1997
Maharashtra,BEED,Jowar,1997-98,Rabi,262100.0,Hectare,111800.0,Tonnes,426.5547500953834,Matathwada,1997
Maharashtra,BEED,Jowar,1998-99,Kharif,73600.0,Hectare,58000.0,Tonnes,788.0434782608695,Matathwada,1998
Maharashtra,BEED,Jowar,1998-99,Rabi,239800.0,Hectare,135000.0,Tonnes,562.9691409507923,Matathwada,1998
Maharashtra,BEED,Jowar,1999-00,Kharif,75200.0,Hectare,88900.0,Tonnes,1182.18085106383,Matathwada,1999
Maharashtra,BEED,Jowar,1999-00,Rabi,250000.0,Hectare,156700.0,Tonnes,626.8000000000001,Matathwada,1999
Maharashtra,BEED,Jowar,2000-01,Kharif,80200.0,Hectare,104700.0,Tonnes,1305.4862842892767,Matathwada,2000
Maharashtra,BEED,Jowar,2000-01,Rabi,265800.0,Hectare,130600.0,Tonnes,491.346877351392,Matathwada,2000
Maharashtra,BHANDARA,Jowar,1997-98,Kharif,300.0,Hectare,200.0,Tonnes,666.6666666666666,Vidarbha,1997
Maharashtra,BHANDARA,Jowar,1998-99,Rabi,2300.0,Hectare,900.0,Tonnes,391.304347826087,Vidarbha,1998
Maharashtra,BHANDARA,Jowar,1999-00,Rabi,1400.0,Hectare,600.0,Tonnes,428.5714285714285,Vidarbha,1999
Maharashtra,BULDHANA,Jowar,1997-98,Kharif,147800.0,Hectare,178400.0,Tonnes,1207.0365358592692,Vidarbha,1997
Maharashtra,BULDHANA,Jowar,1998-99,Kharif,130500.0,Hectare,232500.0,Tonnes,1781.6091954022988,Vidarbha,1998
Maharashtra,BULDHANA,Jowar,1998-99,Rabi,21200.0,Hectare,7600.0,Tonnes,358.49056603773585,Vidarbha,1998
Maharashtra,BULDHANA,Jowar,1999-00,Rabi,21100.0,Hectare,13300.0,Tonnes,630.3317535545024,Vidarbha,1999
Maharashtra,BULDHANA,Jowar,2000-01,Kharif,128400.0,Hectare,193700.0,Tonnes,1508.5669781931463,Vidarbha,2000
Maharashtra,BULDHANA,Jowar,2000-01,Rabi,16000.0,Hectare,10300.0,Tonnes,643.75,Vidarbha,2000
Maharashtra,CHANDRAPUR,Jowar,1997-98,Kharif,22400.0,Hectare,13800.0,Tonnes,616.0714285714286,Vidarbha,1997
Maharashtra,CHANDRAPUR,Jowar,1997-98,Rabi,85400.0,Hectare,25100.0,Tonnes,293.91100702576114,Vidarbha,1997
Maharashtra,CHANDRAPUR,Jowar,1998-99,Kharif,20900.0,Hectare,18800.0,Tonnes,899.5215311004785,Vidarbha,1998
Maharashtra,CHANDRAPUR,Jowar,1998-99,Rabi,72200.0,Hectare,23400.0,Tonnes,324.0997229916897,Vidarbha,1998
Maharashtra,CHANDRAPUR,Jowar,1999-00,Kharif,19000.0,Hectare,20500.0,Tonnes,1078.947368421053,Vidarbha,1999
Maharashtra,CHANDRAPUR,Jowar,1999-00,Rabi,62900.0,Hectare,32200.0,Tonnes,511.9236883942766,Vidarbha,1999
Maharashtra,CHANDRAPUR,Jowar,2000-01,Kharif,17700.0,Hectare,31000.0,Tonnes,1751.4124293785312,Vidarbha,2000
Maharashtra,DHULE,Jowar,1997-98,Kharif,75300.0,Hectare,94400.0,Tonnes,1253.6520584329348,Madhya Maharashtra,1997
Maharashtra,DHULE,Jowar,1997-98,Rabi,42800.0,Hectare,35500.0,Tonnes,829.4392523364486,Madhya Maharashtra,1997
Maharashtra,DHULE,Jowar,1998-99,Kharif,73000.0,Hectare,119200.0,Tonnes,1632.876712328767,Madhya Maharashtra,1998
Maharashtra,DHULE,Jowar,1998-99,Rabi,46600.0,Hectare,48400.0,Tonnes,1038.62660944206,Madhya Maharashtra,1998
Maharashtra,DHULE,Jowar,1999-00,Kharif,35600.0,Hectare,33900.0,Tonnes,952.247191011236,Madhya Maharashtra,1999
Maharashtra,DHULE,Jowar,1999-00,Rabi,10000.0,Hectare,10300.0,Tonnes,1030.0,Madhya Maharashtra,1999
Maharashtra,DHULE,Jowar,2000-01,Kharif,36900.0,Hectare,19300.0,Tonnes,523.0352303523035,Madhya Maharashtra,2000
Maharashtra,DHULE,Jowar,2000-01,Rabi,4300.0,Hectare,1700.0,Tonnes,395.3488372093023,Madhya Maharashtra,2000
Maharashtra,GADCHIROLI,Jowar,1997-98,Kharif,100.0,Hectare,100.0,Tonnes,1000.0,Vidarbha,1997
Maharashtra,GADCHIROLI,Jowar,1997-98,Rabi,18200.0,Hectare,5900.0,Tonnes,324.1758241758242,Vidarbha,1997
Maharashtra,GADCHIROLI,Jowar,1998-99,Kharif,100.0,Hectare,100.0,Tonnes,1000.0,Vidarbha,1998
Maharashtra,GADCHIROLI,Jowar,1999-00,Rabi,13100.0,Hectare,5000.0,Tonnes,381.67938931297715,Vidarbha,1999
Maharashtra,GADCHIROLI,Jowar,2000-01,Rabi,9900.0,Hectare,3300.0,Tonnes,333.3333333333333,Vidarbha,2000
Maharashtra,GONDIA,Jowar,1999-00,Kharif,81900.0,Hectare,118100.0,Tonnes,1442.002442002442,Vidarbha,1999
Maharashtra,GONDIA,Jowar,1999-00,Rabi,18300.0,Hectare,7400.0,Tonnes,404.3715846994535,Vidarbha,1999
Maharashtra,HINGOLI,Jowar,2000-01,Kharif,84100.0,Hectare,108000.0,Tonnes,1284.1854934601665,Matathwada,2000
Maharashtra,HINGOLI,Jowar,2000-01,Rabi,19200.0,Hectare,11800.0,Tonnes,614.5833333333334,Matathwada,2000
Maharashtra,JALGAON,Jowar,1997-98,Rabi,54000.0,Hectare,57400.0,Tonnes,1062.9629629629628,Madhya Maharashtra,1997
Maharashtra,JALGAON,Jowar,1998-99,Rabi,61300.0,Hectare,75000.0,Tonnes,1223.4910277324632,Madhya Maharashtra,1998
Maharashtra,JALGAON,Jowar,1999-00,Kharif,145400.0,Hectare,237700.0,Tonnes,1634.8005502063274,Madhya Maharashtra,1999
Maharashtra,JALGAON,Jowar,1999-00,Rabi,74300.0,Hectare,96700.0,Tonnes,1301.4804845222072,Madhya Maharashtra,1999
Maharashtra,JALGAON,Jowar,2000-01,Kharif,142100.0,Hectare,167100.0,Tonnes,1175.932441942294,Madhya Maharashtra,2000
Maharashtra,JALGAON,Jowar,2000-01,Rabi,27900.0,Hectare,28000.0,Tonnes,1003.5842293906809,Madhya Maharashtra,2000
Maharashtra,JALNA,Jowar,1997-98,Kharif,36300.0,Hectare,37500.0,Tonnes,1033.0578512396692,Matathwada,1997
Maharashtra,JALNA,Jowar,1997-98,Rabi,148600.0,Hectare,71000.0,Tonnes,477.79273216689097,Matathwada,1997
Maharashtra,JALNA,Jowar,1998-99,Kharif,36200.0,Hectare,45800.0,Tonnes,1265.1933701657458,Matathwada,1998
Maharashtra,JALNA,Jowar,1998-99,Rabi,129900.0,Hectare,94500.0,Tonnes,727.4826789838337,Matathwada,1998
Maharashtra,JALNA,Jowar,1999-00,Kharif,37000.0,Hectare,39300.0,Tonnes,1062.1621621621623,Matathwada,1999
Maharashtra,JALNA,Jowar,1999-00,Rabi,147800.0,Hectare,123500.0,Tonnes,835.5886332882274,Matathwada,1999
Maharashtra,JALNA,Jowar,2000-01,Kharif,28000.0,Hectare,28600.0,Tonnes,1021.4285714285713,Matathwada,2000
Maharashtra,JALNA,Jowar,2000-01,Rabi,149300.0,Hectare,104900.0,Tonnes,702.6121902210315,Matathwada,2000
Maharashtra,KOLHAPUR,Jowar,1997-98,Rabi,10300.0,Hectare,8800.0,Tonnes,854.3689320388349,Madhya Maharashtra,1997
Maharashtra,KOLHAPUR,Jowar,1998-99,Rabi,12100.0,Hectare,13800.0,Tonnes,1140.495867768595,Madhya Maharashtra,1998
Maharashtra,KOLHAPUR,Jowar,1999-00,Rabi,14300.0,Hectare,16800.0,Tonnes,1174.8251748251748,Madhya Maharashtra,1999
Maharashtra,KOLHAPUR,Jowar,2000-01,Kharif,12400.0,Hectare,19600.0,Tonnes,1580.6451612903224,Madhya Maharashtra,2000
Maharashtra,KOLHAPUR,Jowar,2000-01,Rabi,11500.0,Hectare,15100.0,Tonnes,1313.0434782608695,Madhya Maharashtra,2000
Maharashtra,LATUR,Jowar,1997-98,Kharif,176800.0,Hectare,186200.0,Tonnes,1053.1674208144798,Matathwada,1997
Maharashtra,LATUR,Jowar,1998-99,Kharif,176700.0,Hectare,254400.0,Tonnes,1439.7283531409169,Matathwada,1998
Maharashtra,LATUR,Jowar,1998-99,Rabi,23500.0,Hectare,15300.0,Tonnes,651.0638297872341,Matathwada,1998
Maharashtra,LATUR,Jowar,1999-00,Kharif,178800.0,Hectare,242600.0,Tonnes,1356.8232662192395,Matathwada,1999
Maharashtra,LATUR,Jowar,1999-00,Rabi,25500.0,Hectare,20200.0,Tonnes,792.156862745098,Matathwada,1999
Maharashtra,LATUR,Jowar,2000-01,Kharif,179700.0,Hectare,224900.0,Tonnes,1251.530328324986,Matathwada,2000
Maharashtra,LATUR,Jowar,2000-01,Rabi,26000.0,Hectare,19400.0,Tonnes,746.1538461538462,Matathwada,2000
Maharashtra,NAGPUR,Jowar,1997-98,Kharif,58200.0,Hectare,51000.0,Tonnes,876.2886597938144,Vidarbha,1997
Maharashtra,NAGPUR,Jowar,1998-99,Kharif,54500.0,Hectare,55900.0,Tonnes,1025.6880733944954,Vidarbha,1998
Maharashtra,NAGPUR,Jowar,1998-99,Rabi,21500.0,Hectare,11500.0,Tonnes,534.8837209302325,Vidarbha,1998
Maharashtra,NAGPUR,Jowar,1999-00,Kharif,50500.0,Hectare,44300.0,Tonnes,877.2277227722773,Vidarbha,1999
Maharashtra,NAGPUR,Jowar,1999-00,Rabi,19300.0,Hectare,8300.0,Tonnes,430.0518134715025,Vidarbha,1999
Maharashtra,NAGPUR,Jowar,2000-01,Kharif,47500.0,Hectare,43900.0,Tonnes,924.2105263157896,Vidarbha,2000
Maharashtra,NANDED,Jowar,1997-98,Kharif,199500.0,Hectare,219500.0,Tonnes,1100.250626566416,Matathwada,1997
Maharashtra,NANDED,Jowar,1997-98,Rabi,35200.0,Hectare,20000.0,Tonnes,568.1818181818182,Matathwada,1997
Maharashtra,NANDED,Jowar,1998-99,Kharif,201700.0,Hectare,234400.0,Tonnes,1162.1219633118494,Matathwada,1998
Maharashtra,NANDED,Jowar,1998-99,Rabi,26600.0,Hectare,20600.0,Tonnes,774.4360902255639,Matathwada,1998
Maharashtra,NANDED,Jowar,1999-00,Kharif,202200.0,Hectare,265500.0,Tonnes,1313.0563798219584,Matathwada,1999
Maharashtra,NANDED,Jowar,1999-00,Rabi,26500.0,Hectare,27000.0,Tonnes,1018.8679245283021,Matathwada,1999
Maharashtra,NANDED,Jowar,2000-01,Kharif,209000.0,Hectare,256600.0,Tonnes,1227.7511961722487,Matathwada,2000
Maharashtra,NANDED,Jowar,2000-01,Rabi,30100.0,Hectare,21500.0,Tonnes,714.2857142857143,Matathwada,2000
Maharashtra,NANDURBAR,Jowar,2000-01,Kharif,36600.0,Hectare,25100.0,Tonnes,685.7923497267759,Madhya Maharashtra,2000
Maharashtra,NANDURBAR,Jowar,2000-01,Rabi,24900.0,Hectare,9300.0,Tonnes,373.4939759036144,Madhya Maharashtra,2000
Maharashtra,NASHIK,Jowar,1997-98,Kharif,14900.0,Hectare,18300.0,Tonnes,1228.1879194630872,Madhya Maharashtra,1997
Maharashtra,NASHIK,Jowar,1997-98,Rabi,35300.0,Hectare,22600.0,Tonnes,640.2266288951841,Madhya Maharashtra,1997
Maharashtra,NASHIK,Jowar,1998-99,Kharif,15500.0,Hectare,23100.0,Tonnes,1490.3225806451612,Madhya Maharashtra,1998
Maharashtra,NASHIK,Jowar,1998-99,Rabi,33000.0,Hectare,29100.0,Tonnes,881.8181818181819,Madhya Maharashtra,1998
Maharashtra,NASHIK,Jowar,1999-00,Kharif,14200.0,Hectare,15100.0,Tonnes,1063.3802816901407,Madhya Maharashtra,1999
Maharashtra,NASHIK,Jowar,1999-00,Rabi,33000.0,Hectare,23200.0,Tonnes,703.030303030303,Madhya Maharashtra,1999
Maharashtra,NASHIK,Jowar,2000-01,Kharif,12500.0,Hectare,10400.0,Tonnes,832.0,Madhya Maharashtra,2000
Maharashtra,NASHIK,Jowar,2000-01,Rabi,15200.0,Hectare,8000.0,Tonnes,526.3157894736842,Madhya Maharashtra,2000
Maharashtra,OSMANABAD,Jowar,1997-98,Kharif,91800.0,Hectare,57500.0,Tonnes,626.3616557734205,Matathwada,1997
Maharashtra,OSMANABAD,Jowar,1998-99,Kharif,98500.0,Hectare,94300.0,Tonnes,957.3604060913705,Matathwada,1998
Maharashtra,OSMANABAD,Jowar,1998-99,Rabi,186700.0,Hectare,147900.0,Tonnes,792.1799678628815,Matathwada,1998
Maharashtra,OSMANABAD,Jowar,1999-00,Kharif,87600.0,Hectare,81800.0,Tonnes,933.7899543378995,Matathwada,1999
Maharashtra,OSMANABAD,Jowar,1999-00,Rabi,213500.0,Hectare,181600.0,Tonnes,850.5854800936769,Matathwada,1999
Maharashtra,OSMANABAD,Jowar,2000-01,Kharif,89600.0,Hectare,113400.0,Tonnes,1265.625,Matathwada,2000
Maharashtra,OSMANABAD,Jowar,2000-01,Rabi,226600.0,Hectare,179400.0,Tonnes,791.7034421888791,Matathwada,2000
Maharashtra,PARBHANI,Jowar,1997-98,Kharif,182600.0,Hectare,255500.0,Tonnes,1399.2332968236585,Matathwada,1997
Maharashtra,PARBHANI,Jowar,1997-98,Rabi,171300.0,Hectare,57500.0,Tonnes,335.6684179801518,Matathwada,1997
Maharashtra,PARBHANI,Jowar,1998-99,Kharif,181600.0,Hectare,202500.0,Tonnes,1115.0881057268723,Matathwada,1998
Maharashtra,PARBHANI,Jowar,1998-99,Rabi,148300.0,Hectare,72400.0,Tonnes,488.1995954146999,Matathwada,1998
Maharashtra,PARBHANI,Jowar,1999-00,Kharif,101400.0,Hectare,137400.0,Tonnes,1355.0295857988167,Matathwada,1999
Maharashtra,PARBHANI,Jowar,1999-00,Rabi,138900.0,Hectare,109000.0,Tonnes,784.7372210223183,Matathwada,1999
Maharashtra,PARBHANI,Jowar,2000-01,Kharif,104500.0,Hectare,130600.0,Tonnes,1249.7607655502393,Matathwada,2000
Maharashtra,PARBHANI,Jowar,2000-01,Rabi,156100.0,Hectare,110100.0,Tonnes,705.3171044202434,Matathwada,2000
Maharashtra,PUNE,Jowar,1997-98,Kharif,4200.0,Hectare,5200.0,Tonnes,1238.0952380952378,Madhya Maharashtra,1997
Maharashtra,PUNE,Jowar,1997-98,Rabi,510800.0,Hectare,235000.0,Tonnes,460.0626468285043,Madhya Maharashtra,1997
Maharashtra,PUNE,Jowar,1998-99,Kharif,4000.0,Hectare,5600.0,Tonnes,1400.0,Madhya Maharashtra,1998
Maharashtra,PUNE,Jowar,1998-99,Rabi,387500.0,Hectare,207700.0,Tonnes,536.0,Madhya Maharashtra,1998
Maharashtra,PUNE,Jowar,1999-00,Kharif,3200.0,Hectare,2800.0,Tonnes,875.0,Madhya Maharashtra,1999
Maharashtra,PUNE,Jowar,1999-00,Rabi,483000.0,Hectare,343000.0,Tonnes,710.1449275362319,Madhya Maharashtra,1999
Maharashtra,PUNE,Jowar,2000-01,Kharif,3000.0,Hectare,2400.0,Tonnes,800.0,Madhya Maharashtra,2000
Maharashtra,PUNE,Jowar,2000-01,Rabi,487800.0,Hectare,202800.0,Tonnes,415.7441574415744,Madhya Maharashtra,2000
Maharashtra,SANGLI,Jowar,1997-98,Kharif,122300.0,Hectare,141700.0,Tonnes,1158.6263286999183,Madhya Maharashtra,1997
Maharashtra,SANGLI,Jowar,1997-98,Rabi,140300.0,Hectare,82500.0,Tonnes,588.0256593014967,Madhya Maharashtra,1997
Maharashtra,SANGLI,Jowar,1998-99,Kharif,123900.0,Hectare,220400.0,Tonnes,1778.8539144471347,Madhya Maharashtra,1998
Maharashtra,SANGLI,Jowar,1998-99,Rabi,141600.0,Hectare,79300.0,Tonnes,560.0282485875706,Madhya Maharashtra,1998
Maharashtra,SANGLI,Jowar,1999-00,Kharif,126600.0,Hectare,159500.0,Tonnes,1259.8736176935229,Madhya Maharashtra,1999
Maharashtra,SANGLI,Jowar,1999-00,Rabi,151000.0,Hectare,121000.0,Tonnes,801.3245033112582,Madhya Maharashtra,1999
Maharashtra,SANGLI,Jowar,2000-01,Kharif,131900.0,Hectare,169100.0,Tonnes,1282.0318423047763,Madhya Maharashtra,2000
Maharashtra,SANGLI,Jowar,2000-01,Rabi,155000.0,Hectare,82100.0,Tonnes,529.6774193548387,Madhya Maharashtra,2000
Maharashtra,SATARA,Jowar,1997-98,Kharif,67500.0,Hectare,96900.0,Tonnes,1435.5555555555557,Madhya Maharashtra,1997
Maharashtra,SATARA,Jowar,1997-98,Rabi,144000.0,Hectare,86900.0,Tonnes,603.4722222222222,Madhya Maharashtra,1997
Maharashtra,SATARA,Jowar,1998-99,Rabi,141300.0,Hectare,143900.0,Tonnes,1018.4005661712667,Madhya Maharashtra,1998
Maharashtra,SATARA,Jowar,1999-00,Rabi,146100.0,Hectare,133900.0,Tonnes,916.4955509924708,Madhya Maharashtra,1999
Maharashtra,SATARA,Jowar,2000-01,Kharif,66700.0,Hectare,117100.0,Tonnes,1755.6221889055473,Madhya Maharashtra,2000
Maharashtra,SATARA,Jowar,2000-01,Rabi,143500.0,Hectare,73200.0,Tonnes,510.1045296167247,Madhya Maharashtra,2000
Maharashtra,SOLAPUR,Jowar,1997-98,Kharif,1300.0,Hectare,1300.0,Tonnes,1000.0,Madhya Maharashtra,1997
Maharashtra,SOLAPUR,Jowar,1998-99,Kharif,1300.0,Hectare,900.0,Tonnes,692.3076923076923,Madhya Maharashtra,1998
Maharashtra,SOLAPUR,Jowar,1998-99,Rabi,481600.0,Hectare,224800.0,Tonnes,466.7774086378737,Madhya Maharashtra,1998
Maharashtra,SOLAPUR,Jowar,1999-00,Kharif,2100.0,Hectare,1300.0,Tonnes,619.047619047619,Madhya Maharashtra,1999
Maharashtra,SOLAPUR,Jowar,1999-00,Rabi,699900.0,Hectare,353800.0,Tonnes,505.5007858265467,Madhya Maharashtra,1999
Maharashtra,SOLAPUR,Jowar,2000-01,Kharif,2100.0,Hectare,1600.0,Tonnes,761.9047619047618,Madhya Maharashtra,2000
Maharashtra,SOLAPUR,Jowar,2000-01,Rabi,636700.0,Hectare,285200.0,Tonnes,447.9346631066436,Madhya Maharashtra,2000
Maharashtra,WARDHA,Jowar,1997-98,Kharif,61100.0,Hectare,46300.0,Tonnes,757.7741407528642,Vidarbha,1997
Maharashtra,WARDHA,Jowar,1998-99,Kharif,54100.0,Hectare,58200.0,Tonnes,1075.7855822550832,Vidarbha,1998
Maharashtra,WARDHA,Jowar,1998-99,Rabi,2000.0,Hectare,700.0,Tonnes,350.0,Vidarbha,1998
Maharashtra,WARDHA,Jowar,1999-00,Kharif,48500.0,Hectare,38500.0,Tonnes,793.8144329896907,Vidarbha,1999
Maharashtra,WARDHA,Jowar,1999-00,Rabi,2100.0,Hectare,900.0,Tonnes,428.5714285714285,Vidarbha,1999
Maharashtra,WARDHA,Jowar,2000-01,Kharif,43100.0,Hectare,43900.0,Tonnes,1018.5614849187937,Vidarbha,2000
Maharashtra,WASHIM,Jowar,1999-00,Kharif,71600.0,Hectare,96100.0,Tonnes,1342.1787709497205,Vidarbha,1999
Maharashtra,WASHIM,Jowar,1999-00,Rabi,1600.0,Hectare,1000.0,Tonnes,625.0,Vidarbha,1999
Maharashtra,WASHIM,Jowar,2000-01,Kharif,66800.0,Hectare,79900.0,Tonnes,1196.1077844311376,Vidarbha,2000
Maharashtra,WASHIM,Jowar,2000-01,Rabi,1500.0,Hectare,1000.0,Tonnes,666.6666666666666,Vidarbha,2000
Maharashtra,YAVATMAL,Jowar,1997-98,Kharif,160700.0,Hectare,116200.0,Tonnes,723.0864965774736,Vidarbha,1997
Maharashtra,YAVATMAL,Jowar,1998-99,Kharif,157300.0,Hectare,223700.0,Tonnes,1422.1233312142406,Vidarbha,1998
Maharashtra,YAVATMAL,Jowar,1998-99,Rabi,100.0,Hectare,100.0,Tonnes,1000.0,Vidarbha,1998
Maharashtra,YAVATMAL,Jowar,1999-00,Kharif,153500.0,Hectare,184200.0,Tonnes,1200.0,Vidarbha,1999
Maharashtra,YAVATMAL,Jowar,2000-01,Kharif,154400.0,Hectare,170200.0,Tonnes,1102.3316062176166,Vidarbha,2000
Maharashtra,YAVATMAL,Jowar,2000-01,Rabi,100.0,Hectare,100.0,Tonnes,1000.0,Vidarbha,2000
Maharashtra,AHMEDNAGAR,Maize,2001-02,Kharif,6400.0,Hectare,9800.0,Tonnes,1531.25,Madhya Maharashtra,2001
Maharashtra,AHMEDNAGAR,Maize,2001-02,Rabi,12300.0,Hectare,22600.0,Tonnes,1837.3983739837402,Madhya Maharashtra,2001
Maharashtra,AHMEDNAGAR,Maize,2001-02,Summer,1500.0,Hectare,2100.0,Tonnes,1400.0,Madhya Maharashtra,2001
Maharashtra,AHMEDNAGAR,Maize,2002-03,Kharif,7000.0,Hectare,12300.0,Tonnes,1757.142857142857,Madhya Maharashtra,2002
Maharashtra,AHMEDNAGAR,Maize,2002-03,Rabi,11700.0,Hectare,9100.0,Tonnes,777.7777777777778,Madhya Maharashtra,2002
Maharashtra,AHMEDNAGAR,Maize,2002-03,Summer,1100.0,Hectare,1800.0,Tonnes,1636.3636363636365,Madhya Maharashtra,2002
Maharashtra,AHMEDNAGAR,Maize,2003-04,Kharif,6700.0,Hectare,6400.0,Tonnes,955.2238805970148,Madhya Maharashtra,2003
Maharashtra,AKOLA,Maize,2001-02,Kharif,400.0,Hectare,1000.0,Tonnes,2500.0,Vidarbha,2001
Maharashtra,AKOLA,Maize,2002-03,Kharif,500.0,Hectare,1000.0,Tonnes,2000.0,Vidarbha,2002
Maharashtra,AKOLA,Maize,2003-04,Kharif,700.0,Hectare,1500.0,Tonnes,2142.8571428571427,Vidarbha,2003
Maharashtra,AKOLA,Maize,2003-04,Rabi,100.0,Hectare,100.0,Tonnes,1000.0,Vidarbha,2003
Maharashtra,AMRAVATI,Maize,2001-02,Kharif,900.0,Hectare,2300.0,Tonnes,2555.5555555555557,Vidarbha,2001
Maharashtra,AMRAVATI,Maize,2001-02,Summer,200.0,Hectare,300.0,Tonnes,1500.0,Vidarbha,2001
Maharashtra,AMRAVATI,Maize,2002-03,Kharif,900.0,Hectare,1800.0,Tonnes,2000.0,Vidarbha,2002
Maharashtra,AMRAVATI,Maize,2003-04,Kharif,1200.0,Hectare,2600.0,Tonnes,2166.6666666666665,Vidarbha,2003
Maharashtra,AURANGABAD,Maize,2001-02,Kharif,75700.0,Hectare,149400.0,Tonnes,1973.5799207397624,Matathwada,2001
Maharashtra,AURANGABAD,Maize,2001-02,Rabi,2000.0,Hectare,3700.0,Tonnes,1850.0,Matathwada,2001
Maharashtra,AURANGABAD,Maize,2001-02,Summer,200.0,Hectare,300.0,Tonnes,1500.0,Matathwada,2001
Maharashtra,AURANGABAD,Maize,2002-03,Kharif,82000.0,Hectare,204700.0,Tonnes,2496.3414634146343,Matathwada,2002
Maharashtra,AURANGABAD,Maize,2002-03,Rabi,1700.0,Hectare,2900.0,Tonnes,1705.8823529411764,Matathwada,2002
Maharashtra,AURANGABAD,Maize,2002-03,Summer,300.0,Hectare,500.0,Tonnes,1666.6666666666667,Matathwada,2002
Maharashtra,AURANGABAD,Maize,2003-04,Kharif,90400.0,Hectare,189900.0,Tonnes,2100.663716814159,Matathwada,2003
Maharashtra,AURANGABAD,Maize,2003-04,Rabi,2100.0,Hectare,5200.0,Tonnes,2476.190476190476,Matathwada,2003
Maharashtra,BEED,Maize,2001-02,Kharif,1500.0,Hectare,1000.0,Tonnes,666.6666666666666,Matathwada,2001
Maharashtra,BEED,Maize,2001-02,Rabi,2000.0,Hectare,3700.0,Tonnes,1850.0,Matathwada,2001
Maharashtra,BEED,Maize,2001-02,Summer,700.0,Hectare,1000.0,Tonnes,1428.5714285714287,Matathwada,2001
Maharashtra,BEED,Maize,2002-03,Kharif,3200.0,Hectare,3300.0,Tonnes,1031.25,Matathwada,2002
Maharashtra,BEED,Maize,2002-03,Rabi,2000.0,Hectare,1300.0,Tonnes,650.0,Matathwada,2002
Maharashtra,BEED,Maize,2002-03,Summer,400.0,Hectare,600.0,Tonnes,1500.0,Matathwada,2002
Maharashtra,BEED,Maize,2003-04,Kharif,3400.0,Hectare,2400.0,Tonnes,705.8823529411765,Matathwada,2003
Maharashtra,BHANDARA,Maize,2002-03,Kharif,100.0,Hectare,200.0,Tonnes,2000.0,Vidarbha,2002
Maharashtra,BHANDARA,Maize,2003-04,Kharif,100.0,Hectare,200.0,Tonnes,2000.0,Vidarbha,2003
Maharashtra,BULDHANA,Maize,2001-02,Kharif,21100.0,Hectare,52100.0,Tonnes,2469.1943127962086,Vidarbha,2001
Maharashtra,BULDHANA,Maize,2001-02,Rabi,400.0,Hectare,700.0,Tonnes,1750.0,Vidarbha,2001
Maharashtra,BULDHANA,Maize,2001-02,Summer,100.0,Hectare,100.0,Tonnes,1000.0,Vidarbha,2001
Maharashtra,BULDHANA,Maize,2002-03,Kharif,25100.0,Hectare,51600.0,Tonnes,2055.7768924302786,Vidarbha,2002
Maharashtra,BULDHANA,Maize,2002-03,Rabi,500.0,Hectare,600.0,Tonnes,1200.0,Vidarbha,2002
Maharashtra,BULDHANA,Maize,2002-03,Summer,100.0,Hectare,100.0,Tonnes,1000.0,Vidarbha,2002
Maharashtra,BULDHANA,Maize,2003-04,Kharif,25900.0,Hectare,55500.0,Tonnes,2142.8571428571427,Vidarbha,2003
Maharashtra,BULDHANA,Maize,2003-04,Rabi,1200.0,Hectare,2200.0,Tonnes,1833.3333333333333,Vidarbha,2003
Maharashtra,DHULE,Maize,2001-02,Kharif,6400.0,Hectare,11500.0,Tonnes,1796.875,Madhya Maharashtra,2001
Maharashtra,DHULE,Maize,2001-02,Rabi,600.0,Hectare,1100.0,Tonnes,1833.3333333333333,Madhya Maharashtra,2001
Maharashtra,DHULE,Maize,2001-02,Summer,100.0,Hectare,100.0,Tonnes,1000.0,Madhya Maharashtra,2001
Maharashtra,DHULE,Maize,2002-03,Kharif,7600.0,Hectare,14100.0,Tonnes,1855.2631578947369,Madhya Maharashtra,2002
Maharashtra,DHULE,Maize,2002-03,Rabi,800.0,Hectare,1200.0,Tonnes,1500.0,Madhya Maharashtra,2002
Maharashtra,DHULE,Maize,2003-04,Kharif,8600.0,Hectare,25400.0,Tonnes,2953.4883720930234,Madhya Maharashtra,2003
Maharashtra,DHULE,Maize,2003-04,Rabi,800.0,Hectare,1700.0,Tonnes,2125.0,Madhya Maharashtra,2003
Maharashtra,GADCHIROLI,Maize,2001-02,Kharif,2000.0,Hectare,5200.0,Tonnes,2600.0,Vidarbha,2001
Maharashtra,GADCHIROLI,Maize,2001-02,Rabi,200.0,Hectare,400.0,Tonnes,2000.0,Vidarbha,2001
Maharashtra,GADCHIROLI,Maize,2002-03,Kharif,2100.0,Hectare,4300.0,Tonnes,2047.6190476190475,Vidarbha,2002
Maharashtra,GADCHIROLI,Maize,2002-03,Rabi,200.0,Hectare,200.0,Tonnes,1000.0,Vidarbha,2002
Maharashtra,GADCHIROLI,Maize,2003-04,Kharif,2400.0,Hectare,5100.0,Tonnes,2125.0,Vidarbha,2003
Maharashtra,GADCHIROLI,Maize,2003-04,Rabi,300.0,Hectare,600.0,Tonnes,2000.0,Vidarbha,2003
Maharashtra,GONDIA,Maize,2001-02,Kharif,200.0,Hectare,500.0,Tonnes,2500.0,Vidarbha,2001
Maharashtra,GONDIA,Maize,2002-03,Kharif,100.0,Hectare,200.0,Tonnes,2000.0,Vidarbha,2002
Maharashtra,GONDIA,Maize,2002-03,Summer,100.0,Hectare,100.0,Tonnes,1000.0,Vidarbha,2002
Maharashtra,GONDIA,Maize,2003-04,Kharif,200.0,Hectare,400.0,Tonnes,2000.0,Vidarbha,2003
Maharashtra,HINGOLI,Maize,2001-02,Kharif,200.0,Hectare,400.0,Tonnes,2000.0,Matathwada,2001
Maharashtra,HINGOLI,Maize,2001-02,Rabi,100.0,Hectare,200.0,Tonnes,2000.0,Matathwada,2001
Maharashtra,HINGOLI,Maize,2001-02,Summer,100.0,Hectare,100.0,Tonnes,1000.0,Matathwada,2001
Maharashtra,HINGOLI,Maize,2002-03,Kharif,600.0,Hectare,1000.0,Tonnes,1666.6666666666667,Matathwada,2002
Maharashtra,HINGOLI,Maize,2002-03,Rabi,100.0,Hectare,100.0,Tonnes,1000.0,Matathwada,2002
Maharashtra,HINGOLI,Maize,2002-03,Summer,100.0,Hectare,100.0,Tonnes,1000.0,Matathwada,2002
Maharashtra,HINGOLI,Maize,2003-04,Rabi,200.0,Hectare,300.0,Tonnes,1500.0,Matathwada,2003
Maharashtra,JALGAON,Maize,2001-02,Kharif,9400.0,Hectare,17200.0,Tonnes,1829.7872340425527,Madhya Maharashtra,2001
Maharashtra,JALGAON,Maize,2001-02,Rabi,300.0,Hectare,600.0,Tonnes,2000.0,Madhya Maharashtra,2001
Maharashtra,JALGAON,Maize,2001-02,Summer,200.0,Hectare,300.0,Tonnes,1500.0,Madhya Maharashtra,2001
Maharashtra,JALGAON,Maize,2002-03,Kharif,13600.0,Hectare,39200.0,Tonnes,2882.3529411764707,Madhya Maharashtra,2002
Maharashtra,JALGAON,Maize,2002-03,Rabi,300.0,Hectare,500.0,Tonnes,1666.6666666666667,Madhya Maharashtra,2002
Maharashtra,JALGAON,Maize,2002-03,Summer,400.0,Hectare,500.0,Tonnes,1250.0,Madhya Maharashtra,2002
Maharashtra,JALGAON,Maize,2003-04,Rabi,1100.0,Hectare,2100.0,Tonnes,1909.0909090909088,Madhya Maharashtra,2003
Maharashtra,JALNA,Maize,2001-02,Kharif,38600.0,Hectare,56800.0,Tonnes,1471.502590673575,Matathwada,2001
Maharashtra,JALNA,Maize,2001-02,Rabi,2500.0,Hectare,4600.0,Tonnes,1840.0,Matathwada,2001
Maharashtra,JALNA,Maize,2001-02,Summer,100.0,Hectare,100.0,Tonnes,1000.0,Matathwada,2001
Maharashtra,JALNA,Maize,2002-03,Kharif,54400.0,Hectare,119300.0,Tonnes,2193.0147058823527,Matathwada,2002
Maharashtra,JALNA,Maize,2002-03,Rabi,3100.0,Hectare,3500.0,Tonnes,1129.0322580645163,Matathwada,2002
Maharashtra,JALNA,Maize,2002-03,Summer,300.0,Hectare,500.0,Tonnes,1666.6666666666667,Matathwada,2002
Maharashtra,JALNA,Maize,2003-04,Kharif,57900.0,Hectare,154700.0,Tonnes,2671.8480138169257,Matathwada,2003
Maharashtra,JALNA,Maize,2003-04,Rabi,3300.0,Hectare,7200.0,Tonnes,2181.8181818181815,Matathwada,2003
Maharashtra,KOLHAPUR,Maize,2001-02,Kharif,1800.0,Hectare,3900.0,Tonnes,2166.6666666666665,Madhya Maharashtra,2001
Maharashtra,KOLHAPUR,Maize,2001-02,Rabi,4700.0,Hectare,10100.0,Tonnes,2148.9361702127662,Madhya Maharashtra,2001
Maharashtra,KOLHAPUR,Maize,2001-02,Summer,100.0,Hectare,100.0,Tonnes,1000.0,Madhya Maharashtra,2001
Maharashtra,KOLHAPUR,Maize,2002-03,Kharif,2400.0,Hectare,3300.0,Tonnes,1375.0,Madhya Maharashtra,2002
Maharashtra,KOLHAPUR,Maize,2002-03,Rabi,5300.0,Hectare,10400.0,Tonnes,1962.264150943396,Madhya Maharashtra,2002
Maharashtra,KOLHAPUR,Maize,2002-03,Summer,100.0,Hectare,200.0,Tonnes,2000.0,Madhya Maharashtra,2002
Maharashtra,KOLHAPUR,Maize,2003-04,Kharif,2400.0,Hectare,5100.0,Tonnes,2125.0,Madhya Maharashtra,2003
Maharashtra,KOLHAPUR,Maize,2003-04,Rabi,5500.0,Hectare,10500.0,Tonnes,1909.0909090909088,Madhya Maharashtra,2003
Maharashtra,LATUR,Maize,2001-02,Kharif,4700.0,Hectare,8600.0,Tonnes,1829.7872340425527,Matathwada,2001
Maharashtra,LATUR,Maize,2001-02,Rabi,800.0,Hectare,1500.0,Tonnes,1875.0,Matathwada,2001
Maharashtra,LATUR,Maize,2001-02,Summer,300.0,Hectare,400.0,Tonnes,1333.3333333333333,Matathwada,2001
Maharashtra,LATUR,Maize,2002-03,Kharif,4100.0,Hectare,2900.0,Tonnes,707.3170731707316,Matathwada,2002
Maharashtra,LATUR,Maize,2002-03,Rabi,300.0,Hectare,300.0,Tonnes,1000.0,Matathwada,2002
Maharashtra,LATUR,Maize,2002-03,Summer,200.0,Hectare,200.0,Tonnes,1000.0,Matathwada,2002
Maharashtra,LATUR,Maize,2003-04,Rabi,1000.0,Hectare,1800.0,Tonnes,1800.0,Matathwada,2003
Maharashtra,NAGPUR,Maize,2001-02,Kharif,400.0,Hectare,1000.0,Tonnes,2500.0,Vidarbha,2001
Maharashtra,NAGPUR,Maize,2002-03,Kharif,400.0,Hectare,800.0,Tonnes,2000.0,Vidarbha,2002
Maharashtra,NAGPUR,Maize,2003-04,Kharif,400.0,Hectare,900.0,Tonnes,2250.0,Vidarbha,2003
Maharashtra,NANDED,Maize,2001-02,Kharif,600.0,Hectare,1100.0,Tonnes,1833.3333333333333,Matathwada,2001
Maharashtra,NANDED,Maize,2001-02,Rabi,600.0,Hectare,1100.0,Tonnes,1833.3333333333333,Matathwada,2001
Maharashtra,NANDED,Maize,2002-03,Kharif,600.0,Hectare,400.0,Tonnes,666.6666666666666,Matathwada,2002
Maharashtra,NANDED,Maize,2002-03,Rabi,800.0,Hectare,900.0,Tonnes,1125.0,Matathwada,2002
Maharashtra,NANDED,Maize,2002-03,Summer,100.0,Hectare,100.0,Tonnes,1000.0,Matathwada,2002
Maharashtra,NANDED,Maize,2003-04,Rabi,900.0,Hectare,1700.0,Tonnes,1888.888888888889,Matathwada,2003
Maharashtra,NANDURBAR,Maize,2001-02,Kharif,17000.0,Hectare,24500.0,Tonnes,1441.1764705882354,Madhya Maharashtra,2001
Maharashtra,NANDURBAR,Maize,2002-03,Kharif,16500.0,Hectare,20700.0,Tonnes,1254.5454545454547,Madhya Maharashtra,2002
Maharashtra,NANDURBAR,Maize,2002-03,Rabi,200.0,Hectare,300.0,Tonnes,1500.0,Madhya Maharashtra,2002
Maharashtra,NANDURBAR,Maize,2002-03,Summer,100.0,Hectare,100.0,Tonnes,1000.0,Madhya Maharashtra,2002
Maharashtra,NANDURBAR,Maize,2003-04,Kharif,17400.0,Hectare,34200.0,Tonnes,1965.5172413793105,Madhya Maharashtra,2003
Maharashtra,NANDURBAR,Maize,2003-04,Rabi,800.0,Hectare,1300.0,Tonnes,1625.0,Madhya Maharashtra,2003
Maharashtra,NASHIK,Maize,2001-02,Kharif,27500.0,Hectare,62300.0,Tonnes,2265.4545454545455,Madhya Maharashtra,2001
Maharashtra,NASHIK,Maize,2001-02,Rabi,1400.0,Hectare,2600.0,Tonnes,1857.1428571428567,Madhya Maharashtra,2001
Maharashtra,NASHIK,Maize,2002-03,Kharif,32500.0,Hectare,85900.0,Tonnes,2643.0769230769233,Madhya Maharashtra,2002
Maharashtra,NASHIK,Maize,2002-03,Rabi,900.0,Hectare,1500.0,Tonnes,1666.6666666666667,Madhya Maharashtra,2002
Maharashtra,NASHIK,Maize,2002-03,Summer,100.0,Hectare,100.0,Tonnes,1000.0,Madhya Maharashtra,2002
Maharashtra,NASHIK,Maize,2003-04,Kharif,36300.0,Hectare,88500.0,Tonnes,2438.01652892562,Madhya Maharashtra,2003
Maharashtra,NASHIK,Maize,2003-04,Rabi,1100.0,Hectare,2100.0,Tonnes,1909.0909090909088,Madhya Maharashtra,2003
Maharashtra,OSMANABAD,Maize,2001-02,Kharif,9000.0,Hectare,5200.0,Tonnes,577.7777777777777,Matathwada,2001
Maharashtra,OSMANABAD,Maize,2001-02,Summer,200.0,Hectare,300.0,Tonnes,1500.0,Matathwada,2001
Maharashtra,OSMANABAD,Maize,2002-03,Kharif,10900.0,Hectare,7100.0,Tonnes,651.3761467889908,Matathwada,2002
Maharashtra,OSMANABAD,Maize,2002-03,Summer,100.0,Hectare,100.0,Tonnes,1000.0,Matathwada,2002
Maharashtra,PARBHANI,Maize,2001-02,Kharif,1300.0,Hectare,2400.0,Tonnes,1846.1538461538464,Matathwada,2001
Maharashtra,PARBHANI,Maize,2001-02,Rabi,500.0,Hectare,900.0,Tonnes,1800.0,Matathwada,2001
Maharashtra,PARBHANI,Maize,2001-02,Summer,300.0,Hectare,400.0,Tonnes,1333.3333333333333,Matathwada,2001
Maharashtra,PARBHANI,Maize,2002-03,Kharif,1300.0,Hectare,900.0,Tonnes,692.3076923076923,Matathwada,2002
Maharashtra,PARBHANI,Maize,2002-03,Rabi,600.0,Hectare,700.0,Tonnes,1166.6666666666667,Matathwada,2002
Maharashtra,PARBHANI,Maize,2002-03,Summer,200.0,Hectare,300.0,Tonnes,1500.0,Matathwada,2002
Maharashtra,PARBHANI,Maize,2003-04,Rabi,500.0,Hectare,900.0,Tonnes,1800.0,Matathwada,2003
Maharashtra,PUNE,Maize,2001-02,Kharif,5800.0,Hectare,8900.0,Tonnes,1534.4827586206895,Madhya Maharashtra,2001
Maharashtra,PUNE,Maize,2001-02,Rabi,8100.0,Hectare,14900.0,Tonnes,1839.506172839506,Madhya Maharashtra,2001
Maharashtra,PUNE,Maize,2001-02,Summer,1400.0,Hectare,2000.0,Tonnes,1428.5714285714287,Madhya Maharashtra,2001
Maharashtra,PUNE,Maize,2002-03,Kharif,5500.0,Hectare,13500.0,Tonnes,2454.5454545454545,Madhya Maharashtra,2002
Maharashtra,PUNE,Maize,2002-03,Rabi,8200.0,Hectare,12800.0,Tonnes,1560.9756097560976,Madhya Maharashtra,2002
Maharashtra,PUNE,Maize,2002-03,Summer,1200.0,Hectare,2200.0,Tonnes,1833.3333333333333,Madhya Maharashtra,2002
Maharashtra,PUNE,Maize,2003-04,Kharif,5500.0,Hectare,12400.0,Tonnes,2254.5454545454545,Madhya Maharashtra,2003
Maharashtra,PUNE,Maize,2003-04,Rabi,4900.0,Hectare,5700.0,Tonnes,1163.265306122449,Madhya Maharashtra,2003
Maharashtra,RATNAGIRI,Maize,2002-03,Rabi,100.0,Hectare,100.0,Tonnes,1000.0,Konkan & Goa,2002
Maharashtra,RATNAGIRI,Maize,2003-04,Rabi,100.0,Hectare,200.0,Tonnes,2000.0,Konkan & Goa,2003
Maharashtra,SANGLI,Maize,2001-02,Kharif,8500.0,Hectare,18200.0,Tonnes,2141.176470588235,Madhya Maharashtra,2001
Maharashtra,SANGLI,Maize,2001-02,Rabi,7500.0,Hectare,12300.0,Tonnes,1640.0,Madhya Maharashtra,2001
Maharashtra,SANGLI,Maize,2001-02,Summer,1100.0,Hectare,1500.0,Tonnes,1363.6363636363635,Madhya Maharashtra,2001
Maharashtra,SANGLI,Maize,2002-03,Kharif,9100.0,Hectare,10300.0,Tonnes,1131.8681318681317,Madhya Maharashtra,2002
Maharashtra,SANGLI,Maize,2002-03,Rabi,6900.0,Hectare,12600.0,Tonnes,1826.086956521739,Madhya Maharashtra,2002
Maharashtra,SANGLI,Maize,2002-03,Summer,1200.0,Hectare,2100.0,Tonnes,1750.0,Madhya Maharashtra,2002
Maharashtra,SANGLI,Maize,2003-04,Kharif,5900.0,Hectare,11200.0,Tonnes,1898.3050847457628,Madhya Maharashtra,2003
Maharashtra,SANGLI,Maize,2003-04,Rabi,7300.0,Hectare,19600.0,Tonnes,2684.931506849315,Madhya Maharashtra,2003
Maharashtra,SATARA,Maize,2001-02,Kharif,7000.0,Hectare,15000.0,Tonnes,2142.8571428571427,Madhya Maharashtra,2001
Maharashtra,SATARA,Maize,2001-02,Rabi,4800.0,Hectare,8800.0,Tonnes,1833.3333333333333,Madhya Maharashtra,2001
Maharashtra,SATARA,Maize,2001-02,Summer,600.0,Hectare,800.0,Tonnes,1333.3333333333333,Madhya Maharashtra,2001
Maharashtra,SATARA,Maize,2002-03,Kharif,8000.0,Hectare,12900.0,Tonnes,1612.5,Madhya Maharashtra,2002
Maharashtra,SATARA,Maize,2002-03,Rabi,4900.0,Hectare,14100.0,Tonnes,2877.551020408163,Madhya Maharashtra,2002
Maharashtra,SATARA,Maize,2002-03,Summer,400.0,Hectare,700.0,Tonnes,1750.0,Madhya Maharashtra,2002
Maharashtra,SATARA,Maize,2003-04,Kharif,7800.0,Hectare,16500.0,Tonnes,2115.3846153846152,Madhya Maharashtra,2003
Maharashtra,SATARA,Maize,2003-04,Rabi,4700.0,Hectare,7900.0,Tonnes,1680.851063829787,Madhya Maharashtra,2003
Maharashtra,SINDHUDURG,Maize,2001-02,Rabi,100.0,Hectare,200.0,Tonnes,2000.0,Konkan & Goa,2001
Maharashtra,SINDHUDURG,Maize,2002-03,Rabi,100.0,Hectare,100.0,Tonnes,1000.0,Konkan & Goa,2002
Maharashtra,SINDHUDURG,Maize,2003-04,Rabi,100.0,Hectare,200.0,Tonnes,2000.0,Konkan & Goa,2003
Maharashtra,SOLAPUR,Maize,2001-02,Rabi,14000.0,Hectare,25700.0,Tonnes,1835.7142857142856,Madhya Maharashtra,2001
Maharashtra,SOLAPUR,Maize,2001-02,Summer,1300.0,Hectare,1800.0,Tonnes,1384.6153846153845,Madhya Maharashtra,2001
Maharashtra,SOLAPUR,Maize,2002-03,Kharif,12400.0,Hectare,17400.0,Tonnes,1403.225806451613,Madhya Maharashtra,2002
Maharashtra,SOLAPUR,Maize,2002-03,Rabi,12900.0,Hectare,26800.0,Tonnes,2077.5193798449613,Madhya Maharashtra,2002
Maharashtra,SOLAPUR,Maize,2002-03,Summer,1800.0,Hectare,3200.0,Tonnes,1777.7777777777776,Madhya Maharashtra,2002
Maharashtra,THANE,Maize,2001-02,Rabi,100.0,Hectare,200.0,Tonnes,2000.0,Konkan & Goa,2001
Maharashtra,THANE,Maize,2002-03,Rabi,100.0,Hectare,100.0,Tonnes,1000.0,Konkan & Goa,2002
Maharashtra,THANE,Maize,2003-04,Rabi,100.0,Hectare,200.0,Tonnes,2000.0,Konkan & Goa,2003
Maharashtra,WARDHA,Maize,2001-02,Rabi,100.0,Hectare,200.0,Tonnes,2000.0,Vidarbha,2001
Maharashtra,WASHIM,Maize,2001-02,Kharif,100.0,Hectare,300.0,Tonnes,3000.0,Vidarbha,2001
Maharashtra,WASHIM,Maize,2002-03,Kharif,100.0,Hectare,200.0,Tonnes,2000.0,Vidarbha,2002
Maharashtra,WASHIM,Maize,2003-04,Kharif,100.0,Hectare,200.0,Tonnes,2000.0,Vidarbha,2003
Maharashtra,YAVATMAL,Maize,2001-02,Kharif,200.0,Hectare,500.0,Tonnes,2500.0,Vidarbha,2001
Maharashtra,YAVATMAL,Maize,2002-03,Kharif,200.0,Hectare,400.0,Tonnes,2000.0,Vidarbha,2002
Maharashtra,YAVATMAL,Maize,2003-04,Kharif,100.0,Hectare,200.0,Tonnes,2000.0,Vidarbha,2003
Maharashtra,AHMEDNAGAR,Maize,2004-05,Kharif,11400.0,Hectare,14000.0,Tonnes,1228.0701754385964,Madhya Maharashtra,2004
Maharashtra,AHMEDNAGAR,Maize,2004-05,Rabi,10900.0,Hectare,22100.0,Tonnes,2027.522935779817,Madhya Maharashtra,2004
Maharashtra,AHMEDNAGAR,Maize,2004-05,Summer,3100.0,Hectare,4300.0,Tonnes,1387.0967741935485,Madhya Maharashtra,2004
Maharashtra,AHMEDNAGAR,Maize,2005-06,Kharif,15400.0,Hectare,18500.0,Tonnes,1201.2987012987014,Madhya Maharashtra,2005
Maharashtra,AHMEDNAGAR,Maize,2005-06,Rabi,11700.0,Hectare,19500.0,Tonnes,1666.6666666666667,Madhya Maharashtra,2005
Maharashtra,AHMEDNAGAR,Maize,2005-06,Summer,1400.0,Hectare,2100.0,Tonnes,1500.0,Madhya Maharashtra,2005
Maharashtra,AHMEDNAGAR,Maize,2006-07,Kharif,17900.0,Hectare,42400.0,Tonnes,2368.715083798883,Madhya Maharashtra,2006
Maharashtra,AHMEDNAGAR,Maize,2006-07,Rabi,15300.0,Hectare,20000.0,Tonnes,1307.18954248366,Madhya Maharashtra,2006
Maharashtra,AHMEDNAGAR,Maize,2006-07,Summer,1200.0,Hectare,1800.0,Tonnes,1500.0,Madhya Maharashtra,2006
Maharashtra,AKOLA,Maize,2004-05,Kharif,600.0,Hectare,700.0,Tonnes,1166.6666666666667,Vidarbha,2004
Maharashtra,AKOLA,Maize,2004-05,Rabi,100.0,Hectare,100.0,Tonnes,1000.0,Vidarbha,2004
Maharashtra,AKOLA,Maize,2005-06,Kharif,1300.0,Hectare,2200.0,Tonnes,1692.3076923076924,Vidarbha,2005
Maharashtra,AKOLA,Maize,2005-06,Rabi,100.0,Hectare,200.0,Tonnes,2000.0,Vidarbha,2005
Maharashtra,AKOLA,Maize,2006-07,Kharif,2100.0,Hectare,3400.0,Tonnes,1619.047619047619,Vidarbha,2006
Maharashtra,AKOLA,Maize,2006-07,Rabi,200.0,Hectare,500.0,Tonnes,2500.0,Vidarbha,2006
Maharashtra,AMRAVATI,Maize,2004-05,Kharif,1400.0,Hectare,1700.0,Tonnes,1214.2857142857142,Vidarbha,2004
Maharashtra,AMRAVATI,Maize,2004-05,Summer,200.0,Hectare,300.0,Tonnes,1500.0,Vidarbha,2004
Maharashtra,AMRAVATI,Maize,2005-06,Kharif,1700.0,Hectare,2800.0,Tonnes,1647.0588235294117,Vidarbha,2005
Maharashtra,AMRAVATI,Maize,2005-06,Rabi,100.0,Hectare,200.0,Tonnes,2000.0,Vidarbha,2005
Maharashtra,AMRAVATI,Maize,2005-06,Summer,100.0,Hectare,100.0,Tonnes,1000.0,Vidarbha,2005
Maharashtra,AMRAVATI,Maize,2006-07,Kharif,1600.0,Hectare,2600.0,Tonnes,1625.0,Vidarbha,2006
Maharashtra,AMRAVATI,Maize,2006-07,Summer,100.0,Hectare,100.0,Tonnes,1000.0,Vidarbha,2006
Maharashtra,AURANGABAD,Maize,2004-05,Kharif,89900.0,Hectare,169300.0,Tonnes,1883.2035595105676,Matathwada,2004
Maharashtra,AURANGABAD,Maize,2004-05,Rabi,1800.0,Hectare,3100.0,Tonnes,1722.2222222222224,Matathwada,2004
Maharashtra,AURANGABAD,Maize,2004-05,Summer,100.0,Hectare,200.0,Tonnes,2000.0,Matathwada,2004
Maharashtra,AURANGABAD,Maize,2005-06,Kharif,96900.0,Hectare,260500.0,Tonnes,2688.338493292054,Matathwada,2005
Maharashtra,AURANGABAD,Maize,2005-06,Rabi,1700.0,Hectare,3300.0,Tonnes,1941.1764705882356,Matathwada,2005
Maharashtra,AURANGABAD,Maize,2005-06,Summer,300.0,Hectare,400.0,Tonnes,1333.3333333333333,Matathwada,2005
Maharashtra,AURANGABAD,Maize,2006-07,Kharif,101500.0,Hectare,281100.0,Tonnes,2769.458128078817,Matathwada,2006
Maharashtra,AURANGABAD,Maize,2006-07,Rabi,2200.0,Hectare,5200.0,Tonnes,2363.6363636363644,Matathwada,2006
Maharashtra,AURANGABAD,Maize,2006-07,Summer,700.0000000000001,Hectare,700.0000000000001,Tonnes,1000.0,Matathwada,2006
Maharashtra,BEED,Maize,2004-05,Kharif,3100.0,Hectare,2500.0,Tonnes,806.4516129032257,Matathwada,2004
Maharashtra,BEED,Maize,2004-05,Rabi,1900.0,Hectare,2500.0,Tonnes,1315.7894736842106,Matathwada,2004
Maharashtra,BEED,Maize,2004-05,Summer,300.0,Hectare,400.0,Tonnes,1333.3333333333333,Matathwada,2004
Maharashtra,BEED,Maize,2005-06,Kharif,4100.0,Hectare,4000.0,Tonnes,975.609756097561,Matathwada,2005
Maharashtra,BEED,Maize,2005-06,Summer,500.0,Hectare,400.0,Tonnes,800.0,Matathwada,2005
Maharashtra,BEED,Maize,2006-07,Kharif,4000.0,Hectare,6300.0,Tonnes,1575.0,Matathwada,2006
Maharashtra,BEED,Maize,2006-07,Rabi,2700.0,Hectare,7700.0,Tonnes,2851.851851851852,Matathwada,2006
Maharashtra,BEED,Maize,2006-07,Summer,1000.0,Hectare,700.0000000000001,Tonnes,700.0,Matathwada,2006
Maharashtra,BHANDARA,Maize,2004-05,Kharif,100.0,Hectare,100.0,Tonnes,1000.0,Vidarbha,2004
Maharashtra,BHANDARA,Maize,2005-06,Kharif,100.0,Hectare,200.0,Tonnes,2000.0,Vidarbha,2005
Maharashtra,BHANDARA,Maize,2006-07,Kharif,100.0,Hectare,200.0,Tonnes,2000.0,Vidarbha,2006
Maharashtra,BULDHANA,Maize,2004-05,Kharif,33900.0,Hectare,41500.0,Tonnes,1224.188790560472,Vidarbha,2004
Maharashtra,BULDHANA,Maize,2004-05,Rabi,900.0,Hectare,1200.0,Tonnes,1333.3333333333333,Vidarbha,2004
Maharashtra,BULDHANA,Maize,2004-05,Summer,100.0,Hectare,200.0,Tonnes,2000.0,Vidarbha,2004
Maharashtra,BULDHANA,Maize,2005-06,Kharif,32200.0,Hectare,53300.0,Tonnes,1655.27950310559,Vidarbha,2005
Maharashtra,BULDHANA,Maize,2005-06,Rabi,1600.0,Hectare,3400.0,Tonnes,2125.0,Vidarbha,2005
Maharashtra,BULDHANA,Maize,2005-06,Summer,100.0,Hectare,100.0,Tonnes,1000.0,Vidarbha,2005
Maharashtra,BULDHANA,Maize,2006-07,Kharif,39700.0,Hectare,65100.0,Tonnes,1639.7984886649876,Vidarbha,2006
Maharashtra,BULDHANA,Maize,2006-07,Rabi,2200.0,Hectare,5300.0,Tonnes,2409.090909090909,Vidarbha,2006
Maharashtra,BULDHANA,Maize,2006-07,Summer,1700.0,Hectare,2500.0,Tonnes,1470.5882352941178,Vidarbha,2006
Maharashtra,DHULE,Maize,2004-05,Kharif,8900.0,Hectare,21100.0,Tonnes,2370.7865168539324,Madhya Maharashtra,2004
Maharashtra,DHULE,Maize,2004-05,Rabi,700.0,Hectare,2200.0,Tonnes,3142.8571428571427,Madhya Maharashtra,2004
Maharashtra,DHULE,Maize,2004-05,Summer,100.0,Hectare,100.0,Tonnes,1000.0,Madhya Maharashtra,2004
Maharashtra,DHULE,Maize,2005-06,Kharif,15000.0,Hectare,23300.0,Tonnes,1553.3333333333333,Madhya Maharashtra,2005
Maharashtra,DHULE,Maize,2005-06,Rabi,800.0,Hectare,2300.0,Tonnes,2875.0,Madhya Maharashtra,2005
Maharashtra,DHULE,Maize,2006-07,Kharif,20500.0,Hectare,39300.0,Tonnes,1917.073170731708,Madhya Maharashtra,2006
Maharashtra,DHULE,Maize,2006-07,Rabi,600.0,Hectare,1200.0,Tonnes,2000.0,Madhya Maharashtra,2006
Maharashtra,DHULE,Maize,2006-07,Summer,500.0,Hectare,500.0,Tonnes,1000.0,Madhya Maharashtra,2006
Maharashtra,GADCHIROLI,Maize,2004-05,Kharif,2300.0,Hectare,2800.0,Tonnes,1217.3913043478262,Vidarbha,2004
Maharashtra,GADCHIROLI,Maize,2004-05,Rabi,200.0,Hectare,300.0,Tonnes,1500.0,Vidarbha,2004
Maharashtra,GADCHIROLI,Maize,2005-06,Kharif,2200.0,Hectare,3600.0,Tonnes,1636.3636363636365,Vidarbha,2005
Maharashtra,GADCHIROLI,Maize,2005-06,Rabi,300.0,Hectare,600.0,Tonnes,2000.0,Vidarbha,2005
Maharashtra,GADCHIROLI,Maize,2006-07,Kharif,2200.0,Hectare,3600.0,Tonnes,1636.3636363636365,Vidarbha,2006
Maharashtra,GADCHIROLI,Maize,2006-07,Rabi,400.0,Hectare,1000.0,Tonnes,2500.0,Vidarbha,2006
Maharashtra,GONDIA,Maize,2004-05,Kharif,200.0,Hectare,200.0,Tonnes,1000.0,Vidarbha,2004
Maharashtra,GONDIA,Maize,2005-06,Kharif,100.0,Hectare,200.0,Tonnes,2000.0,Vidarbha,2005
Maharashtra,GONDIA,Maize,2006-07,Kharif,100.0,Hectare,200.0,Tonnes,2000.0,Vidarbha,2006
Maharashtra,HINGOLI,Maize,2004-05,Kharif,500.0,Hectare,500.0,Tonnes,1000.0,Matathwada,2004
Maharashtra,HINGOLI,Maize,2004-05,Summer,100.0,Hectare,100.0,Tonnes,1000.0,Matathwada,2004
Maharashtra,HINGOLI,Maize,2005-06,Kharif,500.0,Hectare,400.0,Tonnes,800.0,Matathwada,2005
Maharashtra,HINGOLI,Maize,2005-06,Rabi,300.0,Hectare,600.0,Tonnes,2000.0,Matathwada,2005
Maharashtra,HINGOLI,Maize,2005-06,Summer,100.0,Hectare,100.0,Tonnes,1000.0,Matathwada,2005
Maharashtra,HINGOLI,Maize,2006-07,Kharif,500.0,Hectare,500.0,Tonnes,1000.0,Matathwada,2006
Maharashtra,HINGOLI,Maize,2006-07,Rabi,300.0,Hectare,700.0000000000001,Tonnes,2333.333333333334,Matathwada,2006
Maharashtra,HINGOLI,Maize,2006-07,Summer,700.0000000000001,Hectare,900.0,Tonnes,1285.7142857142856,Matathwada,2006
Maharashtra,JALGAON,Maize,2004-05,Kharif,19500.0,Hectare,40200.0,Tonnes,2061.5384615384614,Madhya Maharashtra,2004
Maharashtra,JALGAON,Maize,2004-05,Rabi,1200.0,Hectare,2700.0,Tonnes,2250.0,Madhya Maharashtra,2004
Maharashtra,JALGAON,Maize,2004-05,Summer,600.0,Hectare,1100.0,Tonnes,1833.3333333333333,Madhya Maharashtra,2004
Maharashtra,JALGAON,Maize,2005-06,Rabi,1800.0,Hectare,4300.0,Tonnes,2388.8888888888887,Madhya Maharashtra,2005
Maharashtra,JALGAON,Maize,2005-06,Summer,400.0,Hectare,600.0,Tonnes,1500.0,Madhya Maharashtra,2005
Maharashtra,JALGAON,Maize,2006-07,Kharif,39300.0,Hectare,122200.0,Tonnes,3109.41475826972,Madhya Maharashtra,2006
Maharashtra,JALGAON,Maize,2006-07,Rabi,4400.0,Hectare,8000.0,Tonnes,1818.1818181818178,Madhya Maharashtra,2006
Maharashtra,JALGAON,Maize,2006-07,Summer,2400.0,Hectare,3800.0,Tonnes,1583.3333333333333,Madhya Maharashtra,2006
Maharashtra,JALNA,Maize,2004-05,Kharif,57300.0,Hectare,105700.0,Tonnes,1844.6771378708552,Matathwada,2004
Maharashtra,JALNA,Maize,2004-05,Rabi,3600.0,Hectare,4000.0,Tonnes,1111.111111111111,Matathwada,2004
Maharashtra,JALNA,Maize,2005-06,Kharif,55600.0,Hectare,123400.0,Tonnes,2219.424460431654,Matathwada,2005
Maharashtra,JALNA,Maize,2005-06,Rabi,3300.0,Hectare,5100.0,Tonnes,1545.4545454545455,Matathwada,2005
Maharashtra,JALNA,Maize,2006-07,Kharif,63900.0,Hectare,139700.0,Tonnes,2186.2284820031296,Matathwada,2006
Maharashtra,JALNA,Maize,2006-07,Rabi,3400.0,Hectare,7100.0,Tonnes,2088.2352941176473,Matathwada,2006
Maharashtra,KOLHAPUR,Maize,2004-05,Kharif,2500.0,Hectare,5900.0,Tonnes,2360.0,Madhya Maharashtra,2004
Maharashtra,KOLHAPUR,Maize,2004-05,Rabi,6100.0,Hectare,17300.0,Tonnes,2836.065573770492,Madhya Maharashtra,2004
Maharashtra,KOLHAPUR,Maize,2004-05,Summer,700.0,Hectare,1300.0,Tonnes,1857.1428571428567,Madhya Maharashtra,2004
Maharashtra,KOLHAPUR,Maize,2005-06,Kharif,2900.0,Hectare,5700.0,Tonnes,1965.5172413793105,Madhya Maharashtra,2005
Maharashtra,KOLHAPUR,Maize,2005-06,Rabi,5700.0,Hectare,11300.0,Tonnes,1982.4561403508767,Madhya Maharashtra,2005
Maharashtra,KOLHAPUR,Maize,2005-06,Summer,100.0,Hectare,200.0,Tonnes,2000.0,Madhya Maharashtra,2005
Maharashtra,KOLHAPUR,Maize,2006-07,Kharif,3000.0,Hectare,1800.0,Tonnes,600.0,Madhya Maharashtra,2006
Maharashtra,KOLHAPUR,Maize,2006-07,Rabi,6200.0,Hectare,13800.0,Tonnes,2225.806451612903,Madhya Maharashtra,2006
Maharashtra,KOLHAPUR,Maize,2006-07,Summer,2200.0,Hectare,4500.0,Tonnes,2045.4545454545455,Madhya Maharashtra,2006
Maharashtra,LATUR,Maize,2004-05,Kharif,4000.0,Hectare,3800.0,Tonnes,950.0,Matathwada,2004
Maharashtra,LATUR,Maize,2004-05,Rabi,1300.0,Hectare,1800.0,Tonnes,1384.6153846153845,Matathwada,2004
Maharashtra,LATUR,Maize,2004-05,Summer,400.0,Hectare,400.0,Tonnes,1000.0,Matathwada,2004
Maharashtra,LATUR,Maize,2005-06,Kharif,3500.0,Hectare,2700.0,Tonnes,771.4285714285714,Matathwada,2005
Maharashtra,LATUR,Maize,2005-06,Rabi,700.0,Hectare,1500.0,Tonnes,2142.8571428571427,Matathwada,2005
Maharashtra,LATUR,Maize,2005-06,Summer,300.0,Hectare,400.0,Tonnes,1333.3333333333333,Matathwada,2005
Maharashtra,LATUR,Maize,2006-07,Kharif,3800.0,Hectare,3600.0,Tonnes,947.3684210526317,Matathwada,2006
Maharashtra,LATUR,Maize,2006-07,Rabi,700.0000000000001,Hectare,1700.0,Tonnes,2428.5714285714284,Matathwada,2006
Maharashtra,LATUR,Maize,2006-07,Summer,400.0,Hectare,500.0,Tonnes,1250.0,Matathwada,2006
Maharashtra,NAGPUR,Maize,2004-05,Kharif,400.0,Hectare,500.0,Tonnes,1250.0,Vidarbha,2004
Maharashtra,NAGPUR,Maize,2005-06,Kharif,400.0,Hectare,700.0,Tonnes,1750.0,Vidarbha,2005
Maharashtra,NAGPUR,Maize,2006-07,Kharif,400.0,Hectare,700.0000000000001,Tonnes,1750.0000000000002,Vidarbha,2006
Maharashtra,NANDED,Maize,2004-05,Kharif,700.0,Hectare,700.0,Tonnes,1000.0,Matathwada,2004
Maharashtra,NANDED,Maize,2004-05,Rabi,700.0,Hectare,1000.0,Tonnes,1428.5714285714287,Matathwada,2004
Maharashtra,NANDED,Maize,2004-05,Summer,100.0,Hectare,100.0,Tonnes,1000.0,Matathwada,2004
Maharashtra,NANDED,Maize,2005-06,Kharif,600.0,Hectare,500.0,Tonnes,833.3333333333334,Matathwada,2005
Maharashtra,NANDED,Maize,2005-06,Rabi,700.0,Hectare,1500.0,Tonnes,2142.8571428571427,Matathwada,2005
Maharashtra,NANDED,Maize,2005-06,Summer,100.0,Hectare,100.0,Tonnes,1000.0,Matathwada,2005
Maharashtra,NANDED,Maize,2006-07,Kharif,300.0,Hectare,300.0,Tonnes,1000.0,Matathwada,2006
Maharashtra,NANDED,Maize,2006-07,Rabi,800.0,Hectare,1900.0,Tonnes,2375.0,Matathwada,2006
Maharashtra,NANDED,Maize,2006-07,Summer,100.0,Hectare,100.0,Tonnes,1000.0,Matathwada,2006
Maharashtra,NANDURBAR,Maize,2004-05,Kharif,19900.0,Hectare,27900.0,Tonnes,1402.0100502512562,Madhya Maharashtra,2004
Maharashtra,NANDURBAR,Maize,2004-05,Rabi,300.0,Hectare,700.0,Tonnes,2333.333333333333,Madhya Maharashtra,2004
Maharashtra,NANDURBAR,Maize,2004-05,Summer,100.0,Hectare,100.0,Tonnes,1000.0,Madhya Maharashtra,2004
Maharashtra,NANDURBAR,Maize,2005-06,Kharif,22300.0,Hectare,44600.0,Tonnes,2000.0,Madhya Maharashtra,2005
Maharashtra,NANDURBAR,Maize,2005-06,Rabi,300.0,Hectare,700.0,Tonnes,2333.333333333333,Madhya Maharashtra,2005
Maharashtra,NANDURBAR,Maize,2005-06,Summer,100.0,Hectare,100.0,Tonnes,1000.0,Madhya Maharashtra,2005
Maharashtra,NANDURBAR,Maize,2006-07,Kharif,24600.0,Hectare,30300.0,Tonnes,1231.7073170731708,Madhya Maharashtra,2006
Maharashtra,NANDURBAR,Maize,2006-07,Rabi,500.0,Hectare,900.0,Tonnes,1800.0,Madhya Maharashtra,2006
Maharashtra,NANDURBAR,Maize,2006-07,Summer,400.0,Hectare,500.0,Tonnes,1250.0,Madhya Maharashtra,2006
Maharashtra,NASHIK,Maize,2004-05,Kharif,39200.0,Hectare,85700.0,Tonnes,2186.224489795918,Madhya Maharashtra,2004
Maharashtra,NASHIK,Maize,2004-05,Rabi,900.0,Hectare,1400.0,Tonnes,1555.5555555555557,Madhya Maharashtra,2004
Maharashtra,NASHIK,Maize,2004-05,Summer,200.0,Hectare,400.0,Tonnes,2000.0,Madhya Maharashtra,2004
Maharashtra,NASHIK,Maize,2005-06,Kharif,53000.0,Hectare,107300.0,Tonnes,2024.528301886793,Madhya Maharashtra,2005
Maharashtra,NASHIK,Maize,2005-06,Rabi,1800.0,Hectare,4000.0,Tonnes,2222.222222222222,Madhya Maharashtra,2005
Maharashtra,NASHIK,Maize,2005-06,Summer,100.0,Hectare,100.0,Tonnes,1000.0,Madhya Maharashtra,2005
Maharashtra,NASHIK,Maize,2006-07,Kharif,88300.0,Hectare,141900.0,Tonnes,1607.0215175537942,Madhya Maharashtra,2006
Maharashtra,NASHIK,Maize,2006-07,Rabi,2200.0,Hectare,3900.0,Tonnes,1772.7272727272727,Madhya Maharashtra,2006
Maharashtra,NASHIK,Maize,2006-07,Summer,800.0,Hectare,1100.0,Tonnes,1375.0,Madhya Maharashtra,2006
Maharashtra,OSMANABAD,Maize,2004-05,Kharif,12100.0,Hectare,9600.0,Tonnes,793.3884297520661,Matathwada,2004
Maharashtra,OSMANABAD,Maize,2004-05,Rabi,900.0,Hectare,1200.0,Tonnes,1333.3333333333333,Matathwada,2004
Maharashtra,OSMANABAD,Maize,2004-05,Summer,500.0,Hectare,500.0,Tonnes,1000.0,Matathwada,2004
Maharashtra,OSMANABAD,Maize,2005-06,Kharif,10900.0,Hectare,8300.0,Tonnes,761.4678899082569,Matathwada,2005
Maharashtra,OSMANABAD,Maize,2005-06,Rabi,1000.0,Hectare,2100.0,Tonnes,2100.0,Matathwada,2005
Maharashtra,OSMANABAD,Maize,2005-06,Summer,200.0,Hectare,200.0,Tonnes,1000.0,Matathwada,2005
Maharashtra,OSMANABAD,Maize,2006-07,Kharif,12500.0,Hectare,12000.0,Tonnes,960.0,Matathwada,2006
Maharashtra,OSMANABAD,Maize,2006-07,Rabi,1000.0,Hectare,2400.0,Tonnes,2400.0,Matathwada,2006
Maharashtra,OSMANABAD,Maize,2006-07,Summer,1600.0,Hectare,1000.0,Tonnes,625.0,Matathwada,2006
Maharashtra,PARBHANI,Maize,2004-05,Kharif,1700.0,Hectare,1600.0,Tonnes,941.1764705882351,Matathwada,2004
Maharashtra,PARBHANI,Maize,2004-05,Rabi,600.0,Hectare,800.0,Tonnes,1333.3333333333333,Matathwada,2004
Maharashtra,PARBHANI,Maize,2005-06,Kharif,1200.0,Hectare,900.0,Tonnes,750.0,Matathwada,2005
Maharashtra,PARBHANI,Maize,2005-06,Rabi,500.0,Hectare,1100.0,Tonnes,2200.0,Matathwada,2005
Maharashtra,PARBHANI,Maize,2005-06,Summer,300.0,Hectare,300.0,Tonnes,1000.0,Matathwada,2005
Maharashtra,PARBHANI,Maize,2006-07,Kharif,1700.0,Hectare,1600.0,Tonnes,941.1764705882351,Matathwada,2006
Maharashtra,PARBHANI,Maize,2006-07,Rabi,800.0,Hectare,1900.0,Tonnes,2375.0,Matathwada,2006
Maharashtra,PARBHANI,Maize,2006-07,Summer,300.0,Hectare,200.0,Tonnes,666.6666666666666,Matathwada,2006
Maharashtra,PUNE,Maize,2004-05,Kharif,7000.0,Hectare,13600.0,Tonnes,1942.857142857143,Madhya Maharashtra,2004
Maharashtra,PUNE,Maize,2004-05,Rabi,6200.0,Hectare,16600.0,Tonnes,2677.4193548387093,Madhya Maharashtra,2004
Maharashtra,PUNE,Maize,2004-05,Summer,2100.0,Hectare,3500.0,Tonnes,1666.6666666666667,Madhya Maharashtra,2004
Maharashtra,PUNE,Maize,2005-06,Kharif,7900.0,Hectare,17500.0,Tonnes,2215.189873417721,Madhya Maharashtra,2005
Maharashtra,PUNE,Maize,2005-06,Rabi,7300.0,Hectare,16800.0,Tonnes,2301.3698630136987,Madhya Maharashtra,2005
Maharashtra,PUNE,Maize,2005-06,Summer,1300.0,Hectare,2200.0,Tonnes,1692.3076923076924,Madhya Maharashtra,2005
Maharashtra,PUNE,Maize,2006-07,Kharif,8500.0,Hectare,19600.0,Tonnes,2305.882352941176,Madhya Maharashtra,2006
Maharashtra,PUNE,Maize,2006-07,Rabi,8300.0,Hectare,20400.0,Tonnes,2457.8313253012047,Madhya Maharashtra,2006
Maharashtra,PUNE,Maize,2006-07,Summer,1500.0,Hectare,2500.0,Tonnes,1666.6666666666667,Madhya Maharashtra,2006
Maharashtra,RAIGAD,Maize,2005-06,Rabi,100.0,Hectare,200.0,Tonnes,2000.0,Konkan & Goa,2005
Maharashtra,RAIGAD,Maize,2006-07,Rabi,100.0,Hectare,200.0,Tonnes,2000.0,Konkan & Goa,2006
Maharashtra,RATNAGIRI,Maize,2004-05,Rabi,100.0,Hectare,100.0,Tonnes,1000.0,Konkan & Goa,2004
Maharashtra,RATNAGIRI,Maize,2005-06,Rabi,100.0,Hectare,200.0,Tonnes,2000.0,Konkan & Goa,2005
Maharashtra,RATNAGIRI,Maize,2006-07,Rabi,100.0,Hectare,200.0,Tonnes,2000.0,Konkan & Goa,2006
Maharashtra,SANGLI,Maize,2004-05,Kharif,13400.0,Hectare,29200.0,Tonnes,2179.10447761194,Madhya Maharashtra,2004
Maharashtra,SANGLI,Maize,2004-05,Rabi,8500.0,Hectare,15900.0,Tonnes,1870.5882352941176,Madhya Maharashtra,2004
Maharashtra,SANGLI,Maize,2004-05,Summer,1800.0,Hectare,2700.0,Tonnes,1500.0,Madhya Maharashtra,2004
Maharashtra,SANGLI,Maize,2005-06,Kharif,14400.0,Hectare,37600.0,Tonnes,2611.1111111111113,Madhya Maharashtra,2005
Maharashtra,SANGLI,Maize,2005-06,Rabi,6700.0,Hectare,13100.0,Tonnes,1955.223880597015,Madhya Maharashtra,2005
Maharashtra,SANGLI,Maize,2005-06,Summer,1300.0,Hectare,2100.0,Tonnes,1615.3846153846155,Madhya Maharashtra,2005
Maharashtra,SANGLI,Maize,2006-07,Kharif,16100.0,Hectare,9500.0,Tonnes,590.0621118012423,Madhya Maharashtra,2006
Maharashtra,SANGLI,Maize,2006-07,Rabi,9100.0,Hectare,21000.0,Tonnes,2307.6923076923076,Madhya Maharashtra,2006
Maharashtra,SANGLI,Maize,2006-07,Summer,800.0,Hectare,1200.0,Tonnes,1500.0,Madhya Maharashtra,2006
Maharashtra,SATARA,Maize,2004-05,Kharif,9900.0,Hectare,13400.0,Tonnes,1353.5353535353536,Madhya Maharashtra,2004
Maharashtra,SATARA,Maize,2004-05,Rabi,4900.0,Hectare,13900.0,Tonnes,2836.734693877551,Madhya Maharashtra,2004
Maharashtra,SATARA,Maize,2004-05,Summer,1300.0,Hectare,2200.0,Tonnes,1692.3076923076924,Madhya Maharashtra,2004
Maharashtra,SATARA,Maize,2005-06,Kharif,7600.0,Hectare,5600.0,Tonnes,736.8421052631578,Madhya Maharashtra,2005
Maharashtra,SATARA,Maize,2005-06,Rabi,5400.0,Hectare,13400.0,Tonnes,2481.4814814814813,Madhya Maharashtra,2005
Maharashtra,SATARA,Maize,2005-06,Summer,500.0,Hectare,800.0,Tonnes,1600.0,Madhya Maharashtra,2005
Maharashtra,SATARA,Maize,2006-07,Kharif,8000.0,Hectare,5100.0,Tonnes,637.5,Madhya Maharashtra,2006
Maharashtra,SATARA,Maize,2006-07,Rabi,6900.0,Hectare,19100.0,Tonnes,2768.1159420289855,Madhya Maharashtra,2006
Maharashtra,SATARA,Maize,2006-07,Summer,600.0,Hectare,1000.0,Tonnes,1666.6666666666667,Madhya Maharashtra,2006
Maharashtra,SINDHUDURG,Maize,2004-05,Rabi,100.0,Hectare,100.0,Tonnes,1000.0,Konkan & Goa,2004
Maharashtra,SINDHUDURG,Maize,2005-06,Rabi,100.0,Hectare,200.0,Tonnes,2000.0,Konkan & Goa,2005
Maharashtra,SINDHUDURG,Maize,2006-07,Rabi,100.0,Hectare,200.0,Tonnes,2000.0,Konkan & Goa,2006
Maharashtra,SOLAPUR,Maize,2004-05,Kharif,13100.0,Hectare,14500.0,Tonnes,1106.8702290076335,Madhya Maharashtra,2004
Maharashtra,SOLAPUR,Maize,2004-05,Rabi,13000.0,Hectare,21400.0,Tonnes,1646.1538461538462,Madhya Maharashtra,2004
Maharashtra,SOLAPUR,Maize,2004-05,Summer,1600.0,Hectare,2500.0,Tonnes,1562.5,Madhya Maharashtra,2004
Maharashtra,SOLAPUR,Maize,2005-06,Kharif,12000.0,Hectare,15200.0,Tonnes,1266.6666666666665,Madhya Maharashtra,2005
Maharashtra,SOLAPUR,Maize,2005-06,Rabi,16500.0,Hectare,32600.0,Tonnes,1975.757575757576,Madhya Maharashtra,2005
Maharashtra,SOLAPUR,Maize,2005-06,Summer,1900.0,Hectare,3200.0,Tonnes,1684.2105263157894,Madhya Maharashtra,2005
Maharashtra,SOLAPUR,Maize,2006-07,Kharif,13800.0,Hectare,13700.0,Tonnes,992.7536231884058,Madhya Maharashtra,2006
Maharashtra,SOLAPUR,Maize,2006-07,Rabi,17400.0,Hectare,32400.0,Tonnes,1862.0689655172412,Madhya Maharashtra,2006
Maharashtra,SOLAPUR,Maize,2006-07,Summer,700.0000000000001,Hectare,1100.0,Tonnes,1571.428571428571,Madhya Maharashtra,2006
Maharashtra,THANE,Maize,2004-05,Rabi,100.0,Hectare,100.0,Tonnes,1000.0,Konkan & Goa,2004
Maharashtra,THANE,Maize,2005-06,Rabi,100.0,Hectare,200.0,Tonnes,2000.0,Konkan & Goa,2005
Maharashtra,THANE,Maize,2006-07,Rabi,100.0,Hectare,200.0,Tonnes,2000.0,Konkan & Goa,2006
Maharashtra,WARDHA,Maize,2006-07,Kharif,100.0,Hectare,200.0,Tonnes,2000.0,Vidarbha,2006
Maharashtra,WASHIM,Maize,2004-05,Kharif,100.0,Hectare,100.0,Tonnes,1000.0,Vidarbha,2004
Maharashtra,WASHIM,Maize,2005-06,Kharif,100.0,Hectare,200.0,Tonnes,2000.0,Vidarbha,2005
Maharashtra,WASHIM,Maize,2006-07,Kharif,100.0,Hectare,200.0,Tonnes,2000.0,Vidarbha,2006
Maharashtra,YAVATMAL,Maize,2004-05,Kharif,100.0,Hectare,100.0,Tonnes,1000.0,Vidarbha,2004
Maharashtra,YAVATMAL,Maize,2005-06,Kharif,100.0,Hectare,200.0,Tonnes,2000.0,Vidarbha,2005
Maharashtra,YAVATMAL,Maize,2006-07,Kharif,400.0,Hectare,700.0000000000001,Tonnes,1750.0000000000002,Vidarbha,2006
Maharashtra,AHMEDNAGAR,Maize,2007-08,Kharif,23600.0,Hectare,73500.0,Tonnes,3114.406779661017,Madhya Maharashtra,2007
Maharashtra,AHMEDNAGAR,Maize,2007-08,Rabi,12500.0,Hectare,27400.0,Tonnes,2192.0,Madhya Maharashtra,2007
Maharashtra,AHMEDNAGAR,Maize,2007-08,Summer,1100.0,Hectare,1600.0,Tonnes,1454.5454545454545,Madhya Maharashtra,2007
Maharashtra,AHMEDNAGAR,Maize,2008-09,Kharif,22100.0,Hectare,69500.0,Tonnes,3144.7963800904977,Madhya Maharashtra,2008
Maharashtra,AHMEDNAGAR,Maize,2008-09,Rabi,10200.0,Hectare,28000.0,Tonnes,2745.098039215686,Madhya Maharashtra,2008
Maharashtra,AHMEDNAGAR,Maize,2008-09,Summer,1800.0,Hectare,2700.0,Tonnes,1500.0,Madhya Maharashtra,2008
Maharashtra,AHMEDNAGAR,Maize,2009-10,Kharif,38500.0,Hectare,110300.0,Tonnes,2864.935064935065,Madhya Maharashtra,2009
Maharashtra,AHMEDNAGAR,Maize,2009-10,Rabi,11600.0,Hectare,26000.0,Tonnes,2241.3793103448274,Madhya Maharashtra,2009
Maharashtra,AHMEDNAGAR,Maize,2009-10,Summer,3500.0,Hectare,5100.0,Tonnes,1457.142857142857,Madhya Maharashtra,2009
Maharashtra,AKOLA,Maize,2007-08,Rabi,300.0,Hectare,800.0,Tonnes,2666.6666666666665,Vidarbha,2007
Maharashtra,AKOLA,Maize,2007-08,Summer,100.0,Hectare,100.0,Tonnes,1000.0,Vidarbha,2007
Maharashtra,AKOLA,Maize,2008-09,Kharif,2100.0,Hectare,6400.0,Tonnes,3047.6190476190473,Vidarbha,2008
Maharashtra,AKOLA,Maize,2008-09,Rabi,300.0,Hectare,500.0,Tonnes,1666.6666666666667,Vidarbha,2008
Maharashtra,AKOLA,Maize,2009-10,Kharif,1400.0,Hectare,3100.0,Tonnes,2214.285714285714,Vidarbha,2009
Maharashtra,AMRAVATI,Maize,2007-08,Summer,100.0,Hectare,100.0,Tonnes,1000.0,Vidarbha,2007
Maharashtra,AMRAVATI,Maize,2008-09,Kharif,1500.0,Hectare,4500.0,Tonnes,3000.0,Vidarbha,2008
Maharashtra,AMRAVATI,Maize,2008-09,Summer,100.0,Hectare,100.0,Tonnes,1000.0,Vidarbha,2008
Maharashtra,AMRAVATI,Maize,2009-10,Kharif,1400.0,Hectare,3100.0,Tonnes,2214.285714285714,Vidarbha,2009
Maharashtra,AURANGABAD,Maize,2007-08,Kharif,108000.0,Hectare,303500.0,Tonnes,2810.185185185185,Matathwada,2007
Maharashtra,AURANGABAD,Maize,2007-08,Rabi,1500.0,Hectare,4700.0,Tonnes,3133.3333333333335,Matathwada,2007
Maharashtra,AURANGABAD,Maize,2007-08,Summer,200.0,Hectare,300.0,Tonnes,1500.0,Matathwada,2007
Maharashtra,AURANGABAD,Maize,2008-09,Kharif,113000.0,Hectare,311300.0,Tonnes,2754.8672566371683,Matathwada,2008
Maharashtra,AURANGABAD,Maize,2008-09,Rabi,1000.0,Hectare,3100.0,Tonnes,3100.0,Matathwada,2008
Maharashtra,AURANGABAD,Maize,2008-09,Summer,200.0,Hectare,300.0,Tonnes,1500.0,Matathwada,2008
Maharashtra,AURANGABAD,Maize,2009-10,Kharif,124800.0,Hectare,332000.0,Tonnes,2660.25641025641,Matathwada,2009
Maharashtra,AURANGABAD,Maize,2009-10,Rabi,1300.0,Hectare,3600.0,Tonnes,2769.230769230769,Matathwada,2009
Maharashtra,AURANGABAD,Maize,2009-10,Summer,400.0,Hectare,500.0,Tonnes,1250.0,Matathwada,2009
Maharashtra,BEED,Maize,2007-08,Kharif,3900.0,Hectare,4400.0,Tonnes,1128.2051282051282,Matathwada,2007
Maharashtra,BEED,Maize,2007-08,Rabi,3700.0,Hectare,6700.0,Tonnes,1810.8108108108108,Matathwada,2007
Maharashtra,BEED,Maize,2007-08,Summer,600.0,Hectare,900.0,Tonnes,1500.0,Matathwada,2007
Maharashtra,BEED,Maize,2008-09,Kharif,8300.0,Hectare,8800.0,Tonnes,1060.2409638554218,Matathwada,2008
Maharashtra,BEED,Maize,2008-09,Rabi,2600.0,Hectare,3200.0,Tonnes,1230.769230769231,Matathwada,2008
Maharashtra,BEED,Maize,2008-09,Summer,300.0,Hectare,400.0,Tonnes,1333.3333333333333,Matathwada,2008
Maharashtra,BEED,Maize,2009-10,Kharif,7300.0,Hectare,6400.0,Tonnes,876.7123287671233,Matathwada,2009
Maharashtra,BEED,Maize,2009-10,Rabi,4300.0,Hectare,4500.0,Tonnes,1046.5116279069769,Matathwada,2009
Maharashtra,BEED,Maize,2009-10,Summer,500.0,Hectare,500.0,Tonnes,1000.0,Matathwada,2009
Maharashtra,BHANDARA,Maize,2007-08,Kharif,100.0,Hectare,300.0,Tonnes,3000.0,Vidarbha,2007
Maharashtra,BULDHANA,Maize,2007-08,Rabi,2700.0,Hectare,7300.0,Tonnes,2703.7037037037044,Vidarbha,2007
Maharashtra,BULDHANA,Maize,2007-08,Summer,400.0,Hectare,600.0,Tonnes,1500.0,Vidarbha,2007
Maharashtra,BULDHANA,Maize,2008-09,Kharif,54900.0,Hectare,166100.0,Tonnes,3025.500910746812,Vidarbha,2008
Maharashtra,BULDHANA,Maize,2008-09,Rabi,1400.0,Hectare,2600.0,Tonnes,1857.1428571428567,Vidarbha,2008
Maharashtra,BULDHANA,Maize,2008-09,Summer,100.0,Hectare,100.0,Tonnes,1000.0,Vidarbha,2008
Maharashtra,BULDHANA,Maize,2009-10,Kharif,83200.0,Hectare,184800.0,Tonnes,2221.153846153846,Vidarbha,2009
Maharashtra,CHANDRAPUR,Maize,2009-10,Kharif,100.0,Hectare,200.0,Tonnes,2000.0,Vidarbha,2009
Maharashtra,CHANDRAPUR,Maize,2009-10,Summer,100.0,Hectare,100.0,Tonnes,1000.0,Vidarbha,2009
Maharashtra,DHULE,Maize,2007-08,Kharif,34700.0,Hectare,86500.0,Tonnes,2492.7953890489916,Madhya Maharashtra,2007
Maharashtra,DHULE,Maize,2007-08,Rabi,800.0,Hectare,2500.0,Tonnes,3125.0,Madhya Maharashtra,2007
Maharashtra,DHULE,Maize,2007-08,Summer,400.0,Hectare,500.0,Tonnes,1250.0,Madhya Maharashtra,2007
Maharashtra,DHULE,Maize,2008-09,Kharif,32300.0,Hectare,43700.0,Tonnes,1352.9411764705883,Madhya Maharashtra,2008
Maharashtra,DHULE,Maize,2008-09,Rabi,900.0,Hectare,2800.0,Tonnes,3111.1111111111113,Madhya Maharashtra,2008
Maharashtra,DHULE,Maize,2008-09,Summer,100.0,Hectare,100.0,Tonnes,1000.0,Madhya Maharashtra,2008
Maharashtra,DHULE,Maize,2009-10,Kharif,37900.0,Hectare,85300.0,Tonnes,2250.6596306068604,Madhya Maharashtra,2009
Maharashtra,DHULE,Maize,2009-10,Rabi,2100.0,Hectare,6500.0,Tonnes,3095.238095238096,Madhya Maharashtra,2009
Maharashtra,DHULE,Maize,2009-10,Summer,700.0,Hectare,800.0,Tonnes,1142.857142857143,Madhya Maharashtra,2009
Maharashtra,GADCHIROLI,Maize,2007-08,Kharif,2300.0,Hectare,7100.0,Tonnes,3086.9565217391305,Vidarbha,2007
Maharashtra,GADCHIROLI,Maize,2007-08,Rabi,400.0,Hectare,1100.0,Tonnes,2750.0,Vidarbha,2007
Maharashtra,GADCHIROLI,Maize,2008-09,Kharif,2200.0,Hectare,3300.0,Tonnes,1500.0,Vidarbha,2008
Maharashtra,GADCHIROLI,Maize,2008-09,Rabi,200.0,Hectare,400.0,Tonnes,2000.0,Vidarbha,2008
Maharashtra,GADCHIROLI,Maize,2009-10,Kharif,2200.0,Hectare,4900.0,Tonnes,2227.272727272727,Vidarbha,2009
Maharashtra,GONDIA,Maize,2007-08,Kharif,100.0,Hectare,300.0,Tonnes,3000.0,Vidarbha,2007
Maharashtra,GONDIA,Maize,2008-09,Kharif,100.0,Hectare,200.0,Tonnes,2000.0,Vidarbha,2008
Maharashtra,GONDIA,Maize,2009-10,Kharif,100.0,Hectare,200.0,Tonnes,2000.0,Vidarbha,2009
Maharashtra,HINGOLI,Maize,2007-08,Kharif,500.0,Hectare,400.0,Tonnes,800.0,Matathwada,2007
Maharashtra,HINGOLI,Maize,2007-08,Rabi,200.0,Hectare,500.0,Tonnes,2500.0,Matathwada,2007
Maharashtra,HINGOLI,Maize,2008-09,Kharif,1100.0,Hectare,900.0,Tonnes,818.1818181818182,Matathwada,2008
Maharashtra,HINGOLI,Maize,2008-09,Rabi,300.0,Hectare,500.0,Tonnes,1666.6666666666667,Matathwada,2008
Maharashtra,HINGOLI,Maize,2008-09,Summer,100.0,Hectare,100.0,Tonnes,1000.0,Matathwada,2008
Maharashtra,HINGOLI,Maize,2009-10,Kharif,800.0,Hectare,900.0,Tonnes,1125.0,Matathwada,2009
Maharashtra,HINGOLI,Maize,2009-10,Summer,300.0,Hectare,400.0,Tonnes,1333.3333333333333,Matathwada,2009
Maharashtra,JALGAON,Maize,2007-08,Kharif,61200.0,Hectare,176600.0,Tonnes,2885.62091503268,Madhya Maharashtra,2007
Maharashtra,JALGAON,Maize,2007-08,Rabi,5800.0,Hectare,15000.0,Tonnes,2586.206896551724,Madhya Maharashtra,2007
Maharashtra,JALGAON,Maize,2007-08,Summer,2300.0,Hectare,3500.0,Tonnes,1521.7391304347827,Madhya Maharashtra,2007
Maharashtra,JALGAON,Maize,2008-09,Kharif,69000.0,Hectare,174900.0,Tonnes,2534.782608695652,Madhya Maharashtra,2008
Maharashtra,JALGAON,Maize,2008-09,Rabi,5300.0,Hectare,15300.0,Tonnes,2886.7924528301887,Madhya Maharashtra,2008
Maharashtra,JALGAON,Maize,2008-09,Summer,400.0,Hectare,600.0,Tonnes,1500.0,Madhya Maharashtra,2008
Maharashtra,JALGAON,Maize,2009-10,Kharif,76300.0,Hectare,167800.0,Tonnes,2199.213630406291,Madhya Maharashtra,2009
Maharashtra,JALGAON,Maize,2009-10,Rabi,9400.0,Hectare,28000.0,Tonnes,2978.723404255319,Madhya Maharashtra,2009
Maharashtra,JALGAON,Maize,2009-10,Summer,1300.0,Hectare,2000.0,Tonnes,1538.4615384615383,Madhya Maharashtra,2009
Maharashtra,JALNA,Maize,2007-08,Rabi,8500.0,Hectare,25800.0,Tonnes,3035.2941176470586,Matathwada,2007
Maharashtra,JALNA,Maize,2008-09,Kharif,56800.0,Hectare,89600.0,Tonnes,1577.4647887323945,Matathwada,2008
Maharashtra,JALNA,Maize,2008-09,Rabi,4100.0,Hectare,7800.0,Tonnes,1902.439024390244,Matathwada,2008
Maharashtra,JALNA,Maize,2008-09,Summer,200.0,Hectare,300.0,Tonnes,1500.0,Matathwada,2008
Maharashtra,JALNA,Maize,2009-10,Kharif,59600.0,Hectare,124100.0,Tonnes,2082.2147651006717,Matathwada,2009
Maharashtra,JALNA,Maize,2009-10,Rabi,1800.0,Hectare,5000.0,Tonnes,2777.777777777778,Matathwada,2009
Maharashtra,KOLHAPUR,Maize,2007-08,Kharif,2300.0,Hectare,4500.0,Tonnes,1956.5217391304348,Madhya Maharashtra,2007
Maharashtra,KOLHAPUR,Maize,2007-08,Rabi,6800.0,Hectare,21400.0,Tonnes,3147.058823529412,Madhya Maharashtra,2007
Maharashtra,KOLHAPUR,Maize,2007-08,Summer,2500.0,Hectare,4900.0,Tonnes,1960.0,Madhya Maharashtra,2007
Maharashtra,KOLHAPUR,Maize,2008-09,Kharif,2800.0,Hectare,5400.0,Tonnes,1928.571428571429,Madhya Maharashtra,2008
Maharashtra,KOLHAPUR,Maize,2008-09,Rabi,7000.0,Hectare,17900.0,Tonnes,2557.142857142857,Madhya Maharashtra,2008
Maharashtra,KOLHAPUR,Maize,2008-09,Summer,300.0,Hectare,600.0,Tonnes,2000.0,Madhya Maharashtra,2008
Maharashtra,KOLHAPUR,Maize,2009-10,Kharif,2900.0,Hectare,6800.0,Tonnes,2344.8275862068963,Madhya Maharashtra,2009
Maharashtra,KOLHAPUR,Maize,2009-10,Rabi,6200.0,Hectare,17500.0,Tonnes,2822.5806451612907,Madhya Maharashtra,2009
Maharashtra,KOLHAPUR,Maize,2009-10,Summer,1900.0,Hectare,3800.0,Tonnes,2000.0,Madhya Maharashtra,2009
Maharashtra,LATUR,Maize,2007-08,Kharif,4000.0,Hectare,3300.0,Tonnes,825.0,Matathwada,2007
Maharashtra,LATUR,Maize,2007-08,Rabi,600.0,Hectare,1600.0,Tonnes,2666.6666666666665,Matathwada,2007
Maharashtra,LATUR,Maize,2007-08,Summer,400.0,Hectare,500.0,Tonnes,1250.0,Matathwada,2007
Maharashtra,LATUR,Maize,2008-09,Kharif,4800.0,Hectare,3900.0,Tonnes,812.5,Matathwada,2008
Maharashtra,LATUR,Maize,2008-09,Rabi,800.0,Hectare,1500.0,Tonnes,1875.0,Matathwada,2008
Maharashtra,LATUR,Maize,2008-09,Summer,300.0,Hectare,400.0,Tonnes,1333.3333333333333,Matathwada,2008
Maharashtra,LATUR,Maize,2009-10,Kharif,3800.0,Hectare,4400.0,Tonnes,1157.8947368421052,Matathwada,2009
Maharashtra,LATUR,Maize,2009-10,Summer,500.0,Hectare,600.0,Tonnes,1200.0,Matathwada,2009
Maharashtra,NAGPUR,Maize,2007-08,Kharif,500.0,Hectare,1500.0,Tonnes,3000.0,Vidarbha,2007
Maharashtra,NAGPUR,Maize,2008-09,Kharif,600.0,Hectare,900.0,Tonnes,1500.0,Vidarbha,2008
Maharashtra,NAGPUR,Maize,2009-10,Kharif,200.0,Hectare,400.0,Tonnes,2000.0,Vidarbha,2009
Maharashtra,NANDED,Maize,2007-08,Kharif,500.0,Hectare,400.0,Tonnes,800.0,Matathwada,2007
Maharashtra,NANDED,Maize,2007-08,Rabi,700.0,Hectare,1900.0,Tonnes,2714.285714285714,Matathwada,2007
Maharashtra,NANDED,Maize,2007-08,Summer,100.0,Hectare,100.0,Tonnes,1000.0,Matathwada,2007
Maharashtra,NANDED,Maize,2008-09,Kharif,700.0,Hectare,600.0,Tonnes,857.1428571428571,Matathwada,2008
Maharashtra,NANDED,Maize,2008-09,Rabi,200.0,Hectare,400.0,Tonnes,2000.0,Matathwada,2008
Maharashtra,NANDED,Maize,2008-09,Summer,100.0,Hectare,100.0,Tonnes,1000.0,Matathwada,2008
Maharashtra,NANDED,Maize,2009-10,Kharif,600.0,Hectare,700.0,Tonnes,1166.6666666666667,Matathwada,2009
Maharashtra,NANDED,Maize,2009-10,Summer,100.0,Hectare,100.0,Tonnes,1000.0,Matathwada,2009
Maharashtra,NANDURBAR,Maize,2007-08,Kharif,29800.0,Hectare,69700.0,Tonnes,2338.9261744966443,Madhya Maharashtra,2007
Maharashtra,NANDURBAR,Maize,2007-08,Rabi,500.0,Hectare,1300.0,Tonnes,2600.0,Madhya Maharashtra,2007
Maharashtra,NANDURBAR,Maize,2007-08,Summer,500.0,Hectare,700.0,Tonnes,1400.0,Madhya Maharashtra,2007
Maharashtra,NANDURBAR,Maize,2008-09,Kharif,26100.0,Hectare,52100.0,Tonnes,1996.168582375479,Madhya Maharashtra,2008
Maharashtra,NANDURBAR,Maize,2008-09,Rabi,600.0,Hectare,1700.0,Tonnes,2833.333333333333,Madhya Maharashtra,2008
Maharashtra,NANDURBAR,Maize,2008-09,Summer,200.0,Hectare,300.0,Tonnes,1500.0,Madhya Maharashtra,2008
Maharashtra,NANDURBAR,Maize,2009-10,Kharif,27400.0,Hectare,61000.0,Tonnes,2226.2773722627735,Madhya Maharashtra,2009
Maharashtra,NANDURBAR,Maize,2009-10,Rabi,800.0,Hectare,2400.0,Tonnes,3000.0,Madhya Maharashtra,2009
Maharashtra,NANDURBAR,Maize,2009-10,Summer,600.0,Hectare,800.0,Tonnes,1333.3333333333333,Madhya Maharashtra,2009
Maharashtra,NASHIK,Maize,2007-08,Kharif,99700.0,Hectare,289100.0,Tonnes,2899.6990972918757,Madhya Maharashtra,2007
Maharashtra,NASHIK,Maize,2007-08,Rabi,1600.0,Hectare,3700.0,Tonnes,2312.5,Madhya Maharashtra,2007
Maharashtra,NASHIK,Maize,2007-08,Summer,400.0,Hectare,500.0,Tonnes,1250.0,Madhya Maharashtra,2007
Maharashtra,NASHIK,Maize,2008-09,Kharif,101600.0,Hectare,293200.0,Tonnes,2885.8267716535433,Madhya Maharashtra,2008
Maharashtra,NASHIK,Maize,2008-09,Rabi,2300.0,Hectare,6500.0,Tonnes,2826.0869565217395,Madhya Maharashtra,2008
Maharashtra,NASHIK,Maize,2008-09,Summer,200.0,Hectare,300.0,Tonnes,1500.0,Madhya Maharashtra,2008
Maharashtra,NASHIK,Maize,2009-10,Kharif,140900.0,Hectare,318400.0,Tonnes,2259.7586941092973,Madhya Maharashtra,2009
Maharashtra,NASHIK,Maize,2009-10,Rabi,2700.0,Hectare,7700.0,Tonnes,2851.851851851852,Madhya Maharashtra,2009
Maharashtra,NASHIK,Maize,2009-10,Summer,700.0,Hectare,900.0,Tonnes,1285.7142857142858,Madhya Maharashtra,2009
Maharashtra,OSMANABAD,Maize,2007-08,Kharif,13600.0,Hectare,11100.0,Tonnes,816.1764705882352,Matathwada,2007
Maharashtra,OSMANABAD,Maize,2007-08,Rabi,900.0,Hectare,2400.0,Tonnes,2666.6666666666665,Matathwada,2007
Maharashtra,OSMANABAD,Maize,2007-08,Summer,500.0,Hectare,600.0,Tonnes,1200.0,Matathwada,2007
Maharashtra,OSMANABAD,Maize,2008-09,Kharif,12600.0,Hectare,10200.0,Tonnes,809.5238095238095,Matathwada,2008
Maharashtra,OSMANABAD,Maize,2008-09,Rabi,1800.0,Hectare,3300.0,Tonnes,1833.3333333333333,Matathwada,2008
Maharashtra,OSMANABAD,Maize,2008-09,Summer,200.0,Hectare,200.0,Tonnes,1000.0,Matathwada,2008
Maharashtra,OSMANABAD,Maize,2009-10,Kharif,16200.0,Hectare,18900.0,Tonnes,1166.6666666666667,Matathwada,2009
Maharashtra,OSMANABAD,Maize,2009-10,Summer,700.0,Hectare,600.0,Tonnes,857.1428571428571,Matathwada,2009
Maharashtra,PARBHANI,Maize,2007-08,Kharif,1500.0,Hectare,1200.0,Tonnes,800.0,Matathwada,2007
Maharashtra,PARBHANI,Maize,2007-08,Rabi,800.0,Hectare,2200.0,Tonnes,2750.0,Matathwada,2007
Maharashtra,PARBHANI,Maize,2007-08,Summer,200.0,Hectare,300.0,Tonnes,1500.0,Matathwada,2007
Maharashtra,PARBHANI,Maize,2008-09,Kharif,1500.0,Hectare,1200.0,Tonnes,800.0,Matathwada,2008
Maharashtra,PARBHANI,Maize,2008-09,Rabi,900.0,Hectare,1600.0,Tonnes,1777.7777777777776,Matathwada,2008
Maharashtra,PARBHANI,Maize,2008-09,Summer,200.0,Hectare,300.0,Tonnes,1500.0,Matathwada,2008
Maharashtra,PARBHANI,Maize,2009-10,Kharif,1400.0,Hectare,1600.0,Tonnes,1142.857142857143,Matathwada,2009
Maharashtra,PUNE,Maize,2007-08,Kharif,7400.0,Hectare,20700.0,Tonnes,2797.2972972972975,Madhya Maharashtra,2007
Maharashtra,PUNE,Maize,2007-08,Rabi,8200.0,Hectare,22800.0,Tonnes,2780.487804878049,Madhya Maharashtra,2007
Maharashtra,PUNE,Maize,2007-08,Summer,1000.0,Hectare,1700.0,Tonnes,1700.0,Madhya Maharashtra,2007
Maharashtra,PUNE,Maize,2008-09,Kharif,5700.0,Hectare,13400.0,Tonnes,2350.8771929824566,Madhya Maharashtra,2008
Maharashtra,PUNE,Maize,2008-09,Rabi,10400.0,Hectare,26600.0,Tonnes,2557.6923076923076,Madhya Maharashtra,2008
Maharashtra,PUNE,Maize,2008-09,Summer,1300.0,Hectare,2200.0,Tonnes,1692.3076923076924,Madhya Maharashtra,2008
Maharashtra,PUNE,Maize,2009-10,Kharif,4900.0,Hectare,10100.0,Tonnes,2061.224489795918,Madhya Maharashtra,2009
Maharashtra,PUNE,Maize,2009-10,Rabi,11100.0,Hectare,31000.0,Tonnes,2792.7927927927926,Madhya Maharashtra,2009
Maharashtra,PUNE,Maize,2009-10,Summer,700.0,Hectare,1200.0,Tonnes,1714.2857142857142,Madhya Maharashtra,2009
Maharashtra,RAIGAD,Maize,2007-08,Rabi,200.0,Hectare,500.0,Tonnes,2500.0,Konkan & Goa,2007
Maharashtra,RAIGAD,Maize,2008-09,Rabi,200.0,Hectare,600.0,Tonnes,3000.0,Konkan & Goa,2008
Maharashtra,RATNAGIRI,Maize,2007-08,Rabi,100.0,Hectare,300.0,Tonnes,3000.0,Konkan & Goa,2007
Maharashtra,RATNAGIRI,Maize,2008-09,Rabi,100.0,Hectare,300.0,Tonnes,3000.0,Konkan & Goa,2008
Maharashtra,RATNAGIRI,Maize,2009-10,Rabi,100.0,Hectare,300.0,Tonnes,3000.0,Konkan & Goa,2009
Maharashtra,SANGLI,Maize,2007-08,Kharif,22400.0,Hectare,51400.0,Tonnes,2294.6428571428573,Madhya Maharashtra,2007
Maharashtra,SANGLI,Maize,2007-08,Rabi,10600.0,Hectare,28700.0,Tonnes,2707.547169811321,Madhya Maharashtra,2007
Maharashtra,SANGLI,Maize,2007-08,Summer,1200.0,Hectare,1900.0,Tonnes,1583.3333333333333,Madhya Maharashtra,2007
Maharashtra,SANGLI,Maize,2008-09,Kharif,13400.0,Hectare,27800.0,Tonnes,2074.626865671642,Madhya Maharashtra,2008
Maharashtra,SANGLI,Maize,2008-09,Rabi,13300.0,Hectare,34400.0,Tonnes,2586.466165413534,Madhya Maharashtra,2008
Maharashtra,SANGLI,Maize,2008-09,Summer,1300.0,Hectare,2000.0,Tonnes,1538.4615384615383,Madhya Maharashtra,2008
Maharashtra,SANGLI,Maize,2009-10,Kharif,14100.0,Hectare,34300.0,Tonnes,2432.624113475177,Madhya Maharashtra,2009
Maharashtra,SANGLI,Maize,2009-10,Rabi,14300.0,Hectare,36400.0,Tonnes,2545.4545454545455,Madhya Maharashtra,2009
Maharashtra,SANGLI,Maize,2009-10,Summer,5700.0,Hectare,8900.0,Tonnes,1561.4035087719299,Madhya Maharashtra,2009
Maharashtra,SATARA,Maize,2007-08,Kharif,9300.0,Hectare,11000.0,Tonnes,1182.7956989247311,Madhya Maharashtra,2007
Maharashtra,SATARA,Maize,2007-08,Rabi,5900.0,Hectare,15500.0,Tonnes,2627.1186440677966,Madhya Maharashtra,2007
Maharashtra,SATARA,Maize,2007-08,Summer,800.0,Hectare,1300.0,Tonnes,1625.0,Madhya Maharashtra,2007
Maharashtra,SATARA,Maize,2008-09,Kharif,6600.0,Hectare,10900.0,Tonnes,1651.5151515151515,Madhya Maharashtra,2008
Maharashtra,SATARA,Maize,2008-09,Rabi,6000.0,Hectare,15100.0,Tonnes,2516.6666666666665,Madhya Maharashtra,2008
Maharashtra,SATARA,Maize,2008-09,Summer,900.0,Hectare,1400.0,Tonnes,1555.5555555555557,Madhya Maharashtra,2008
Maharashtra,SATARA,Maize,2009-10,Kharif,10200.0,Hectare,22900.0,Tonnes,2245.098039215686,Madhya Maharashtra,2009
Maharashtra,SATARA,Maize,2009-10,Rabi,6400.0,Hectare,19700.0,Tonnes,3078.125,Madhya Maharashtra,2009
Maharashtra,SATARA,Maize,2009-10,Summer,1200.0,Hectare,1900.0,Tonnes,1583.3333333333333,Madhya Maharashtra,2009
Maharashtra,SINDHUDURG,Maize,2007-08,Rabi,100.0,Hectare,300.0,Tonnes,3000.0,Konkan & Goa,2007
Maharashtra,SINDHUDURG,Maize,2008-09,Rabi,200.0,Hectare,600.0,Tonnes,3000.0,Konkan & Goa,2008
Maharashtra,SINDHUDURG,Maize,2009-10,Rabi,200.0,Hectare,600.0,Tonnes,3000.0,Konkan & Goa,2009
Maharashtra,SOLAPUR,Maize,2007-08,Kharif,19200.0,Hectare,25300.0,Tonnes,1317.7083333333333,Madhya Maharashtra,2007
Maharashtra,SOLAPUR,Maize,2007-08,Rabi,13200.0,Hectare,28300.0,Tonnes,2143.939393939394,Madhya Maharashtra,2007
Maharashtra,SOLAPUR,Maize,2007-08,Summer,900.0,Hectare,1500.0,Tonnes,1666.6666666666667,Madhya Maharashtra,2007
Maharashtra,SOLAPUR,Maize,2008-09,Kharif,9600.0,Hectare,22200.0,Tonnes,2312.5,Madhya Maharashtra,2008
Maharashtra,SOLAPUR,Maize,2008-09,Rabi,15700.0,Hectare,31700.0,Tonnes,2019.1082802547774,Madhya Maharashtra,2008
Maharashtra,SOLAPUR,Maize,2008-09,Summer,1200.0,Hectare,2000.0,Tonnes,1666.6666666666667,Madhya Maharashtra,2008
Maharashtra,SOLAPUR,Maize,2009-10,Kharif,15400.0,Hectare,24900.0,Tonnes,1616.8831168831168,Madhya Maharashtra,2009
Maharashtra,SOLAPUR,Maize,2009-10,Summer,1200.0,Hectare,2000.0,Tonnes,1666.6666666666667,Madhya Maharashtra,2009
Maharashtra,THANE,Maize,2007-08,Rabi,100.0,Hectare,300.0,Tonnes,3000.0,Konkan & Goa,2007
Maharashtra,THANE,Maize,2008-09,Rabi,100.0,Hectare,300.0,Tonnes,3000.0,Konkan & Goa,2008
Maharashtra,THANE,Maize,2009-10,Rabi,100.0,Hectare,300.0,Tonnes,3000.0,Konkan & Goa,2009
Maharashtra,WARDHA,Maize,2007-08,Kharif,100.0,Hectare,300.0,Tonnes,3000.0,Vidarbha,2007
Maharashtra,WARDHA,Maize,2008-09,Kharif,100.0,Hectare,200.0,Tonnes,2000.0,Vidarbha,2008
Maharashtra,WASHIM,Maize,2007-08,Kharif,200.0,Hectare,600.0,Tonnes,3000.0,Vidarbha,2007
Maharashtra,WASHIM,Maize,2008-09,Kharif,100.0,Hectare,300.0,Tonnes,3000.0,Vidarbha,2008
Maharashtra,WASHIM,Maize,2009-10,Kharif,300.0,Hectare,700.0,Tonnes,2333.333333333333,Vidarbha,2009
Maharashtra,YAVATMAL,Maize,2007-08,Kharif,200.0,Hectare,600.0,Tonnes,3000.0,Vidarbha,2007
Maharashtra,YAVATMAL,Maize,2008-09,Kharif,500.0,Hectare,1500.0,Tonnes,3000.0,Vidarbha,2008
Maharashtra,YAVATMAL,Maize,2009-10,Kharif,1100.0,Hectare,2400.0,Tonnes,2181.8181818181815,Vidarbha,2009
Maharashtra,AHMEDNAGAR,Maize,2010-11,Kharif,45300.0,Hectare,139500.0,Tonnes,3079.4701986754967,Madhya Maharashtra,2010
Maharashtra,AHMEDNAGAR,Maize,2010-11,Rabi,13200.0,Hectare,26300.0,Tonnes,1992.4242424242425,Madhya Maharashtra,2010
Maharashtra,AHMEDNAGAR,Maize,2010-11,Summer,2300.0,Hectare,3400.0,Tonnes,1478.2608695652173,Madhya Maharashtra,2010
Maharashtra,AHMEDNAGAR,Maize,2011-12,Kharif,46300.0,Hectare,125500.0,Tonnes,2710.583153347732,Madhya Maharashtra,2011
Maharashtra,AHMEDNAGAR,Maize,2011-12,Rabi,9200.0,Hectare,22600.0,Tonnes,2456.5217391304345,Madhya Maharashtra,2011
Maharashtra,AHMEDNAGAR,Maize,2012-13,Kharif,45000.0,Hectare,91900.0,Tonnes,2042.2222222222222,Madhya Maharashtra,2012
Maharashtra,AHMEDNAGAR,Maize,2012-13,Rabi,14700.0,Hectare,24800.0,Tonnes,1687.074829931973,Madhya Maharashtra,2012
Maharashtra,AHMEDNAGAR,Maize,2012-13,Summer,200.0,Hectare,200.0,Tonnes,1000.0,Madhya Maharashtra,2012
Maharashtra,AKOLA,Maize,2010-11,Kharif,1100.0,Hectare,2700.0,Tonnes,2454.5454545454545,Vidarbha,2010
Maharashtra,AKOLA,Maize,2010-11,Rabi,400.0,Hectare,800.0,Tonnes,2000.0,Vidarbha,2010
Maharashtra,AKOLA,Maize,2011-12,Kharif,1100.0,Hectare,3100.0,Tonnes,2818.1818181818185,Vidarbha,2011
Maharashtra,AKOLA,Maize,2011-12,Rabi,200.0,Hectare,500.0,Tonnes,2500.0,Vidarbha,2011
Maharashtra,AKOLA,Maize,2012-13,Kharif,500.0,Hectare,1100.0,Tonnes,2200.0,Vidarbha,2012
Maharashtra,AMRAVATI,Maize,2010-11,Kharif,1600.0,Hectare,4000.0,Tonnes,2500.0,Vidarbha,2010
Maharashtra,AMRAVATI,Maize,2011-12,Kharif,1200.0,Hectare,3300.0,Tonnes,2750.0,Vidarbha,2011
Maharashtra,AMRAVATI,Maize,2012-13,Kharif,1200.0,Hectare,2700.0,Tonnes,2250.0,Vidarbha,2012
Maharashtra,AMRAVATI,Maize,2012-13,Summer,1400.0,Hectare,1800.0,Tonnes,1285.7142857142858,Vidarbha,2012
Maharashtra,AURANGABAD,Maize,2010-11,Rabi,4300.0,Hectare,13400.0,Tonnes,3116.2790697674423,Matathwada,2010
Maharashtra,AURANGABAD,Maize,2010-11,Summer,300.0,Hectare,400.0,Tonnes,1333.3333333333333,Matathwada,2010
Maharashtra,AURANGABAD,Maize,2011-12,Summer,1100.0,Hectare,1400.0,Tonnes,1272.7272727272727,Matathwada,2011
Maharashtra,AURANGABAD,Maize,2012-13,Kharif,144200.0,Hectare,291100.0,Tonnes,2018.72399445215,Matathwada,2012
Maharashtra,AURANGABAD,Maize,2012-13,Rabi,5300.0,Hectare,3500.0,Tonnes,660.377358490566,Matathwada,2012
Maharashtra,AURANGABAD,Maize,2012-13,Summer,500.0,Hectare,700.0,Tonnes,1400.0,Matathwada,2012
Maharashtra,BEED,Maize,2010-11,Kharif,5400.0,Hectare,8400.0,Tonnes,1555.5555555555557,Matathwada,2010
Maharashtra,BEED,Maize,2010-11,Rabi,3300.0,Hectare,4900.0,Tonnes,1484.8484848484848,Matathwada,2010
Maharashtra,BEED,Maize,2010-11,Summer,800.0,Hectare,800.0,Tonnes,1000.0,Matathwada,2010
Maharashtra,BEED,Maize,2011-12,Kharif,4600.0,Hectare,5700.0,Tonnes,1239.1304347826087,Matathwada,2011
Maharashtra,BEED,Maize,2011-12,Rabi,1800.0,Hectare,2100.0,Tonnes,1166.6666666666667,Matathwada,2011
Maharashtra,BEED,Maize,2011-12,Summer,2200.0,Hectare,2100.0,Tonnes,954.5454545454546,Matathwada,2011
Maharashtra,BEED,Maize,2012-13,Kharif,4600.0,Hectare,3600.0,Tonnes,782.608695652174,Matathwada,2012
Maharashtra,BEED,Maize,2012-13,Rabi,5800.0,Hectare,3800.0,Tonnes,655.1724137931034,Matathwada,2012
Maharashtra,BEED,Maize,2012-13,Summer,200.0,Hectare,200.0,Tonnes,1000.0,Matathwada,2012
Maharashtra,BULDHANA,Maize,2010-11,Kharif,66200.0,Hectare,164100.0,Tonnes,2478.851963746223,Vidarbha,2010
Maharashtra,BULDHANA,Maize,2010-11,Rabi,8600.0,Hectare,17900.0,Tonnes,2081.395348837209,Vidarbha,2010
Maharashtra,BULDHANA,Maize,2010-11,Summer,300.0,Hectare,400.0,Tonnes,1333.3333333333333,Vidarbha,2010
Maharashtra,BULDHANA,Maize,2011-12,Kharif,57200.0,Hectare,159200.0,Tonnes,2783.216783216784,Vidarbha,2011
Maharashtra,BULDHANA,Maize,2011-12,Rabi,7700.0,Hectare,19800.0,Tonnes,2571.428571428572,Vidarbha,2011
Maharashtra,BULDHANA,Maize,2011-12,Summer,100.0,Hectare,100.0,Tonnes,1000.0,Vidarbha,2011
Maharashtra,BULDHANA,Maize,2012-13,Kharif,15600.0,Hectare,35000.0,Tonnes,2243.589743589744,Vidarbha,2012
Maharashtra,BULDHANA,Maize,2012-13,Rabi,6900.0,Hectare,5100.0,Tonnes,739.1304347826086,Vidarbha,2012
Maharashtra,CHANDRAPUR,Maize,2012-13,Summer,100.0,Hectare,100.0,Tonnes,1000.0,Vidarbha,2012
Maharashtra,DHULE,Maize,2010-11,Summer,700.0,Hectare,800.0,Tonnes,1142.857142857143,Madhya Maharashtra,2010
Maharashtra,DHULE,Maize,2011-12,Kharif,52700.0,Hectare,128400.0,Tonnes,2436.4326375711576,Madhya Maharashtra,2011
Maharashtra,DHULE,Maize,2011-12,Summer,2100.0,Hectare,2400.0,Tonnes,1142.857142857143,Madhya Maharashtra,2011
Maharashtra,DHULE,Maize,2012-13,Kharif,61800.0,Hectare,159700.0,Tonnes,2584.1423948220067,Madhya Maharashtra,2012
Maharashtra,DHULE,Maize,2012-13,Rabi,2500.0,Hectare,7700.0,Tonnes,3080.0,Madhya Maharashtra,2012
Maharashtra,DHULE,Maize,2012-13,Summer,800.0,Hectare,900.0,Tonnes,1125.0,Madhya Maharashtra,2012
Maharashtra,GADCHIROLI,Maize,2010-11,Kharif,1900.0,Hectare,4600.0,Tonnes,2421.052631578948,Vidarbha,2010
Maharashtra,GADCHIROLI,Maize,2010-11,Rabi,1200.0,Hectare,2500.0,Tonnes,2083.333333333333,Vidarbha,2010
Maharashtra,GADCHIROLI,Maize,2011-12,Kharif,2200.0,Hectare,1500.0,Tonnes,681.8181818181818,Vidarbha,2011
Maharashtra,GADCHIROLI,Maize,2011-12,Rabi,1200.0,Hectare,3100.0,Tonnes,2583.333333333333,Vidarbha,2011
Maharashtra,GADCHIROLI,Maize,2012-13,Kharif,1900.0,Hectare,4300.0,Tonnes,2263.157894736842,Vidarbha,2012
Maharashtra,GADCHIROLI,Maize,2012-13,Rabi,900.0,Hectare,700.0,Tonnes,777.7777777777778,Vidarbha,2012
Maharashtra,GADCHIROLI,Maize,2012-13,Summer,500.0,Hectare,500.0,Tonnes,1000.0,Vidarbha,2012
Maharashtra,GONDIA,Maize,2010-11,Kharif,100.0,Hectare,200.0,Tonnes,2000.0,Vidarbha,2010
Maharashtra,GONDIA,Maize,2010-11,Rabi,100.0,Hectare,200.0,Tonnes,2000.0,Vidarbha,2010
Maharashtra,GONDIA,Maize,2012-13,Kharif,100.0,Hectare,100.0,Tonnes,1000.0,Vidarbha,2012
Maharashtra,GONDIA,Maize,2012-13,Summer,100.0,Hectare,100.0,Tonnes,1000.0,Vidarbha,2012
Maharashtra,HINGOLI,Maize,2010-11,Kharif,600.0,Hectare,500.0,Tonnes,833.3333333333334,Matathwada,2010
Maharashtra,HINGOLI,Maize,2010-11,Rabi,800.0,Hectare,1700.0,Tonnes,2125.0,Matathwada,2010
Maharashtra,HINGOLI,Maize,2010-11,Summer,500.0,Hectare,600.0,Tonnes,1200.0,Matathwada,2010
Maharashtra,HINGOLI,Maize,2011-12,Kharif,600.0,Hectare,700.0,Tonnes,1166.6666666666667,Matathwada,2011
Maharashtra,HINGOLI,Maize,2011-12,Rabi,300.0,Hectare,800.0,Tonnes,2666.6666666666665,Matathwada,2011
Maharashtra,HINGOLI,Maize,2011-12,Summer,200.0,Hectare,300.0,Tonnes,1500.0,Matathwada,2011
Maharashtra,HINGOLI,Maize,2012-13,Kharif,600.0,Hectare,600.0,Tonnes,1000.0,Matathwada,2012
Maharashtra,HINGOLI,Maize,2012-13,Summer,200.0,Hectare,300.0,Tonnes,1500.0,Matathwada,2012
Maharashtra,JALGAON,Maize,2010-11,Rabi,11800.0,Hectare,34600.0,Tonnes,2932.2033898305085,Madhya Maharashtra,2010
Maharashtra,JALGAON,Maize,2010-11,Summer,1700.0,Hectare,2600.0,Tonnes,1529.4117647058822,Madhya Maharashtra,2010
Maharashtra,JALGAON,Maize,2011-12,Rabi,12200.0,Hectare,34700.0,Tonnes,2844.2622950819677,Madhya Maharashtra,2011
Maharashtra,JALGAON,Maize,2011-12,Summer,2000.0,Hectare,3100.0,Tonnes,1550.0,Madhya Maharashtra,2011
Maharashtra,JALGAON,Maize,2012-13,Kharif,70600.0,Hectare,188600.0,Tonnes,2671.388101983003,Madhya Maharashtra,2012
Maharashtra,JALGAON,Maize,2012-13,Rabi,11600.0,Hectare,31600.0,Tonnes,2724.137931034483,Madhya Maharashtra,2012
Maharashtra,JALNA,Maize,2010-11,Kharif,60800.0,Hectare,175700.0,Tonnes,2889.802631578948,Matathwada,2010
Maharashtra,JALNA,Maize,2010-11,Rabi,2700.0,Hectare,8100.0,Tonnes,3000.0,Matathwada,2010
Maharashtra,JALNA,Maize,2011-12,Kharif,58700.0,Hectare,152900.0,Tonnes,2604.7700170357757,Matathwada,2011
Maharashtra,JALNA,Maize,2011-12,Rabi,1700.0,Hectare,5000.0,Tonnes,2941.1764705882356,Matathwada,2011
Maharashtra,JALNA,Maize,2012-13,Kharif,62900.0,Hectare,111000.0,Tonnes,1764.7058823529412,Matathwada,2012
Maharashtra,JALNA,Maize,2012-13,Rabi,2300.0,Hectare,3600.0,Tonnes,1565.217391304348,Matathwada,2012
Maharashtra,KOLHAPUR,Maize,2010-11,Kharif,3200.0,Hectare,8300.0,Tonnes,2593.75,Madhya Maharashtra,2010
Maharashtra,KOLHAPUR,Maize,2010-11,Rabi,6900.0,Hectare,14400.0,Tonnes,2086.9565217391305,Madhya Maharashtra,2010
Maharashtra,KOLHAPUR,Maize,2010-11,Summer,1500.0,Hectare,3000.0,Tonnes,2000.0,Madhya Maharashtra,2010
Maharashtra,KOLHAPUR,Maize,2011-12,Kharif,2200.0,Hectare,4600.0,Tonnes,2090.909090909091,Madhya Maharashtra,2011
Maharashtra,KOLHAPUR,Maize,2011-12,Summer,2400.0,Hectare,4800.0,Tonnes,2000.0,Madhya Maharashtra,2011
Maharashtra,KOLHAPUR,Maize,2012-13,Kharif,1700.0,Hectare,2700.0,Tonnes,1588.235294117647,Madhya Maharashtra,2012
Maharashtra,KOLHAPUR,Maize,2012-13,Rabi,3800.0,Hectare,7700.0,Tonnes,2026.3157894736842,Madhya Maharashtra,2012
Maharashtra,LATUR,Maize,2010-11,Kharif,4500.0,Hectare,3900.0,Tonnes,866.6666666666667,Matathwada,2010
Maharashtra,LATUR,Maize,2010-11,Rabi,1600.0,Hectare,3300.0,Tonnes,2062.5,Matathwada,2010
Maharashtra,LATUR,Maize,2010-11,Summer,2500.0,Hectare,3000.0,Tonnes,1200.0,Matathwada,2010
Maharashtra,LATUR,Maize,2011-12,Kharif,6800.0,Hectare,9900.0,Tonnes,1455.8823529411764,Matathwada,2011
Maharashtra,LATUR,Maize,2011-12,Rabi,2100.0,Hectare,5400.0,Tonnes,2571.428571428572,Matathwada,2011
Maharashtra,LATUR,Maize,2011-12,Summer,400.0,Hectare,500.0,Tonnes,1250.0,Matathwada,2011
Maharashtra,LATUR,Maize,2012-13,Kharif,6800.0,Hectare,14300.0,Tonnes,2102.9411764705883,Matathwada,2012
Maharashtra,LATUR,Maize,2012-13,Rabi,2200.0,Hectare,3800.0,Tonnes,1727.2727272727273,Matathwada,2012
Maharashtra,NAGPUR,Maize,2010-11,Kharif,100.0,Hectare,200.0,Tonnes,2000.0,Vidarbha,2010
Maharashtra,NAGPUR,Maize,2011-12,Kharif,400.0,Hectare,300.0,Tonnes,750.0,Vidarbha,2011
Maharashtra,NAGPUR,Maize,2012-13,Kharif,400.0,Hectare,900.0,Tonnes,2250.0,Vidarbha,2012
Maharashtra,NAGPUR,Maize,2012-13,Summer,100.0,Hectare,100.0,Tonnes,1000.0,Vidarbha,2012
Maharashtra,NANDED,Maize,2010-11,Kharif,700.0,Hectare,600.0,Tonnes,857.1428571428571,Matathwada,2010
Maharashtra,NANDED,Maize,2010-11,Rabi,400.0,Hectare,800.0,Tonnes,2000.0,Matathwada,2010
Maharashtra,NANDED,Maize,2011-12,Kharif,500.0,Hectare,600.0,Tonnes,1200.0,Matathwada,2011
Maharashtra,NANDED,Maize,2011-12,Rabi,400.0,Hectare,1000.0,Tonnes,2500.0,Matathwada,2011
Maharashtra,NANDED,Maize,2011-12,Summer,200.0,Hectare,200.0,Tonnes,1000.0,Matathwada,2011
Maharashtra,NANDED,Maize,2012-13,Kharif,500.0,Hectare,500.0,Tonnes,1000.0,Matathwada,2012
Maharashtra,NANDED,Maize,2012-13,Rabi,300.0,Hectare,700.0,Tonnes,2333.333333333333,Matathwada,2012
Maharashtra,NANDURBAR,Maize,2010-11,Kharif,28400.0,Hectare,72000.0,Tonnes,2535.211267605634,Madhya Maharashtra,2010
Maharashtra,NANDURBAR,Maize,2010-11,Rabi,1000.0,Hectare,2900.0,Tonnes,2900.0,Madhya Maharashtra,2010
Maharashtra,NANDURBAR,Maize,2010-11,Summer,1100.0,Hectare,1400.0,Tonnes,1272.7272727272727,Madhya Maharashtra,2010
Maharashtra,NANDURBAR,Maize,2011-12,Kharif,29200.0,Hectare,88100.0,Tonnes,3017.123287671233,Madhya Maharashtra,2011
Maharashtra,NANDURBAR,Maize,2011-12,Rabi,1300.0,Hectare,3700.0,Tonnes,2846.153846153846,Madhya Maharashtra,2011
Maharashtra,NANDURBAR,Maize,2011-12,Summer,1400.0,Hectare,1800.0,Tonnes,1285.7142857142858,Madhya Maharashtra,2011
Maharashtra,NANDURBAR,Maize,2012-13,Kharif,32000.0,Hectare,84700.0,Tonnes,2646.875,Madhya Maharashtra,2012
Maharashtra,NANDURBAR,Maize,2012-13,Rabi,1600.0,Hectare,4400.0,Tonnes,2750.0,Madhya Maharashtra,2012
Maharashtra,NASHIK,Maize,2010-11,Rabi,3900.0,Hectare,10500.0,Tonnes,2692.3076923076924,Madhya Maharashtra,2010
Maharashtra,NASHIK,Maize,2010-11,Summer,1400.0,Hectare,1900.0,Tonnes,1357.142857142857,Madhya Maharashtra,2010
Maharashtra,NASHIK,Maize,2011-12,Rabi,1500.0,Hectare,3100.0,Tonnes,2066.666666666667,Madhya Maharashtra,2011
Maharashtra,NASHIK,Maize,2011-12,Summer,700.0,Hectare,900.0,Tonnes,1285.7142857142858,Madhya Maharashtra,2011
Maharashtra,NASHIK,Maize,2012-13,Kharif,168100.0,Hectare,496100.0,Tonnes,2951.2195121951218,Madhya Maharashtra,2012
Maharashtra,NASHIK,Maize,2012-13,Rabi,900.0,Hectare,1700.0,Tonnes,1888.888888888889,Madhya Maharashtra,2012
Maharashtra,NASHIK,Maize,2012-13,Summer,100.0,Hectare,100.0,Tonnes,1000.0,Madhya Maharashtra,2012
Maharashtra,OSMANABAD,Maize,2010-11,Kharif,15600.0,Hectare,13600.0,Tonnes,871.7948717948718,Matathwada,2010
Maharashtra,OSMANABAD,Maize,2010-11,Rabi,1800.0,Hectare,3700.0,Tonnes,2055.5555555555557,Matathwada,2010
Maharashtra,OSMANABAD,Maize,2010-11,Summer,900.0,Hectare,700.0,Tonnes,777.7777777777778,Matathwada,2010
Maharashtra,OSMANABAD,Maize,2011-12,Kharif,16200.0,Hectare,17700.0,Tonnes,1092.5925925925926,Matathwada,2011
Maharashtra,OSMANABAD,Maize,2011-12,Rabi,2100.0,Hectare,5400.0,Tonnes,2571.428571428572,Matathwada,2011
Maharashtra,OSMANABAD,Maize,2011-12,Summer,800.0,Hectare,700.0,Tonnes,875.0,Matathwada,2011
Maharashtra,OSMANABAD,Maize,2012-13,Kharif,18400.0,Hectare,10800.0,Tonnes,586.9565217391305,Matathwada,2012
Maharashtra,OSMANABAD,Maize,2012-13,Rabi,2300.0,Hectare,1700.0,Tonnes,739.1304347826086,Matathwada,2012
Maharashtra,OSMANABAD,Maize,2012-13,Summer,700.0,Hectare,600.0,Tonnes,857.1428571428571,Matathwada,2012
Maharashtra,PARBHANI,Maize,2010-11,Kharif,1400.0,Hectare,1200.0,Tonnes,857.1428571428571,Matathwada,2010
Maharashtra,PARBHANI,Maize,2010-11,Rabi,400.0,Hectare,800.0,Tonnes,2000.0,Matathwada,2010
Maharashtra,PARBHANI,Maize,2010-11,Summer,700.0,Hectare,700.0,Tonnes,1000.0,Matathwada,2010
Maharashtra,PARBHANI,Maize,2011-12,Kharif,1900.0,Hectare,2300.0,Tonnes,1210.5263157894738,Matathwada,2011
Maharashtra,PARBHANI,Maize,2011-12,Rabi,800.0,Hectare,2100.0,Tonnes,2625.0,Matathwada,2011
Maharashtra,PARBHANI,Maize,2011-12,Summer,200.0,Hectare,200.0,Tonnes,1000.0,Matathwada,2011
Maharashtra,PARBHANI,Maize,2012-13,Kharif,1900.0,Hectare,1800.0,Tonnes,947.3684210526317,Matathwada,2012
Maharashtra,PARBHANI,Maize,2012-13,Summer,1800.0,Hectare,1800.0,Tonnes,1000.0,Matathwada,2012
Maharashtra,PUNE,Maize,2010-11,Kharif,10500.0,Hectare,24500.0,Tonnes,2333.333333333333,Madhya Maharashtra,2010
Maharashtra,PUNE,Maize,2010-11,Summer,1700.0,Hectare,2900.0,Tonnes,1705.8823529411764,Madhya Maharashtra,2010
Maharashtra,PUNE,Maize,2011-12,Kharif,10500.0,Hectare,31400.0,Tonnes,2990.4761904761904,Madhya Maharashtra,2011
Maharashtra,PUNE,Maize,2011-12,Summer,2000.0,Hectare,3400.0,Tonnes,1700.0,Madhya Maharashtra,2011
Maharashtra,PUNE,Maize,2012-13,Kharif,9500.0,Hectare,23300.0,Tonnes,2452.6315789473683,Madhya Maharashtra,2012
Maharashtra,PUNE,Maize,2012-13,Rabi,15200.0,Hectare,41900.0,Tonnes,2756.578947368421,Madhya Maharashtra,2012
Maharashtra,PUNE,Maize,2012-13,Summer,500.0,Hectare,900.0,Tonnes,1800.0,Madhya Maharashtra,2012
Maharashtra,RAIGAD,Maize,2011-12,Rabi,200.0,Hectare,600.0,Tonnes,3000.0,Konkan & Goa,2011
Maharashtra,RATNAGIRI,Maize,2010-11,Rabi,100.0,Hectare,300.0,Tonnes,3000.0,Konkan & Goa,2010
Maharashtra,RATNAGIRI,Maize,2011-12,Rabi,100.0,Hectare,300.0,Tonnes,3000.0,Konkan & Goa,2011
Maharashtra,SANGLI,Maize,2010-11,Kharif,26200.0,Hectare,81600.0,Tonnes,3114.503816793893,Madhya Maharashtra,2010
Maharashtra,SANGLI,Maize,2010-11,Rabi,15500.0,Hectare,48900.0,Tonnes,3154.83870967742,Madhya Maharashtra,2010
Maharashtra,SANGLI,Maize,2010-11,Summer,1500.0,Hectare,2300.0,Tonnes,1533.3333333333335,Madhya Maharashtra,2010
Maharashtra,SANGLI,Maize,2011-12,Kharif,32800.0,Hectare,73200.0,Tonnes,2231.707317073171,Madhya Maharashtra,2011
Maharashtra,SANGLI,Maize,2011-12,Rabi,17700.0,Hectare,31500.0,Tonnes,1779.6610169491526,Madhya Maharashtra,2011
Maharashtra,SANGLI,Maize,2011-12,Summer,2600.0,Hectare,4000.0,Tonnes,1538.4615384615383,Madhya Maharashtra,2011
Maharashtra,SANGLI,Maize,2012-13,Kharif,17900.0,Hectare,32400.0,Tonnes,1810.055865921788,Madhya Maharashtra,2012
Maharashtra,SANGLI,Maize,2012-13,Rabi,17000.0,Hectare,32800.0,Tonnes,1929.4117647058824,Madhya Maharashtra,2012
Maharashtra,SATARA,Maize,2010-11,Kharif,12200.0,Hectare,17200.0,Tonnes,1409.8360655737706,Madhya Maharashtra,2010
Maharashtra,SATARA,Maize,2010-11,Rabi,6800.0,Hectare,21000.0,Tonnes,3088.2352941176473,Madhya Maharashtra,2010
Maharashtra,SATARA,Maize,2010-11,Summer,1300.0,Hectare,2100.0,Tonnes,1615.3846153846155,Madhya Maharashtra,2010
Maharashtra,SATARA,Maize,2011-12,Kharif,11900.0,Hectare,19900.0,Tonnes,1672.2689075630253,Madhya Maharashtra,2011
Maharashtra,SATARA,Maize,2011-12,Rabi,6700.0,Hectare,19500.0,Tonnes,2910.44776119403,Madhya Maharashtra,2011
Maharashtra,SATARA,Maize,2011-12,Summer,3700.0,Hectare,6000.0,Tonnes,1621.6216216216214,Madhya Maharashtra,2011
Maharashtra,SATARA,Maize,2012-13,Kharif,10900.0,Hectare,12600.0,Tonnes,1155.9633027522934,Madhya Maharashtra,2012
Maharashtra,SATARA,Maize,2012-13,Rabi,6000.0,Hectare,14100.0,Tonnes,2350.0,Madhya Maharashtra,2012
Maharashtra,SATARA,Maize,2012-13,Summer,2600.0,Hectare,4200.0,Tonnes,1615.3846153846155,Madhya Maharashtra,2012
Maharashtra,SINDHUDURG,Maize,2010-11,Rabi,300.0,Hectare,900.0,Tonnes,3000.0,Konkan & Goa,2010
Maharashtra,SOLAPUR,Maize,2010-11,Kharif,20500.0,Hectare,34800.0,Tonnes,1697.560975609756,Madhya Maharashtra,2010
Maharashtra,SOLAPUR,Maize,2010-11,Rabi,35400.0,Hectare,88700.0,Tonnes,2505.649717514124,Madhya Maharashtra,2010
Maharashtra,SOLAPUR,Maize,2010-11,Summer,2200.0,Hectare,3600.0,Tonnes,1636.3636363636365,Madhya Maharashtra,2010
Maharashtra,SOLAPUR,Maize,2011-12,Kharif,15200.0,Hectare,37800.0,Tonnes,2486.842105263158,Madhya Maharashtra,2011
Maharashtra,SOLAPUR,Maize,2011-12,Rabi,21900.0,Hectare,39800.0,Tonnes,1817.351598173516,Madhya Maharashtra,2011
Maharashtra,SOLAPUR,Maize,2011-12,Summer,2700.0,Hectare,4400.0,Tonnes,1629.6296296296296,Madhya Maharashtra,2011
Maharashtra,SOLAPUR,Maize,2012-13,Kharif,11100.0,Hectare,10800.0,Tonnes,972.972972972973,Madhya Maharashtra,2012
Maharashtra,SOLAPUR,Maize,2012-13,Rabi,21100.0,Hectare,39900.0,Tonnes,1890.9952606635072,Madhya Maharashtra,2012
Maharashtra,SOLAPUR,Maize,2012-13,Summer,1100.0,Hectare,1800.0,Tonnes,1636.3636363636365,Madhya Maharashtra,2012
Maharashtra,THANE,Maize,2010-11,Rabi,100.0,Hectare,300.0,Tonnes,3000.0,Konkan & Goa,2010
Maharashtra,THANE,Maize,2011-12,Rabi,100.0,Hectare,300.0,Tonnes,3000.0,Konkan & Goa,2011
Maharashtra,WARDHA,Maize,2011-12,Kharif,100.0,Hectare,100.0,Tonnes,1000.0,Vidarbha,2011
Maharashtra,WASHIM,Maize,2010-11,Kharif,400.0,Hectare,1000.0,Tonnes,2500.0,Vidarbha,2010
Maharashtra,WASHIM,Maize,2011-12,Kharif,200.0,Hectare,600.0,Tonnes,3000.0,Vidarbha,2011
Maharashtra,WASHIM,Maize,2011-12,Summer,100.0,Hectare,100.0,Tonnes,1000.0,Vidarbha,2011
Maharashtra,WASHIM,Maize,2012-13,Kharif,100.0,Hectare,200.0,Tonnes,2000.0,Vidarbha,2012
Maharashtra,WASHIM,Maize,2012-13,Summer,400.0,Hectare,400.0,Tonnes,1000.0,Vidarbha,2012
Maharashtra,YAVATMAL,Maize,2010-11,Kharif,400.0,Hectare,1000.0,Tonnes,2500.0,Vidarbha,2010
Maharashtra,YAVATMAL,Maize,2010-11,Summer,400.0,Hectare,500.0,Tonnes,1250.0,Vidarbha,2010
Maharashtra,YAVATMAL,Maize,2011-12,Kharif,500.0,Hectare,1400.0,Tonnes,2800.0,Vidarbha,2011
Maharashtra,YAVATMAL,Maize,2012-13,Kharif,500.0,Hectare,1100.0,Tonnes,2200.0,Vidarbha,2012
Maharashtra,AHMEDNAGAR,Maize,2013-14,Rabi,20900.0,Hectare,59300.0,Tonnes,2837.3205741626793,Madhya Maharashtra,2013
Maharashtra,AHMEDNAGAR,Maize,2013-14,Summer,1000.0,Hectare,1500.0,Tonnes,1500.0,Madhya Maharashtra,2013
Maharashtra,AHMEDNAGAR,Maize,2014-15,Kharif,68100.0,Hectare,176100.0,Tonnes,2585.90308370044,Madhya Maharashtra,2014
Maharashtra,AHMEDNAGAR,Maize,2014-15,Rabi,29400.0,Hectare,57600.0,Tonnes,1959.183673469388,Madhya Maharashtra,2014
Maharashtra,AHMEDNAGAR,Maize,2014-15,Summer,200.0,Hectare,400.0,Tonnes,2000.0,Madhya Maharashtra,2014
Maharashtra,AHMEDNAGAR,Maize,2015-16,Kharif,17200.0,Hectare,23900.0,Tonnes,1389.5348837209306,Madhya Maharashtra,2015
Maharashtra,AHMEDNAGAR,Maize,2015-16,Rabi,26700.0,Hectare,45900.0,Tonnes,1719.1011235955057,Madhya Maharashtra,2015
Maharashtra,AHMEDNAGAR,Maize,2015-16,Summer,100.0,Hectare,200.0,Tonnes,2000.0,Madhya Maharashtra,2015
Maharashtra,AKOLA,Maize,2013-14,Kharif,100.0,Hectare,300.0,Tonnes,3000.0,Vidarbha,2013
Maharashtra,AKOLA,Maize,2014-15,Kharif,100.0,Hectare,200.0,Tonnes,2000.0,Vidarbha,2014
Maharashtra,AKOLA,Maize,2015-16,Kharif,100.0,Hectare,200.0,Tonnes,2000.0,Vidarbha,2015
Maharashtra,AKOLA,Maize,2015-16,Rabi,100.0,Hectare,100.0,Tonnes,1000.0,Vidarbha,2015
Maharashtra,AMRAVATI,Maize,2013-14,Kharif,1000.0,Hectare,2900.0,Tonnes,2900.0,Vidarbha,2013
Maharashtra,AMRAVATI,Maize,2013-14,Summer,300.0,Hectare,400.0,Tonnes,1333.3333333333333,Vidarbha,2013
Maharashtra,AMRAVATI,Maize,2014-15,Kharif,800.0,Hectare,1500.0,Tonnes,1875.0,Vidarbha,2014
Maharashtra,AMRAVATI,Maize,2015-16,Kharif,900.0,Hectare,1200.0,Tonnes,1333.3333333333333,Vidarbha,2015
Maharashtra,AMRAVATI,Maize,2015-16,Summer,100.0,Hectare,200.0,Tonnes,2000.0,Vidarbha,2015
Maharashtra,AURANGABAD,Maize,2013-14,Summer,1100.0,Hectare,1400.0,Tonnes,1272.7272727272727,Matathwada,2013
Maharashtra,AURANGABAD,Maize,2014-15,Kharif,191700.0,Hectare,175800.0,Tonnes,917.0579029733959,Matathwada,2014
Maharashtra,AURANGABAD,Maize,2014-15,Rabi,9000.0,Hectare,11400.0,Tonnes,1266.6666666666665,Matathwada,2014
Maharashtra,AURANGABAD,Maize,2015-16,Kharif,212700.0,Hectare,229800.0,Tonnes,1080.394922425952,Matathwada,2015
Maharashtra,AURANGABAD,Maize,2015-16,Rabi,9400.0,Hectare,10100.0,Tonnes,1074.4680851063831,Matathwada,2015
Maharashtra,BEED,Maize,2013-14,Kharif,5200.0,Hectare,6900.0,Tonnes,1326.923076923077,Matathwada,2013
Maharashtra,BEED,Maize,2013-14,Rabi,9200.0,Hectare,11500.0,Tonnes,1250.0,Matathwada,2013
Maharashtra,BEED,Maize,2013-14,Summer,800.0,Hectare,800.0,Tonnes,1000.0,Matathwada,2013
Maharashtra,BEED,Maize,2014-15,Kharif,6200.0,Hectare,4700.0,Tonnes,758.0645161290322,Matathwada,2014
Maharashtra,BEED,Maize,2014-15,Rabi,8500.0,Hectare,5900.0,Tonnes,694.1176470588235,Matathwada,2014
Maharashtra,BULDHANA,Maize,2013-14,Kharif,15000.0,Hectare,42900.0,Tonnes,2860.0,Vidarbha,2013
Maharashtra,BULDHANA,Maize,2013-14,Rabi,16600.0,Hectare,41900.0,Tonnes,2524.0963855421687,Vidarbha,2013
Maharashtra,BULDHANA,Maize,2013-14,Summer,1800.0,Hectare,2600.0,Tonnes,1444.4444444444443,Vidarbha,2013
Maharashtra,BULDHANA,Maize,2014-15,Kharif,30000.0,Hectare,54400.0,Tonnes,1813.3333333333328,Vidarbha,2014
Maharashtra,BULDHANA,Maize,2014-15,Summer,1700.0,Hectare,3000.0,Tonnes,1764.7058823529412,Vidarbha,2014
Maharashtra,BULDHANA,Maize,2015-16,Kharif,27100.0,Hectare,35600.0,Tonnes,1313.6531365313654,Vidarbha,2015
Maharashtra,BULDHANA,Maize,2015-16,Rabi,15300.0,Hectare,13000.0,Tonnes,849.6732026143791,Vidarbha,2015
Maharashtra,BULDHANA,Maize,2015-16,Summer,300.0,Hectare,500.0,Tonnes,1666.6666666666667,Vidarbha,2015
Maharashtra,CHANDRAPUR,Maize,2014-15,Summer,100.0,Hectare,100.0,Tonnes,1000.0,Vidarbha,2014
Maharashtra,CHANDRAPUR,Maize,2015-16,Kharif,100.0,Hectare,100.0,Tonnes,1000.0,Vidarbha,2015
Maharashtra,DHULE,Maize,2013-14,Rabi,2900.0,Hectare,5900.0,Tonnes,2034.482758620689,Madhya Maharashtra,2013
Maharashtra,DHULE,Maize,2013-14,Summer,900.0,Hectare,1000.0,Tonnes,1111.111111111111,Madhya Maharashtra,2013
Maharashtra,DHULE,Maize,2014-15,Kharif,89600.0,Hectare,178200.0,Tonnes,1988.8392857142856,Madhya Maharashtra,2014
Maharashtra,DHULE,Maize,2014-15,Summer,600.0,Hectare,600.0,Tonnes,1000.0,Madhya Maharashtra,2014
Maharashtra,DHULE,Maize,2015-16,Kharif,97900.0,Hectare,166900.0,Tonnes,1704.8008171603676,Madhya Maharashtra,2015
Maharashtra,DHULE,Maize,2015-16,Rabi,11600.0,Hectare,32400.0,Tonnes,2793.1034482758623,Madhya Maharashtra,2015
Maharashtra,DHULE,Maize,2015-16,Summer,1200.0,Hectare,1300.0,Tonnes,1083.3333333333333,Madhya Maharashtra,2015
Maharashtra,GADCHIROLI,Maize,2013-14,Kharif,1700.0,Hectare,4900.0,Tonnes,2882.3529411764707,Vidarbha,2013
Maharashtra,GADCHIROLI,Maize,2013-14,Rabi,1000.0,Hectare,2500.0,Tonnes,2500.0,Vidarbha,2013
Maharashtra,GADCHIROLI,Maize,2014-15,Kharif,1500.0,Hectare,2700.0,Tonnes,1800.0,Vidarbha,2014
Maharashtra,GADCHIROLI,Maize,2015-16,Kharif,1600.0,Hectare,2100.0,Tonnes,1312.5,Vidarbha,2015
Maharashtra,GADCHIROLI,Maize,2015-16,Rabi,100.0,Hectare,100.0,Tonnes,1000.0,Vidarbha,2015
Maharashtra,GADCHIROLI,Maize,2015-16,Summer,300.0,Hectare,600.0,Tonnes,2000.0,Vidarbha,2015
Maharashtra,GONDIA,Maize,2013-14,Kharif,100.0,Hectare,300.0,Tonnes,3000.0,Vidarbha,2013
Maharashtra,GONDIA,Maize,2014-15,Summer,200.0,Hectare,200.0,Tonnes,1000.0,Vidarbha,2014
Maharashtra,GONDIA,Maize,2015-16,Rabi,2200.0,Hectare,1900.0,Tonnes,863.6363636363636,Vidarbha,2015
Maharashtra,HINGOLI,Maize,2013-14,Kharif,400.0,Hectare,500.0,Tonnes,1250.0,Matathwada,2013
Maharashtra,HINGOLI,Maize,2013-14,Rabi,400.0,Hectare,1000.0,Tonnes,2500.0,Matathwada,2013
Maharashtra,HINGOLI,Maize,2013-14,Summer,1200.0,Hectare,1600.0,Tonnes,1333.3333333333333,Matathwada,2013
Maharashtra,HINGOLI,Maize,2014-15,Summer,1600.0,Hectare,1000.0,Tonnes,625.0,Matathwada,2014
Maharashtra,HINGOLI,Maize,2015-16,Rabi,1900.0,Hectare,1600.0,Tonnes,842.1052631578947,Matathwada,2015
Maharashtra,HINGOLI,Maize,2015-16,Summer,4900.0,Hectare,3200.0,Tonnes,653.0612244897959,Matathwada,2015
Maharashtra,JALGAON,Maize,2013-14,Rabi,11600.0,Hectare,26100.0,Tonnes,2250.0,Madhya Maharashtra,2013
Maharashtra,JALGAON,Maize,2013-14,Summer,5200.0,Hectare,8000.0,Tonnes,1538.4615384615383,Madhya Maharashtra,2013
Maharashtra,JALGAON,Maize,2014-15,Kharif,94600.0,Hectare,235100.0,Tonnes,2485.200845665962,Madhya Maharashtra,2014
Maharashtra,JALGAON,Maize,2014-15,Summer,9400.0,Hectare,23500.0,Tonnes,2500.0,Madhya Maharashtra,2014
Maharashtra,JALGAON,Maize,2015-16,Kharif,94600.0,Hectare,124900.0,Tonnes,1320.2959830866807,Madhya Maharashtra,2015
Maharashtra,JALGAON,Maize,2015-16,Rabi,51500.0,Hectare,131600.0,Tonnes,2555.3398058252424,Madhya Maharashtra,2015
Maharashtra,JALGAON,Maize,2015-16,Summer,2800.0,Hectare,4300.0,Tonnes,1535.7142857142858,Madhya Maharashtra,2015
Maharashtra,JALNA,Maize,2013-14,Kharif,73500.0,Hectare,196400.0,Tonnes,2672.1088435374154,Matathwada,2013
Maharashtra,JALNA,Maize,2013-14,Rabi,7500.0,Hectare,16400.0,Tonnes,2186.6666666666665,Matathwada,2013
Maharashtra,JALNA,Maize,2013-14,Summer,2300.0,Hectare,1200.0,Tonnes,521.7391304347826,Matathwada,2013
Maharashtra,JALNA,Maize,2014-15,Kharif,57600.0,Hectare,32200.0,Tonnes,559.0277777777778,Matathwada,2014
Maharashtra,JALNA,Maize,2015-16,Kharif,54400.0,Hectare,44500.0,Tonnes,818.0147058823529,Matathwada,2015
Maharashtra,JALNA,Maize,2015-16,Rabi,7500.0,Hectare,12400.0,Tonnes,1653.333333333333,Matathwada,2015
Maharashtra,KOLHAPUR,Maize,2013-14,Kharif,2200.0,Hectare,5000.0,Tonnes,2272.727272727273,Madhya Maharashtra,2013
Maharashtra,KOLHAPUR,Maize,2013-14,Rabi,4300.0,Hectare,11600.0,Tonnes,2697.6744186046512,Madhya Maharashtra,2013
Maharashtra,KOLHAPUR,Maize,2013-14,Summer,100.0,Hectare,200.0,Tonnes,2000.0,Madhya Maharashtra,2013
Maharashtra,KOLHAPUR,Maize,2014-15,Rabi,6500.0,Hectare,19400.0,Tonnes,2984.6153846153848,Madhya Maharashtra,2014
Maharashtra,KOLHAPUR,Maize,2014-15,Summer,100.0,Hectare,300.0,Tonnes,3000.0,Madhya Maharashtra,2014
Maharashtra,KOLHAPUR,Maize,2015-16,Kharif,3200.0,Hectare,6100.0,Tonnes,1906.25,Madhya Maharashtra,2015
Maharashtra,KOLHAPUR,Maize,2015-16,Rabi,7000.0,Hectare,21100.0,Tonnes,3014.285714285714,Madhya Maharashtra,2015
Maharashtra,KOLHAPUR,Maize,2015-16,Summer,1700.0,Hectare,4300.0,Tonnes,2529.4117647058824,Madhya Maharashtra,2015
Maharashtra,LATUR,Maize,2013-14,Kharif,7100.0,Hectare,18500.0,Tonnes,2605.633802816901,Matathwada,2013
Maharashtra,LATUR,Maize,2013-14,Rabi,3200.0,Hectare,7500.0,Tonnes,2343.75,Matathwada,2013
Maharashtra,LATUR,Maize,2013-14,Summer,500.0,Hectare,600.0,Tonnes,1200.0,Matathwada,2013
Maharashtra,LATUR,Maize,2014-15,Kharif,6700.0,Hectare,4100.0,Tonnes,611.9402985074627,Matathwada,2014
Maharashtra,LATUR,Maize,2014-15,Rabi,2000.0,Hectare,1100.0,Tonnes,550.0,Matathwada,2014
Maharashtra,LATUR,Maize,2015-16,Rabi,1400.0,Hectare,800.0,Tonnes,571.4285714285714,Matathwada,2015
Maharashtra,NAGPUR,Maize,2013-14,Kharif,200.0,Hectare,600.0,Tonnes,3000.0,Vidarbha,2013
Maharashtra,NAGPUR,Maize,2013-14,Summer,300.0,Hectare,300.0,Tonnes,1000.0,Vidarbha,2013
Maharashtra,NAGPUR,Maize,2014-15,Kharif,200.0,Hectare,400.0,Tonnes,2000.0,Vidarbha,2014
Maharashtra,NAGPUR,Maize,2014-15,Summer,400.0,Hectare,400.0,Tonnes,1000.0,Vidarbha,2014
Maharashtra,NAGPUR,Maize,2015-16,Summer,200.0,Hectare,200.0,Tonnes,1000.0,Vidarbha,2015
Maharashtra,NANDED,Maize,2013-14,Kharif,400.0,Hectare,500.0,Tonnes,1250.0,Matathwada,2013
Maharashtra,NANDED,Maize,2013-14,Rabi,100.0,Hectare,100.0,Tonnes,1000.0,Matathwada,2013
Maharashtra,NANDED,Maize,2013-14,Summer,2200.0,Hectare,2100.0,Tonnes,954.5454545454546,Matathwada,2013
Maharashtra,NANDED,Maize,2014-15,Summer,3000.0,Hectare,3500.0,Tonnes,1166.6666666666667,Matathwada,2014
Maharashtra,NANDED,Maize,2015-16,Rabi,8100.0,Hectare,8000.0,Tonnes,987.6543209876544,Matathwada,2015
Maharashtra,NANDED,Maize,2015-16,Summer,300.0,Hectare,400.0,Tonnes,1333.3333333333333,Matathwada,2015
Maharashtra,NANDURBAR,Maize,2013-14,Kharif,27800.0,Hectare,46400.0,Tonnes,1669.064748201439,Madhya Maharashtra,2013
Maharashtra,NANDURBAR,Maize,2013-14,Rabi,2700.0,Hectare,6100.0,Tonnes,2259.259259259259,Madhya Maharashtra,2013
Maharashtra,NANDURBAR,Maize,2013-14,Summer,700.0,Hectare,900.0,Tonnes,1285.7142857142858,Madhya Maharashtra,2013
Maharashtra,NANDURBAR,Maize,2014-15,Kharif,28900.0,Hectare,45300.0,Tonnes,1567.4740484429067,Madhya Maharashtra,2014
Maharashtra,NANDURBAR,Maize,2014-15,Summer,2400.0,Hectare,3200.0,Tonnes,1333.3333333333333,Madhya Maharashtra,2014
Maharashtra,NANDURBAR,Maize,2015-16,Kharif,31500.0,Hectare,39300.0,Tonnes,1247.6190476190477,Madhya Maharashtra,2015
Maharashtra,NANDURBAR,Maize,2015-16,Rabi,5100.0,Hectare,13100.0,Tonnes,2568.6274509803925,Madhya Maharashtra,2015
Maharashtra,NANDURBAR,Maize,2015-16,Summer,1900.0,Hectare,2500.0,Tonnes,1315.7894736842106,Madhya Maharashtra,2015
Maharashtra,NASHIK,Maize,2013-14,Summer,300.0,Hectare,400.0,Tonnes,1333.3333333333333,Madhya Maharashtra,2013
Maharashtra,NASHIK,Maize,2014-15,Kharif,116900.0,Hectare,309000.0,Tonnes,2643.284858853721,Madhya Maharashtra,2014
Maharashtra,NASHIK,Maize,2014-15,Summer,200.0,Hectare,200.0,Tonnes,1000.0,Madhya Maharashtra,2014
Maharashtra,NASHIK,Maize,2015-16,Kharif,141600.0,Hectare,343100.0,Tonnes,2423.0225988700568,Madhya Maharashtra,2015
Maharashtra,NASHIK,Maize,2015-16,Rabi,3000.0,Hectare,4600.0,Tonnes,1533.3333333333335,Madhya Maharashtra,2015
Maharashtra,NASHIK,Maize,2015-16,Summer,100.0,Hectare,100.0,Tonnes,1000.0,Madhya Maharashtra,2015
Maharashtra,OSMANABAD,Maize,2013-14,Kharif,21200.0,Hectare,23000.0,Tonnes,1084.9056603773586,Matathwada,2013
Maharashtra,OSMANABAD,Maize,2013-14,Rabi,2500.0,Hectare,6600.0,Tonnes,2640.0,Matathwada,2013
Maharashtra,OSMANABAD,Maize,2013-14,Summer,1300.0,Hectare,1000.0,Tonnes,769.2307692307693,Matathwada,2013
Maharashtra,OSMANABAD,Maize,2014-15,Rabi,2700.0,Hectare,1600.0,Tonnes,592.5925925925926,Matathwada,2014
Maharashtra,OSMANABAD,Maize,2014-15,Summer,1300.0,Hectare,800.0,Tonnes,615.3846153846155,Matathwada,2014
Maharashtra,OSMANABAD,Maize,2015-16,Summer,700.0,Hectare,400.0,Tonnes,571.4285714285714,Matathwada,2015
Maharashtra,PARBHANI,Maize,2013-14,Kharif,1900.0,Hectare,2600.0,Tonnes,1368.421052631579,Matathwada,2013
Maharashtra,PARBHANI,Maize,2013-14,Rabi,200.0,Hectare,500.0,Tonnes,2500.0,Matathwada,2013
Maharashtra,PARBHANI,Maize,2013-14,Summer,800.0,Hectare,800.0,Tonnes,1000.0,Matathwada,2013
Maharashtra,PARBHANI,Maize,2014-15,Summer,400.0,Hectare,300.0,Tonnes,750.0,Matathwada,2014
Maharashtra,PARBHANI,Maize,2015-16,Rabi,4000.0,Hectare,3400.0,Tonnes,850.0,Matathwada,2015
Maharashtra,PUNE,Maize,2013-14,Kharif,11800.0,Hectare,33000.0,Tonnes,2796.610169491525,Madhya Maharashtra,2013
Maharashtra,PUNE,Maize,2013-14,Rabi,19000.0,Hectare,57000.0,Tonnes,3000.0,Madhya Maharashtra,2013
Maharashtra,PUNE,Maize,2013-14,Summer,1100.0,Hectare,1900.0,Tonnes,1727.2727272727273,Madhya Maharashtra,2013
Maharashtra,PUNE,Maize,2014-15,Summer,1100.0,Hectare,1600.0,Tonnes,1454.5454545454545,Madhya Maharashtra,2014
Maharashtra,PUNE,Maize,2015-16,Kharif,15600.0,Hectare,37300.0,Tonnes,2391.025641025641,Madhya Maharashtra,2015
Maharashtra,PUNE,Maize,2015-16,Rabi,15700.0,Hectare,42100.0,Tonnes,2681.5286624203823,Madhya Maharashtra,2015
Maharashtra,PUNE,Maize,2015-16,Summer,5900.0,Hectare,8900.0,Tonnes,1508.4745762711864,Madhya Maharashtra,2015
Maharashtra,RATNAGIRI,Maize,2015-16,Rabi,50.0,Hectare,100.0,Tonnes,2000.0,Konkan & Goa,2015
Maharashtra,SANGLI,Maize,2013-14,Kharif,26600.0,Hectare,57800.0,Tonnes,2172.9323308270677,Madhya Maharashtra,2013
Maharashtra,SANGLI,Maize,2013-14,Rabi,18500.0,Hectare,52300.0,Tonnes,2827.027027027027,Madhya Maharashtra,2013
Maharashtra,SANGLI,Maize,2013-14,Summer,2800.0,Hectare,4400.0,Tonnes,1571.4285714285713,Madhya Maharashtra,2013
Maharashtra,SANGLI,Maize,2014-15,Summer,2400.0,Hectare,3700.0,Tonnes,1541.6666666666667,Madhya Maharashtra,2014
Maharashtra,SANGLI,Maize,2015-16,Kharif,28200.0,Hectare,52900.0,Tonnes,1875.886524822695,Madhya Maharashtra,2015
Maharashtra,SANGLI,Maize,2015-16,Rabi,17900.0,Hectare,36000.0,Tonnes,2011.173184357542,Madhya Maharashtra,2015
Maharashtra,SANGLI,Maize,2015-16,Summer,600.0,Hectare,900.0,Tonnes,1500.0,Madhya Maharashtra,2015
Maharashtra,SATARA,Maize,2013-14,Kharif,13200.0,Hectare,32200.0,Tonnes,2439.3939393939395,Madhya Maharashtra,2013
Maharashtra,SATARA,Maize,2013-14,Rabi,11700.0,Hectare,34100.0,Tonnes,2914.5299145299145,Madhya Maharashtra,2013
Maharashtra,SATARA,Maize,2013-14,Summer,500.0,Hectare,800.0,Tonnes,1600.0,Madhya Maharashtra,2013
Maharashtra,SATARA,Maize,2014-15,Kharif,16400.0,Hectare,31400.0,Tonnes,1914.6341463414635,Madhya Maharashtra,2014
Maharashtra,SATARA,Maize,2014-15,Rabi,11700.0,Hectare,24800.0,Tonnes,2119.65811965812,Madhya Maharashtra,2014
Maharashtra,SATARA,Maize,2014-15,Summer,2700.0,Hectare,4300.0,Tonnes,1592.5925925925926,Madhya Maharashtra,2014
Maharashtra,SATARA,Maize,2015-16,Kharif,17100.0,Hectare,32600.0,Tonnes,1906.432748538012,Madhya Maharashtra,2015
Maharashtra,SATARA,Maize,2015-16,Rabi,12400.0,Hectare,27500.0,Tonnes,2217.741935483871,Madhya Maharashtra,2015
Maharashtra,SATARA,Maize,2015-16,Summer,1500.0,Hectare,2400.0,Tonnes,1600.0,Madhya Maharashtra,2015
Maharashtra,SINDHUDURG,Maize,2014-15,Rabi,100.0,Hectare,200.0,Tonnes,2000.0,Konkan & Goa,2014
Maharashtra,SINDHUDURG,Maize,2015-16,Rabi,100.0,Hectare,100.0,Tonnes,1000.0,Konkan & Goa,2015
Maharashtra,SOLAPUR,Maize,2013-14,Kharif,11100.0,Hectare,19300.0,Tonnes,1738.7387387387387,Madhya Maharashtra,2013
Maharashtra,SOLAPUR,Maize,2013-14,Rabi,31200.0,Hectare,75300.0,Tonnes,2413.461538461538,Madhya Maharashtra,2013
Maharashtra,SOLAPUR,Maize,2013-14,Summer,2000.0,Hectare,3300.0,Tonnes,1650.0,Madhya Maharashtra,2013
Maharashtra,SOLAPUR,Maize,2014-15,Kharif,12700.0,Hectare,24000.0,Tonnes,1889.763779527559,Madhya Maharashtra,2014
Maharashtra,SOLAPUR,Maize,2014-15,Rabi,36100.0,Hectare,105800.0,Tonnes,2930.747922437673,Madhya Maharashtra,2014
Maharashtra,SOLAPUR,Maize,2014-15,Summer,2200.0,Hectare,3400.0,Tonnes,1545.4545454545455,Madhya Maharashtra,2014
Maharashtra,SOLAPUR,Maize,2015-16,Kharif,10600.0,Hectare,10800.0,Tonnes,1018.8679245283021,Madhya Maharashtra,2015
Maharashtra,SOLAPUR,Maize,2015-16,Rabi,33100.0,Hectare,47600.0,Tonnes,1438.0664652567975,Madhya Maharashtra,2015
Maharashtra,SOLAPUR,Maize,2015-16,Summer,4500.0,Hectare,6800.0,Tonnes,1511.111111111111,Madhya Maharashtra,2015
Maharashtra,THANE,Maize,2015-16,Rabi,10.0,Hectare,20.0,Tonnes,2000.0,Konkan & Goa,2015
Maharashtra,WARDHA,Maize,2013-14,Summer,500.0,Hectare,500.0,Tonnes,1000.0,Vidarbha,2013
Maharashtra,WARDHA,Maize,2014-15,Summer,1000.0,Hectare,1000.0,Tonnes,1000.0,Vidarbha,2014
Maharashtra,WARDHA,Maize,2015-16,Summer,300.0,Hectare,300.0,Tonnes,1000.0,Vidarbha,2015
Maharashtra,WASHIM,Maize,2013-14,Kharif,300.0,Hectare,900.0,Tonnes,3000.0,Vidarbha,2013
Maharashtra,WASHIM,Maize,2013-14,Summer,100.0,Hectare,100.0,Tonnes,1000.0,Vidarbha,2013
Maharashtra,WASHIM,Maize,2014-15,Kharif,500.0,Hectare,900.0,Tonnes,1800.0,Vidarbha,2014
Maharashtra,WASHIM,Maize,2015-16,Kharif,600.0,Hectare,800.0,Tonnes,1333.3333333333333,Vidarbha,2015
Maharashtra,WASHIM,Maize,2015-16,Summer,500.0,Hectare,900.0,Tonnes,1800.0,Vidarbha,2015
Maharashtra,YAVATMAL,Maize,2013-14,Summer,400.0,Hectare,500.0,Tonnes,1250.0,Vidarbha,2013
Maharashtra,YAVATMAL,Maize,2015-16,Rabi,3300.0,Hectare,2800.0,Tonnes,848.4848484848485,Vidarbha,2015
Maharashtra,YAVATMAL,Maize,2015-16,Summer,100.0,Hectare,200.0,Tonnes,2000.0,Vidarbha,2015
Maharashtra,AHMEDNAGAR,Maize,2016-17,Kharif,22000.0,Hectare,68700.0,Tonnes,3122.727272727273,Madhya Maharashtra,2016
Maharashtra,AHMEDNAGAR,Maize,2016-17,Summer,1600.0,Hectare,4300.0,Tonnes,2687.5,Madhya Maharashtra,2016
Maharashtra,AHMEDNAGAR,Maize,2017-18,Kharif,27400.0,Hectare,77300.0,Tonnes,2821.167883211679,Madhya Maharashtra,2017
Maharashtra,AHMEDNAGAR,Maize,2017-18,Summer,1479.0,Hectare,1300.0,Tonnes,878.9722785665991,Madhya Maharashtra,2017
Maharashtra,AHMEDNAGAR,Maize,2018-19,Rabi,28670.0,Hectare,29600.0,Tonnes,1032.4380885943497,Madhya Maharashtra,2018
Maharashtra,AKOLA,Maize,2016-17,Kharif,100.0,Hectare,200.0,Tonnes,2000.0,Vidarbha,2016
Maharashtra,AKOLA,Maize,2016-17,Rabi,100.0,Hectare,100.0,Tonnes,1000.0,Vidarbha,2016
Maharashtra,AKOLA,Maize,2016-17,Summer,100.0,Hectare,100.0,Tonnes,1000.0,Vidarbha,2016
Maharashtra,AKOLA,Maize,2017-18,Kharif,300.0,Hectare,800.0,Tonnes,2666.6666666666665,Vidarbha,2017
Maharashtra,AKOLA,Maize,2017-18,Rabi,200.0,Hectare,200.0,Tonnes,1000.0,Vidarbha,2017
Maharashtra,AKOLA,Maize,2017-18,Summer,53.0,Hectare,100.0,Tonnes,1886.7924528301887,Vidarbha,2017
Maharashtra,AKOLA,Maize,2018-19,Kharif,236.0,Hectare,339.0,Tonnes,1436.4406779661017,Vidarbha,2018
Maharashtra,AKOLA,Maize,2018-19,Rabi,350.0,Hectare,260.0,Tonnes,742.8571428571429,Vidarbha,2018
Maharashtra,AMRAVATI,Maize,2016-17,Kharif,1000.0,Hectare,2700.0,Tonnes,2700.0,Vidarbha,2016
Maharashtra,AMRAVATI,Maize,2016-17,Rabi,1200.0,Hectare,2000.0,Tonnes,1666.6666666666667,Vidarbha,2016
Maharashtra,AMRAVATI,Maize,2017-18,Kharif,6600.0,Hectare,16700.0,Tonnes,2530.3030303030305,Vidarbha,2017
Maharashtra,AMRAVATI,Maize,2017-18,Rabi,600.0,Hectare,600.0,Tonnes,1000.0,Vidarbha,2017
Maharashtra,AMRAVATI,Maize,2017-18,Summer,819.9999999999999,Hectare,1500.0,Tonnes,1829.268292682927,Vidarbha,2017
Maharashtra,AMRAVATI,Maize,2018-19,Kharif,8346.0,Hectare,11962.0,Tonnes,1433.261442607237,Vidarbha,2018
Maharashtra,AMRAVATI,Maize,2018-19,Rabi,869.9999999999999,Hectare,600.0,Tonnes,689.6551724137931,Vidarbha,2018
Maharashtra,AMRAVATI,Maize,2018-19,Summer,451.0,Hectare,900.0,Tonnes,1995.5654101995567,Vidarbha,2018
Maharashtra,AURANGABAD,Maize,2016-17,Summer,1700.0,Hectare,2700.0,Tonnes,1588.235294117647,Matathwada,2016
Maharashtra,AURANGABAD,Maize,2017-18,Kharif,38000.0,Hectare,75600.0,Tonnes,1989.4736842105265,Matathwada,2017
Maharashtra,AURANGABAD,Maize,2017-18,Rabi,7800.0,Hectare,18500.0,Tonnes,2371.7948717948716,Matathwada,2017
Maharashtra,AURANGABAD,Maize,2017-18,Summer,913.0,Hectare,1100.0,Tonnes,1204.8192771084337,Matathwada,2017
Maharashtra,AURANGABAD,Maize,2018-19,Kharif,39302.0,Hectare,56812.0,Tonnes,1445.5244007938527,Matathwada,2018
Maharashtra,AURANGABAD,Maize,2018-19,Summer,162.0,Hectare,150.0,Tonnes,925.9259259259261,Matathwada,2018
Maharashtra,BEED,Maize,2016-17,Kharif,9600.0,Hectare,7830.0,Tonnes,815.625,Matathwada,2016
Maharashtra,BEED,Maize,2016-17,Rabi,31300.0,Hectare,72440.0,Tonnes,2314.376996805112,Matathwada,2016
Maharashtra,BEED,Maize,2016-17,Summer,1300.0,Hectare,2160.0,Tonnes,1661.5384615384617,Matathwada,2016
Maharashtra,BEED,Maize,2017-18,Kharif,7900.0,Hectare,6509.999999999999,Tonnes,824.0506329113922,Matathwada,2017
Maharashtra,BEED,Maize,2017-18,Rabi,39700.0,Hectare,28340.0,Tonnes,713.8539042821158,Matathwada,2017
Maharashtra,BEED,Maize,2017-18,Summer,1229.0,Hectare,1470.0,Tonnes,1196.0943856794142,Matathwada,2017
Maharashtra,BHANDARA,Maize,2016-17,Kharif,10.0,Hectare,17.0,Tonnes,1700.0,Vidarbha,2016
Maharashtra,BHANDARA,Maize,2016-17,Summer,300.0,Hectare,500.0,Tonnes,1666.6666666666667,Vidarbha,2016
Maharashtra,BULDHANA,Maize,2016-17,Kharif,27380.0,Hectare,75700.0,Tonnes,2764.791818845873,Vidarbha,2016
Maharashtra,BULDHANA,Maize,2016-17,Rabi,31380.0,Hectare,55000.0,Tonnes,1752.7087316762268,Vidarbha,2016
Maharashtra,BULDHANA,Maize,2016-17,Summer,1600.0,Hectare,2600.0,Tonnes,1625.0,Vidarbha,2016
Maharashtra,BULDHANA,Maize,2017-18,Kharif,31840.0,Hectare,79900.0,Tonnes,2509.422110552764,Vidarbha,2017
Maharashtra,BULDHANA,Maize,2017-18,Rabi,6900.0,Hectare,7200.0,Tonnes,1043.4782608695652,Vidarbha,2017
Maharashtra,BULDHANA,Maize,2017-18,Summer,861.0,Hectare,1700.0,Tonnes,1974.4483159117303,Vidarbha,2017
Maharashtra,BULDHANA,Maize,2018-19,Kharif,33120.0,Hectare,47468.0,Tonnes,1433.2125603864733,Vidarbha,2018
Maharashtra,BULDHANA,Maize,2018-19,Rabi,4830.0,Hectare,3500.0,Tonnes,724.6376811594203,Vidarbha,2018
Maharashtra,BULDHANA,Maize,2018-19,Summer,720.0,Hectare,1450.0,Tonnes,2013.888888888889,Vidarbha,2018
Maharashtra,CHANDRAPUR,Maize,2016-17,Kharif,30.0,Hectare,83.0,Tonnes,2766.6666666666665,Vidarbha,2016
Maharashtra,CHANDRAPUR,Maize,2016-17,Summer,200.0,Hectare,300.0,Tonnes,1500.0,Vidarbha,2016
Maharashtra,CHANDRAPUR,Maize,2017-18,Kharif,26.0,Hectare,65.0,Tonnes,2500.0,Vidarbha,2017
Maharashtra,DHULE,Maize,2016-17,Kharif,63200.0,Hectare,167500.0,Tonnes,2650.316455696203,Madhya Maharashtra,2016
Maharashtra,DHULE,Maize,2016-17,Summer,600.0,Hectare,1600.0,Tonnes,2666.6666666666665,Madhya Maharashtra,2016
Maharashtra,DHULE,Maize,2017-18,Summer,346.0,Hectare,800.0,Tonnes,2312.1387283237,Madhya Maharashtra,2017
Maharashtra,DHULE,Maize,2018-19,Kharif,68048.0,Hectare,141745.0,Tonnes,2083.014930637197,Madhya Maharashtra,2018
Maharashtra,DHULE,Maize,2018-19,Rabi,5630.0,Hectare,15500.0,Tonnes,2753.108348134991,Madhya Maharashtra,2018
Maharashtra,GADCHIROLI,Maize,2016-17,Kharif,1600.0,Hectare,4500.0,Tonnes,2812.5,Vidarbha,2016
Maharashtra,GADCHIROLI,Maize,2016-17,Rabi,300.0,Hectare,500.0,Tonnes,1666.6666666666667,Vidarbha,2016
Maharashtra,GADCHIROLI,Maize,2017-18,Kharif,1600.0,Hectare,4100.0,Tonnes,2562.5,Vidarbha,2017
Maharashtra,GADCHIROLI,Maize,2017-18,Rabi,400.0,Hectare,500.0,Tonnes,1250.0,Vidarbha,2017
Maharashtra,GADCHIROLI,Maize,2017-18,Summer,326.0,Hectare,800.0,Tonnes,2453.98773006135,Vidarbha,2017
Maharashtra,GADCHIROLI,Maize,2018-19,Kharif,1383.0,Hectare,1982.0,Tonnes,1433.116413593637,Vidarbha,2018
Maharashtra,GADCHIROLI,Maize,2018-19,Rabi,620.0,Hectare,400.0,Tonnes,645.1612903225806,Vidarbha,2018
Maharashtra,GADCHIROLI,Maize,2018-19,Summer,70.0,Hectare,50.0,Tonnes,714.2857142857143,Vidarbha,2018
Maharashtra,GONDIA,Maize,2016-17,Rabi,6.0,Hectare,11.0,Tonnes,1833.3333333333333,Vidarbha,2016
Maharashtra,GONDIA,Maize,2016-17,Summer,600.0,Hectare,900.0,Tonnes,1500.0,Vidarbha,2016
Maharashtra,GONDIA,Maize,2017-18,Rabi,29.0,Hectare,30.0,Tonnes,1034.4827586206895,Vidarbha,2017
Maharashtra,GONDIA,Maize,2017-18,Summer,139.0,Hectare,100.0,Tonnes,719.4244604316547,Vidarbha,2017
Maharashtra,GONDIA,Maize,2018-19,Summer,30.0,Hectare,20.0,Tonnes,666.6666666666666,Vidarbha,2018
Maharashtra,HINGOLI,Maize,2016-17,Rabi,2000.0,Hectare,3500.0,Tonnes,1750.0,Matathwada,2016
Maharashtra,HINGOLI,Maize,2016-17,Summer,900.0,Hectare,1400.0,Tonnes,1555.5555555555557,Matathwada,2016
Maharashtra,HINGOLI,Maize,2017-18,Kharif,1100.0,Hectare,900.0,Tonnes,818.1818181818182,Matathwada,2017
Maharashtra,HINGOLI,Maize,2017-18,Rabi,100.0,Hectare,100.0,Tonnes,1000.0,Matathwada,2017
Maharashtra,HINGOLI,Maize,2017-18,Summer,350.0,Hectare,200.0,Tonnes,571.4285714285714,Matathwada,2017
Maharashtra,HINGOLI,Maize,2018-19,Rabi,97.0,Hectare,100.0,Tonnes,1030.9278350515465,Matathwada,2018
Maharashtra,JALGAON,Maize,2016-17,Rabi,64200.0,Hectare,203100.0,Tonnes,3163.551401869159,Madhya Maharashtra,2016
Maharashtra,JALGAON,Maize,2016-17,Summer,20100.0,Hectare,47200.0,Tonnes,2348.258706467662,Madhya Maharashtra,2016
Maharashtra,JALGAON,Maize,2017-18,Summer,9266.0,Hectare,21800.0,Tonnes,2352.687243686596,Madhya Maharashtra,2017
Maharashtra,JALGAON,Maize,2018-19,Kharif,125887.0,Hectare,217339.0,Tonnes,1726.461032513286,Madhya Maharashtra,2018
Maharashtra,JALGAON,Maize,2018-19,Rabi,49060.0,Hectare,129700.0,Tonnes,2643.701589889931,Madhya Maharashtra,2018
Maharashtra,JALGAON,Maize,2018-19,Summer,3100.0,Hectare,4810.0,Tonnes,1551.6129032258063,Madhya Maharashtra,2018
Maharashtra,JALNA,Maize,2016-17,Kharif,53600.0,Hectare,130900.0,Tonnes,2442.164179104477,Matathwada,2016
Maharashtra,JALNA,Maize,2016-17,Summer,500.0,Hectare,800.0,Tonnes,1600.0,Matathwada,2016
Maharashtra,JALNA,Maize,2017-18,Kharif,59900.0,Hectare,119300.0,Tonnes,1991.652754590985,Matathwada,2017
Maharashtra,JALNA,Maize,2017-18,Rabi,5600.0,Hectare,13300.0,Tonnes,2375.0,Matathwada,2017
Maharashtra,JALNA,Maize,2017-18,Summer,440.00000000000006,Hectare,500.0,Tonnes,1136.3636363636363,Matathwada,2017
Maharashtra,JALNA,Maize,2018-19,Kharif,42838.0,Hectare,57227.0,Tonnes,1335.8933657033476,Matathwada,2018
Maharashtra,JALNA,Maize,2018-19,Rabi,1830.0,Hectare,2500.0,Tonnes,1366.120218579235,Matathwada,2018
Maharashtra,JALNA,Maize,2018-19,Summer,48.0,Hectare,40.0,Tonnes,833.3333333333334,Matathwada,2018
Maharashtra,KOLHAPUR,Maize,2016-17,Summer,1200.0,Hectare,2600.0,Tonnes,2166.6666666666665,Madhya Maharashtra,2016
Maharashtra,KOLHAPUR,Maize,2017-18,Kharif,4400.0,Hectare,10800.0,Tonnes,2454.5454545454545,Madhya Maharashtra,2017
Maharashtra,KOLHAPUR,Maize,2017-18,Summer,940.0,Hectare,2400.0,Tonnes,2553.191489361702,Madhya Maharashtra,2017
Maharashtra,KOLHAPUR,Maize,2018-19,Kharif,2434.0,Hectare,7363.0,Tonnes,3025.06162695152,Madhya Maharashtra,2018
Maharashtra,KOLHAPUR,Maize,2018-19,Summer,660.0,Hectare,1620.0,Tonnes,2454.5454545454545,Madhya Maharashtra,2018
Maharashtra,LATUR,Maize,2016-17,Rabi,2200.0,Hectare,3800.0,Tonnes,1727.2727272727273,Matathwada,2016
Maharashtra,LATUR,Maize,2016-17,Summer,500.0,Hectare,900.0,Tonnes,1800.0,Matathwada,2016
Maharashtra,LATUR,Maize,2017-18,Kharif,6700.0,Hectare,4400.0,Tonnes,656.7164179104477,Matathwada,2017
Maharashtra,LATUR,Maize,2017-18,Summer,384.0,Hectare,300.0,Tonnes,781.25,Matathwada,2017
Maharashtra,LATUR,Maize,2018-19,Kharif,7339.0,Hectare,4957.0,Tonnes,675.4326202479903,Matathwada,2018
Maharashtra,MUMBAI SUBURBAN,Maize,2016-17,Summer,100.0,Hectare,100.0,Tonnes,1000.0,Konkan & Goa,2016
Maharashtra,NAGPUR,Maize,2016-17,Kharif,40.0,Hectare,100.0,Tonnes,2500.0,Vidarbha,2016
Maharashtra,NAGPUR,Maize,2016-17,Rabi,24.0,Hectare,40.0,Tonnes,1666.6666666666667,Vidarbha,2016
Maharashtra,NAGPUR,Maize,2017-18,Kharif,49.0,Hectare,100.0,Tonnes,2040.8163265306123,Vidarbha,2017
Maharashtra,NAGPUR,Maize,2017-18,Rabi,50.0,Hectare,50.0,Tonnes,1000.0,Vidarbha,2017
Maharashtra,NANDED,Maize,2016-17,Rabi,7200.0,Hectare,14900.0,Tonnes,2069.444444444445,Matathwada,2016
Maharashtra,NANDED,Maize,2016-17,Summer,2700.0,Hectare,4300.0,Tonnes,1592.5925925925926,Matathwada,2016
Maharashtra,NANDED,Maize,2017-18,Kharif,500.0,Hectare,400.0,Tonnes,800.0,Matathwada,2017
Maharashtra,NANDED,Maize,2017-18,Rabi,4100.0,Hectare,8400.0,Tonnes,2048.7804878048782,Matathwada,2017
Maharashtra,NANDED,Maize,2017-18,Summer,1546.0,Hectare,1500.0,Tonnes,970.2457956015525,Matathwada,2017
Maharashtra,NANDED,Maize,2018-19,Rabi,2970.0,Hectare,2100.0,Tonnes,707.070707070707,Matathwada,2018
Maharashtra,NANDED,Maize,2018-19,Summer,2850.0,Hectare,2720.0,Tonnes,954.3859649122808,Matathwada,2018
Maharashtra,NANDURBAR,Maize,2016-17,Kharif,39300.0,Hectare,99900.0,Tonnes,2541.984732824428,Madhya Maharashtra,2016
Maharashtra,NANDURBAR,Maize,2016-17,Summer,1900.0,Hectare,4700.0,Tonnes,2473.684210526316,Madhya Maharashtra,2016
Maharashtra,NANDURBAR,Maize,2017-18,Kharif,47400.0,Hectare,127100.0,Tonnes,2681.434599156118,Madhya Maharashtra,2017
Maharashtra,NANDURBAR,Maize,2017-18,Summer,1183.0,Hectare,2800.0,Tonnes,2366.8639053254437,Madhya Maharashtra,2017
Maharashtra,NANDURBAR,Maize,2018-19,Kharif,50485.0,Hectare,69386.0,Tonnes,1374.3884322075862,Madhya Maharashtra,2018
Maharashtra,NANDURBAR,Maize,2018-19,Rabi,4490.0,Hectare,11900.0,Tonnes,2650.3340757238307,Madhya Maharashtra,2018
Maharashtra,NANDURBAR,Maize,2018-19,Summer,800.0,Hectare,1030.0,Tonnes,1287.5,Madhya Maharashtra,2018
Maharashtra,NASHIK,Maize,2017-18,Summer,984.0,Hectare,2300.0,Tonnes,2337.39837398374,Madhya Maharashtra,2017
Maharashtra,NASHIK,Maize,2018-19,Kharif,171881.0,Hectare,462044.0,Tonnes,2688.162158702823,Madhya Maharashtra,2018
Maharashtra,NASHIK,Maize,2018-19,Rabi,1830.0,Hectare,2700.0,Tonnes,1475.4098360655742,Madhya Maharashtra,2018
Maharashtra,NASHIK,Maize,2018-19,Summer,169.0,Hectare,220.00000000000003,Tonnes,1301.7751479289943,Madhya Maharashtra,2018
Maharashtra,OSMANABAD,Maize,2016-17,Rabi,2100.0,Hectare,4000.0,Tonnes,1904.7619047619048,Matathwada,2016
Maharashtra,OSMANABAD,Maize,2016-17,Summer,1300.0,Hectare,2100.0,Tonnes,1615.3846153846155,Matathwada,2016
Maharashtra,OSMANABAD,Maize,2017-18,Kharif,19000.0,Hectare,15600.0,Tonnes,821.0526315789474,Matathwada,2017
Maharashtra,OSMANABAD,Maize,2017-18,Rabi,7800.0,Hectare,7400.0,Tonnes,948.7179487179488,Matathwada,2017
Maharashtra,OSMANABAD,Maize,2017-18,Summer,1757.0,Hectare,1700.0,Tonnes,967.5583380762664,Matathwada,2017
Maharashtra,OSMANABAD,Maize,2018-19,Rabi,8059.999999999999,Hectare,7000.0,Tonnes,868.4863523573202,Matathwada,2018
Maharashtra,PALGHAR,Maize,2018-19,Rabi,2.0,Hectare,5.0,Tonnes,2500.0,Konkan & Goa,2018
Maharashtra,PARBHANI,Maize,2016-17,Rabi,3500.0,Hectare,6128.0,Tonnes,1750.857142857143,Matathwada,2016
Maharashtra,PARBHANI,Maize,2016-17,Summer,2500.0,Hectare,3900.0,Tonnes,1560.0,Matathwada,2016
Maharashtra,PARBHANI,Maize,2017-18,Kharif,1270.0,Hectare,1000.0,Tonnes,787.4015748031496,Matathwada,2017
Maharashtra,PARBHANI,Maize,2017-18,Rabi,1840.0,Hectare,1908.0,Tonnes,1036.9565217391303,Matathwada,2017
Maharashtra,PARBHANI,Maize,2017-18,Summer,971.0,Hectare,600.0,Tonnes,617.9196704428424,Matathwada,2017
Maharashtra,PARBHANI,Maize,2018-19,Rabi,2330.0,Hectare,1700.0,Tonnes,729.6137339055794,Matathwada,2018
Maharashtra,PUNE,Maize,2016-17,Summer,2500.0,Hectare,6100.0,Tonnes,2440.0,Madhya Maharashtra,2016
Maharashtra,PUNE,Maize,2017-18,Kharif,19500.0,Hectare,53200.0,Tonnes,2728.2051282051284,Madhya Maharashtra,2017
Maharashtra,PUNE,Maize,2017-18,Summer,1928.0,Hectare,2100.0,Tonnes,1089.211618257261,Madhya Maharashtra,2017
Maharashtra,PUNE,Maize,2018-19,Kharif,17057.0,Hectare,46000.0,Tonnes,2696.840007035235,Madhya Maharashtra,2018
Maharashtra,PUNE,Maize,2018-19,Rabi,16400.0,Hectare,42100.0,Tonnes,2567.0731707317073,Madhya Maharashtra,2018
Maharashtra,PUNE,Maize,2018-19,Summer,1110.0,Hectare,1220.0,Tonnes,1099.0990990990992,Madhya Maharashtra,2018
Maharashtra,SANGLI,Maize,2016-17,Kharif,41800.0,Hectare,131300.0,Tonnes,3141.148325358852,Madhya Maharashtra,2016
Maharashtra,SANGLI,Maize,2016-17,Rabi,20200.0,Hectare,61200.0,Tonnes,3029.70297029703,Madhya Maharashtra,2016
Maharashtra,SANGLI,Maize,2016-17,Summer,2000.0,Hectare,3200.0,Tonnes,1600.0,Madhya Maharashtra,2016
Maharashtra,SANGLI,Maize,2017-18,Kharif,35500.0,Hectare,82600.0,Tonnes,2326.760563380282,Madhya Maharashtra,2017
Maharashtra,SANGLI,Maize,2017-18,Rabi,21500.0,Hectare,55700.0,Tonnes,2590.6976744186045,Madhya Maharashtra,2017
Maharashtra,SANGLI,Maize,2017-18,Summer,1784.0,Hectare,3900.0,Tonnes,2186.0986547085204,Madhya Maharashtra,2017
Maharashtra,SANGLI,Maize,2018-19,Kharif,36729.0,Hectare,66655.0,Tonnes,1814.7785128917205,Madhya Maharashtra,2018
Maharashtra,SANGLI,Maize,2018-19,Rabi,14340.0,Hectare,34200.0,Tonnes,2384.937238493724,Madhya Maharashtra,2018
Maharashtra,SANGLI,Maize,2018-19,Summer,1220.0,Hectare,1900.0,Tonnes,1557.3770491803277,Madhya Maharashtra,2018
Maharashtra,SATARA,Maize,2016-17,Kharif,21600.0,Hectare,47800.0,Tonnes,2212.9629629629626,Madhya Maharashtra,2016
Maharashtra,SATARA,Maize,2016-17,Rabi,12900.0,Hectare,28200.0,Tonnes,2186.046511627907,Madhya Maharashtra,2016
Maharashtra,SATARA,Maize,2016-17,Summer,1000.0,Hectare,1700.0,Tonnes,1700.0,Madhya Maharashtra,2016
Maharashtra,SATARA,Maize,2017-18,Kharif,19100.0,Hectare,59200.0,Tonnes,3099.476439790576,Madhya Maharashtra,2017
Maharashtra,SATARA,Maize,2017-18,Rabi,13000.0,Hectare,35900.0,Tonnes,2761.538461538461,Madhya Maharashtra,2017
Maharashtra,SATARA,Maize,2017-18,Summer,1886.0,Hectare,3000.0,Tonnes,1590.668080593849,Madhya Maharashtra,2017
Maharashtra,SATARA,Maize,2018-19,Kharif,18798.0,Hectare,41074.0,Tonnes,2185.0196829449937,Madhya Maharashtra,2018
Maharashtra,SATARA,Maize,2018-19,Rabi,10840.0,Hectare,29300.0,Tonnes,2702.9520295202956,Madhya Maharashtra,2018
Maharashtra,SATARA,Maize,2018-19,Summer,1680.0,Hectare,2350.0,Tonnes,1398.8095238095234,Madhya Maharashtra,2018
Maharashtra,SOLAPUR,Maize,2016-17,Kharif,16000.0,Hectare,18150.0,Tonnes,1134.375,Madhya Maharashtra,2016
Maharashtra,SOLAPUR,Maize,2016-17,Rabi,43000.0,Hectare,75780.0,Tonnes,1762.325581395349,Madhya Maharashtra,2016
Maharashtra,SOLAPUR,Maize,2016-17,Summer,4000.0,Hectare,10470.0,Tonnes,2617.5,Madhya Maharashtra,2016
Maharashtra,SOLAPUR,Maize,2017-18,Kharif,21500.0,Hectare,52990.0,Tonnes,2464.6511627906975,Madhya Maharashtra,2017
Maharashtra,SOLAPUR,Maize,2017-18,Rabi,50100.0,Hectare,100600.0,Tonnes,2007.9840319361278,Madhya Maharashtra,2017
Maharashtra,SOLAPUR,Maize,2017-18,Summer,4209.0,Hectare,2530.0,Tonnes,601.0928961748634,Madhya Maharashtra,2017
Maharashtra,SOLAPUR,Maize,2018-19,Kharif,21623.0,Hectare,20185.0,Tonnes,933.4967395828517,Madhya Maharashtra,2018
Maharashtra,SOLAPUR,Maize,2018-19,Rabi,38290.0,Hectare,54400.0,Tonnes,1420.7364847218596,Madhya Maharashtra,2018
Maharashtra,SOLAPUR,Maize,2018-19,Summer,1830.0,Hectare,1520.0,Tonnes,830.6010928961749,Madhya Maharashtra,2018
Maharashtra,WARDHA,Maize,2016-17,Rabi,100.0,Hectare,100.0,Tonnes,1000.0,Vidarbha,2016
Maharashtra,WASHIM,Maize,2016-17,Kharif,400.0,Hectare,1000.0,Tonnes,2500.0,Vidarbha,2016
Maharashtra,WASHIM,Maize,2017-18,Kharif,500.0,Hectare,1300.0,Tonnes,2600.0,Vidarbha,2017
Maharashtra,WASHIM,Maize,2017-18,Rabi,100.0,Hectare,100.0,Tonnes,1000.0,Vidarbha,2017
Maharashtra,WASHIM,Maize,2018-19,Kharif,911.0,Hectare,1306.0,Tonnes,1433.5894621295279,Vidarbha,2018
Maharashtra,YAVATMAL,Maize,2016-17,Kharif,1500.0,Hectare,4100.0,Tonnes,2733.3333333333335,Vidarbha,2016
Maharashtra,YAVATMAL,Maize,2016-17,Rabi,1700.0,Hectare,2900.0,Tonnes,1705.8823529411764,Vidarbha,2016
Maharashtra,YAVATMAL,Maize,2016-17,Summer,200.0,Hectare,300.0,Tonnes,1500.0,Vidarbha,2016
Maharashtra,YAVATMAL,Maize,2017-18,Kharif,1700.0,Hectare,4200.0,Tonnes,2470.5882352941176,Vidarbha,2017
Maharashtra,YAVATMAL,Maize,2017-18,Rabi,700.0,Hectare,700.0,Tonnes,1000.0,Vidarbha,2017
Maharashtra,YAVATMAL,Maize,2018-19,Kharif,840.0,Hectare,1204.0,Tonnes,1433.333333333333,Vidarbha,2018
Maharashtra,YAVATMAL,Maize,2018-19,Rabi,1080.0,Hectare,800.0,Tonnes,740.7407407407406,Vidarbha,2018
Maharashtra,AHMEDNAGAR,Maize,2019-20,Rabi,38954.0,Hectare,114492.0,Tonnes,2939.159008060789,Madhya Maharashtra,2019
Maharashtra,AHMEDNAGAR,Maize,2019-20,Summer,2087.0,Hectare,5635.0,Tonnes,2700.0479156684232,Madhya Maharashtra,2019
Maharashtra,AKOLA,Maize,2019-20,Kharif,146.0,Hectare,316.0,Tonnes,2164.383561643836,Vidarbha,2019
Maharashtra,AKOLA,Maize,2019-20,Rabi,126.0,Hectare,157.0,Tonnes,1246.031746031746,Vidarbha,2019
Maharashtra,AMRAVATI,Maize,2019-20,Kharif,9845.0,Hectare,19690.0,Tonnes,2000.0,Vidarbha,2019
Maharashtra,AMRAVATI,Maize,2019-20,Rabi,1081.0,Hectare,842.0,Tonnes,778.9084181313598,Vidarbha,2019
Maharashtra,AMRAVATI,Maize,2019-20,Summer,1131.0,Hectare,1479.0,Tonnes,1307.6923076923076,Vidarbha,2019
Maharashtra,AURANGABAD,Maize,2019-20,Kharif,44634.0,Hectare,48036.0,Tonnes,1076.2199220325313,Matathwada,2019
Maharashtra,AURANGABAD,Maize,2019-20,Rabi,32329.000000000004,Hectare,64305.99999999999,Tonnes,1989.1119428376996,Matathwada,2019
Maharashtra,AURANGABAD,Maize,2019-20,Summer,8125.0,Hectare,9750.0,Tonnes,1200.0,Matathwada,2019
Maharashtra,BEED,Maize,2019-20,Rabi,3443.0,Hectare,3356.0,Tonnes,974.7313389485912,Matathwada,2019
Maharashtra,BEED,Maize,2019-20,Summer,1080.0,Hectare,2430.0,Tonnes,2250.0,Matathwada,2019
Maharashtra,BULDHANA,Maize,2019-20,Kharif,48811.0,Hectare,26675.0,Tonnes,546.4956669603164,Vidarbha,2019
Maharashtra,BULDHANA,Maize,2019-20,Rabi,12166.0,Hectare,16397.0,Tonnes,1347.772480683873,Vidarbha,2019
Maharashtra,BULDHANA,Maize,2019-20,Summer,6475.0,Hectare,10282.0,Tonnes,1587.9536679536682,Vidarbha,2019
Maharashtra,CHANDRAPUR,Maize,2019-20,Kharif,17.0,Hectare,29.0,Tonnes,1705.8823529411761,Vidarbha,2019
Maharashtra,CHANDRAPUR,Maize,2019-20,Summer,22.0,Hectare,22.0,Tonnes,1000.0,Vidarbha,2019
Maharashtra,DHULE,Maize,2019-20,Kharif,57965.0,Hectare,62400.0,Tonnes,1076.5116880876392,Madhya Maharashtra,2019
Maharashtra,DHULE,Maize,2019-20,Summer,3585.0,Hectare,4908.0,Tonnes,1369.0376569037658,Madhya Maharashtra,2019
Maharashtra,GADCHIROLI,Maize,2019-20,Kharif,1438.0,Hectare,2733.0,Tonnes,1900.556328233658,Vidarbha,2019
Maharashtra,GADCHIROLI,Maize,2019-20,Rabi,2571.0,Hectare,3824.0,Tonnes,1487.3590042784908,Vidarbha,2019
Maharashtra,GADCHIROLI,Maize,2019-20,Summer,646.0,Hectare,897.0000000000001,Tonnes,1388.544891640867,Vidarbha,2019
Maharashtra,GONDIA,Maize,2019-20,Rabi,19.0,Hectare,15.0,Tonnes,789.4736842105264,Vidarbha,2019
Maharashtra,GONDIA,Maize,2019-20,Summer,206.0,Hectare,247.00000000000003,Tonnes,1199.0291262135925,Vidarbha,2019
Maharashtra,HINGOLI,Maize,2019-20,Rabi,257.0,Hectare,325.0,Tonnes,1264.5914396887158,Matathwada,2019
Maharashtra,HINGOLI,Maize,2019-20,Summer,1209.0,Hectare,1023.0,Tonnes,846.1538461538462,Matathwada,2019
Maharashtra,JALGAON,Maize,2019-20,Kharif,136345.0,Hectare,103816.0,Tonnes,761.4213942572152,Madhya Maharashtra,2019
Maharashtra,JALGAON,Maize,2019-20,Rabi,70069.0,Hectare,220717.0,Tonnes,3149.995004923718,Madhya Maharashtra,2019
Maharashtra,JALNA,Maize,2019-20,Summer,6177.0,Hectare,15443.0,Tonnes,2500.080945442772,Matathwada,2019
Maharashtra,KOLHAPUR,Maize,2019-20,Kharif,1426.0,Hectare,3839.0,Tonnes,2692.1458625525947,Madhya Maharashtra,2019
Maharashtra,KOLHAPUR,Maize,2019-20,Rabi,3201.0,Hectare,9126.0,Tonnes,2850.9840674789125,Madhya Maharashtra,2019
Maharashtra,KOLHAPUR,Maize,2019-20,Summer,935.0,Hectare,2273.0,Tonnes,2431.0160427807486,Madhya Maharashtra,2019
Maharashtra,LATUR,Maize,2019-20,Rabi,3335.0,Hectare,4347.0,Tonnes,1303.4482758620688,Matathwada,2019
Maharashtra,NAGPUR,Maize,2019-20,Kharif,103.0,Hectare,234.0,Tonnes,2271.844660194174,Vidarbha,2019
Maharashtra,NAGPUR,Maize,2019-20,Rabi,408.0,Hectare,715.0,Tonnes,1752.450980392157,Vidarbha,2019
Maharashtra,NAGPUR,Maize,2019-20,Summer,1039.0,Hectare,1188.0,Tonnes,1143.4071222329162,Vidarbha,2019
Maharashtra,NANDED,Maize,2019-20,Kharif,416.0,Hectare,247.00000000000003,Tonnes,593.7500000000001,Matathwada,2019
Maharashtra,NANDED,Maize,2019-20,Rabi,4064.0,Hectare,7316.0,Tonnes,1800.1968503937007,Matathwada,2019
Maharashtra,NANDED,Maize,2019-20,Summer,2887.0,Hectare,3586.0,Tonnes,1242.1198475926567,Matathwada,2019
Maharashtra,NANDURBAR,Maize,2019-20,Kharif,54055.99999999999,Hectare,102542.0,Tonnes,1896.958709486459,Madhya Maharashtra,2019
Maharashtra,NANDURBAR,Maize,2019-20,Rabi,5666.0,Hectare,16313.0,Tonnes,2879.1034239322275,Madhya Maharashtra,2019
Maharashtra,NANDURBAR,Maize,2019-20,Summer,1915.0,Hectare,3116.0,Tonnes,1627.1540469973893,Madhya Maharashtra,2019
Maharashtra,NASHIK,Maize,2019-20,Kharif,181554.0,Hectare,279741.0,Tonnes,1540.814303182524,Madhya Maharashtra,2019
Maharashtra,NASHIK,Maize,2019-20,Rabi,3912.0,Hectare,11317.0,Tonnes,2892.8936605316976,Madhya Maharashtra,2019
Maharashtra,NASHIK,Maize,2019-20,Summer,358.0,Hectare,903.0,Tonnes,2522.346368715084,Madhya Maharashtra,2019
Maharashtra,OSMANABAD,Maize,2019-20,Kharif,20775.0,Hectare,11036.0,Tonnes,531.2154031287605,Matathwada,2019
Maharashtra,OSMANABAD,Maize,2019-20,Rabi,8123.999999999999,Hectare,14691.0,Tonnes,1808.3456425406207,Matathwada,2019
Maharashtra,OSMANABAD,Maize,2019-20,Summer,1583.0,Hectare,1498.0,Tonnes,946.3044851547694,Matathwada,2019
Maharashtra,PARBHANI,Maize,2019-20,Kharif,1035.0,Hectare,742.0,Tonnes,716.9082125603865,Matathwada,2019
Maharashtra,PARBHANI,Maize,2019-20,Rabi,1732.9999999999998,Hectare,2180.0,Tonnes,1257.934218118869,Matathwada,2019
Maharashtra,PARBHANI,Maize,2019-20,Summer,763.0,Hectare,927.0,Tonnes,1214.9410222804715,Matathwada,2019
Maharashtra,PUNE,Maize,2019-20,Summer,1755.0,Hectare,4387.0,Tonnes,2499.7150997150998,Madhya Maharashtra,2019
Maharashtra,RATNAGIRI,Maize,2019-20,Rabi,23.0,Hectare,60.0,Tonnes,2608.695652173913,Konkan & Goa,2019
Maharashtra,SANGLI,Maize,2019-20,Kharif,36784.0,Hectare,68207.0,Tonnes,1854.2572857764249,Madhya Maharashtra,2019
Maharashtra,SANGLI,Maize,2019-20,Rabi,22912.0,Hectare,48111.0,Tonnes,2099.816689944134,Madhya Maharashtra,2019
Maharashtra,SANGLI,Maize,2019-20,Summer,1801.0000000000002,Hectare,3602.0000000000005,Tonnes,2000.0,Madhya Maharashtra,2019
Maharashtra,SATARA,Maize,2019-20,Kharif,22139.0,Hectare,31069.0,Tonnes,1403.3605853922938,Madhya Maharashtra,2019
Maharashtra,SATARA,Maize,2019-20,Summer,2126.0,Hectare,3932.0,Tonnes,1849.482596425212,Madhya Maharashtra,2019
Maharashtra,SOLAPUR,Maize,2019-20,Kharif,27134.0,Hectare,33290.0,Tonnes,1226.8740325790523,Madhya Maharashtra,2019
Maharashtra,SOLAPUR,Maize,2019-20,Rabi,46347.0,Hectare,107961.0,Tonnes,2329.406434073402,Madhya Maharashtra,2019
Maharashtra,SOLAPUR,Maize,2019-20,Summer,4456.0,Hectare,11586.0,Tonnes,2600.089766606822,Madhya Maharashtra,2019
Maharashtra,WARDHA,Maize,2019-20,Kharif,13.0,Hectare,21.0,Tonnes,1615.3846153846155,Vidarbha,2019
Maharashtra,WARDHA,Maize,2019-20,Rabi,449.0,Hectare,472.0,Tonnes,1051.224944320713,Vidarbha,2019
Maharashtra,WASHIM,Maize,2019-20,Kharif,1027.0,Hectare,1886.0,Tonnes,1836.4167478091529,Vidarbha,2019
Maharashtra,YAVATMAL,Maize,2019-20,Rabi,823.0,Hectare,774.0,Tonnes,940.4617253948968,Vidarbha,2019
Maharashtra,AHMEDNAGAR,Maize,1997-98,Kharif,4400.0,Hectare,4700.0,Tonnes,1068.1818181818178,Madhya Maharashtra,1997
Maharashtra,AHMEDNAGAR,Maize,1997-98,Rabi,6200.0,Hectare,9100.0,Tonnes,1467.741935483871,Madhya Maharashtra,1997
Maharashtra,AHMEDNAGAR,Maize,1997-98,Summer,1100.0,Hectare,1900.0,Tonnes,1727.2727272727273,Madhya Maharashtra,1997
Maharashtra,AHMEDNAGAR,Maize,1998-99,Kharif,5800.0,Hectare,12500.0,Tonnes,2155.172413793104,Madhya Maharashtra,1998
Maharashtra,AHMEDNAGAR,Maize,1998-99,Rabi,7900.0,Hectare,12200.0,Tonnes,1544.3037974683543,Madhya Maharashtra,1998
Maharashtra,AHMEDNAGAR,Maize,1998-99,Summer,1500.0,Hectare,2300.0,Tonnes,1533.3333333333335,Madhya Maharashtra,1998
Maharashtra,AHMEDNAGAR,Maize,1999-00,Kharif,6400.0,Hectare,9500.0,Tonnes,1484.375,Madhya Maharashtra,1999
Maharashtra,AHMEDNAGAR,Maize,1999-00,Rabi,8800.0,Hectare,13900.0,Tonnes,1579.5454545454545,Madhya Maharashtra,1999
Maharashtra,AHMEDNAGAR,Maize,1999-00,Summer,1700.0,Hectare,2800.0,Tonnes,1647.0588235294117,Madhya Maharashtra,1999
Maharashtra,AHMEDNAGAR,Maize,2000-01,Kharif,7000.0,Hectare,4400.0,Tonnes,628.5714285714286,Madhya Maharashtra,2000
Maharashtra,AHMEDNAGAR,Maize,2000-01,Rabi,14000.0,Hectare,16200.0,Tonnes,1157.1428571428573,Madhya Maharashtra,2000
Maharashtra,AKOLA,Maize,1997-98,Kharif,700.0,Hectare,800.0,Tonnes,1142.857142857143,Vidarbha,1997
Maharashtra,AKOLA,Maize,1998-99,Kharif,400.0,Hectare,800.0,Tonnes,2000.0,Vidarbha,1998
Maharashtra,AKOLA,Maize,1998-99,Rabi,100.0,Hectare,100.0,Tonnes,1000.0,Vidarbha,1998
Maharashtra,AKOLA,Maize,1999-00,Kharif,100.0,Hectare,100.0,Tonnes,1000.0,Vidarbha,1999
Maharashtra,AKOLA,Maize,2000-01,Kharif,200.0,Hectare,200.0,Tonnes,1000.0,Vidarbha,2000
Maharashtra,AMRAVATI,Maize,1997-98,Kharif,700.0,Hectare,800.0,Tonnes,1142.857142857143,Vidarbha,1997
Maharashtra,AMRAVATI,Maize,1997-98,Summer,100.0,Hectare,100.0,Tonnes,1000.0,Vidarbha,1997
Maharashtra,AMRAVATI,Maize,1998-99,Kharif,800.0,Hectare,1500.0,Tonnes,1875.0,Vidarbha,1998
Maharashtra,AMRAVATI,Maize,1998-99,Rabi,100.0,Hectare,100.0,Tonnes,1000.0,Vidarbha,1998
Maharashtra,AMRAVATI,Maize,1998-99,Summer,100.0,Hectare,100.0,Tonnes,1000.0,Vidarbha,1998
Maharashtra,AMRAVATI,Maize,1999-00,Kharif,700.0,Hectare,900.0,Tonnes,1285.7142857142858,Vidarbha,1999
Maharashtra,AMRAVATI,Maize,1999-00,Summer,100.0,Hectare,100.0,Tonnes,1000.0,Vidarbha,1999
Maharashtra,AMRAVATI,Maize,2000-01,Kharif,800.0,Hectare,800.0,Tonnes,1000.0,Vidarbha,2000
Maharashtra,AMRAVATI,Maize,2000-01,Rabi,100.0,Hectare,100.0,Tonnes,1000.0,Vidarbha,2000
Maharashtra,AURANGABAD,Maize,1997-98,Kharif,39800.0,Hectare,39800.0,Tonnes,1000.0,Matathwada,1997
Maharashtra,AURANGABAD,Maize,1997-98,Rabi,2100.0,Hectare,3300.0,Tonnes,1571.4285714285713,Matathwada,1997
Maharashtra,AURANGABAD,Maize,1997-98,Summer,200.0,Hectare,300.0,Tonnes,1500.0,Matathwada,1997
Maharashtra,AURANGABAD,Maize,1998-99,Kharif,41700.0,Hectare,90400.0,Tonnes,2167.8657074340526,Matathwada,1998
Maharashtra,AURANGABAD,Maize,1998-99,Rabi,2800.0,Hectare,4500.0,Tonnes,1607.142857142857,Matathwada,1998
Maharashtra,AURANGABAD,Maize,1998-99,Summer,300.0,Hectare,400.0,Tonnes,1333.3333333333333,Matathwada,1998
Maharashtra,AURANGABAD,Maize,1999-00,Kharif,43800.0,Hectare,75000.0,Tonnes,1712.3287671232877,Matathwada,1999
Maharashtra,AURANGABAD,Maize,1999-00,Rabi,2900.0,Hectare,4600.0,Tonnes,1586.2068965517242,Matathwada,1999
Maharashtra,AURANGABAD,Maize,1999-00,Summer,300.0,Hectare,500.0,Tonnes,1666.6666666666667,Matathwada,1999
Maharashtra,AURANGABAD,Maize,2000-01,Kharif,73200.0,Hectare,69700.0,Tonnes,952.1857923497267,Matathwada,2000
Maharashtra,AURANGABAD,Maize,2000-01,Rabi,1300.0,Hectare,1500.0,Tonnes,1153.8461538461536,Matathwada,2000
Maharashtra,BEED,Maize,1997-98,Kharif,2900.0,Hectare,2700.0,Tonnes,931.0344827586208,Matathwada,1997
Maharashtra,BEED,Maize,1997-98,Rabi,1700.0,Hectare,3000.0,Tonnes,1764.7058823529412,Matathwada,1997
Maharashtra,BEED,Maize,1997-98,Summer,200.0,Hectare,300.0,Tonnes,1500.0,Matathwada,1997
Maharashtra,BEED,Maize,1998-99,Kharif,3000.0,Hectare,6500.0,Tonnes,2166.6666666666665,Matathwada,1998
Maharashtra,BEED,Maize,1998-99,Rabi,2100.0,Hectare,2800.0,Tonnes,1333.3333333333333,Matathwada,1998
Maharashtra,BEED,Maize,1998-99,Summer,500.0,Hectare,700.0,Tonnes,1400.0,Matathwada,1998
Maharashtra,BEED,Maize,1999-00,Kharif,3200.0,Hectare,5900.0,Tonnes,1843.75,Matathwada,1999
Maharashtra,BEED,Maize,1999-00,Rabi,2800.0,Hectare,4200.0,Tonnes,1500.0,Matathwada,1999
Maharashtra,BEED,Maize,1999-00,Summer,500.0,Hectare,800.0,Tonnes,1600.0,Matathwada,1999
Maharashtra,BEED,Maize,2000-01,Kharif,4800.0,Hectare,4600.0,Tonnes,958.3333333333334,Matathwada,2000
Maharashtra,BEED,Maize,2000-01,Rabi,3000.0,Hectare,3400.0,Tonnes,1133.3333333333333,Matathwada,2000
Maharashtra,BHANDARA,Maize,1998-99,Kharif,200.0,Hectare,400.0,Tonnes,2000.0,Vidarbha,1998
Maharashtra,BULDHANA,Maize,1997-98,Kharif,20000.0,Hectare,16400.0,Tonnes,820.0,Vidarbha,1997
Maharashtra,BULDHANA,Maize,1997-98,Rabi,500.0,Hectare,900.0,Tonnes,1800.0,Vidarbha,1997
Maharashtra,BULDHANA,Maize,1997-98,Summer,100.0,Hectare,100.0,Tonnes,1000.0,Vidarbha,1997
Maharashtra,BULDHANA,Maize,1998-99,Kharif,22000.0,Hectare,39900.0,Tonnes,1813.636363636364,Vidarbha,1998
Maharashtra,BULDHANA,Maize,1998-99,Rabi,1000.0,Hectare,1400.0,Tonnes,1400.0,Vidarbha,1998
Maharashtra,BULDHANA,Maize,1998-99,Summer,100.0,Hectare,100.0,Tonnes,1000.0,Vidarbha,1998
Maharashtra,BULDHANA,Maize,1999-00,Kharif,18300.0,Hectare,28000.0,Tonnes,1530.054644808743,Vidarbha,1999
Maharashtra,BULDHANA,Maize,1999-00,Rabi,1000.0,Hectare,1500.0,Tonnes,1500.0,Vidarbha,1999
Maharashtra,BULDHANA,Maize,1999-00,Summer,100.0,Hectare,100.0,Tonnes,1000.0,Vidarbha,1999
Maharashtra,BULDHANA,Maize,2000-01,Kharif,20200.0,Hectare,19200.0,Tonnes,950.4950495049504,Vidarbha,2000
Maharashtra,BULDHANA,Maize,2000-01,Rabi,900.0,Hectare,900.0,Tonnes,1000.0,Vidarbha,2000
Maharashtra,CHANDRAPUR,Maize,1997-98,Kharif,1100.0,Hectare,1000.0,Tonnes,909.0909090909091,Vidarbha,1997
Maharashtra,CHANDRAPUR,Maize,1998-99,Kharif,100.0,Hectare,200.0,Tonnes,2000.0,Vidarbha,1998
Maharashtra,CHANDRAPUR,Maize,1999-00,Kharif,100.0,Hectare,100.0,Tonnes,1000.0,Vidarbha,1999
Maharashtra,CHANDRAPUR,Maize,1999-00,Rabi,100.0,Hectare,200.0,Tonnes,2000.0,Vidarbha,1999
Maharashtra,CHANDRAPUR,Maize,2000-01,Kharif,100.0,Hectare,100.0,Tonnes,1000.0,Vidarbha,2000
Maharashtra,CHANDRAPUR,Maize,2000-01,Rabi,100.0,Hectare,100.0,Tonnes,1000.0,Vidarbha,2000
Maharashtra,DHULE,Maize,1997-98,Kharif,19300.0,Hectare,33800.0,Tonnes,1751.2953367875648,Madhya Maharashtra,1997
Maharashtra,DHULE,Maize,1997-98,Rabi,1400.0,Hectare,2500.0,Tonnes,1785.7142857142858,Madhya Maharashtra,1997
Maharashtra,DHULE,Maize,1997-98,Summer,100.0,Hectare,100.0,Tonnes,1000.0,Madhya Maharashtra,1997
Maharashtra,DHULE,Maize,1998-99,Kharif,18800.0,Hectare,37300.0,Tonnes,1984.042553191489,Madhya Maharashtra,1998
Maharashtra,DHULE,Maize,1998-99,Rabi,1400.0,Hectare,2300.0,Tonnes,1642.857142857143,Madhya Maharashtra,1998
Maharashtra,DHULE,Maize,1998-99,Summer,100.0,Hectare,100.0,Tonnes,1000.0,Madhya Maharashtra,1998
Maharashtra,DHULE,Maize,1999-00,Kharif,3300.0,Hectare,5400.0,Tonnes,1636.3636363636365,Madhya Maharashtra,1999
Maharashtra,DHULE,Maize,1999-00,Rabi,700.0,Hectare,1100.0,Tonnes,1571.4285714285713,Madhya Maharashtra,1999
Maharashtra,DHULE,Maize,1999-00,Summer,100.0,Hectare,100.0,Tonnes,1000.0,Madhya Maharashtra,1999
Maharashtra,DHULE,Maize,2000-01,Kharif,3600.0,Hectare,2400.0,Tonnes,666.6666666666666,Madhya Maharashtra,2000
Maharashtra,DHULE,Maize,2000-01,Rabi,500.0,Hectare,600.0,Tonnes,1200.0,Madhya Maharashtra,2000
Maharashtra,GADCHIROLI,Maize,1997-98,Kharif,1800.0,Hectare,1600.0,Tonnes,888.8888888888888,Vidarbha,1997
Maharashtra,GADCHIROLI,Maize,1997-98,Rabi,800.0,Hectare,700.0,Tonnes,875.0,Vidarbha,1997
Maharashtra,GADCHIROLI,Maize,1998-99,Kharif,3000.0,Hectare,5700.0,Tonnes,1900.0,Vidarbha,1998
Maharashtra,GADCHIROLI,Maize,1999-00,Kharif,3000.0,Hectare,3900.0,Tonnes,1300.0,Vidarbha,1999
Maharashtra,GADCHIROLI,Maize,2000-01,Kharif,2700.0,Hectare,3600.0,Tonnes,1333.3333333333333,Vidarbha,2000
Maharashtra,GADCHIROLI,Maize,2000-01,Rabi,200.0,Hectare,200.0,Tonnes,1000.0,Vidarbha,2000
Maharashtra,GONDIA,Maize,1999-00,Kharif,200.0,Hectare,200.0,Tonnes,1000.0,Vidarbha,1999
Maharashtra,GONDIA,Maize,1999-00,Rabi,300.0,Hectare,500.0,Tonnes,1666.6666666666667,Vidarbha,1999
Maharashtra,GONDIA,Maize,2000-01,Kharif,200.0,Hectare,200.0,Tonnes,1000.0,Vidarbha,2000
Maharashtra,HINGOLI,Maize,2000-01,Kharif,200.0,Hectare,200.0,Tonnes,1000.0,Matathwada,2000
Maharashtra,HINGOLI,Maize,2000-01,Rabi,100.0,Hectare,100.0,Tonnes,1000.0,Matathwada,2000
Maharashtra,JALGAON,Maize,1997-98,Kharif,8500.0,Hectare,17200.0,Tonnes,2023.5294117647059,Madhya Maharashtra,1997
Maharashtra,JALGAON,Maize,1997-98,Rabi,300.0,Hectare,500.0,Tonnes,1666.6666666666667,Madhya Maharashtra,1997
Maharashtra,JALGAON,Maize,1997-98,Summer,500.0,Hectare,700.0,Tonnes,1400.0,Madhya Maharashtra,1997
Maharashtra,JALGAON,Maize,1998-99,Kharif,7700.0,Hectare,16300.0,Tonnes,2116.883116883117,Madhya Maharashtra,1998
Maharashtra,JALGAON,Maize,1998-99,Rabi,400.0,Hectare,600.0,Tonnes,1500.0,Madhya Maharashtra,1998
Maharashtra,JALGAON,Maize,1998-99,Summer,500.0,Hectare,700.0,Tonnes,1400.0,Madhya Maharashtra,1998
Maharashtra,JALGAON,Maize,1999-00,Kharif,8300.0,Hectare,13500.0,Tonnes,1626.5060240963855,Madhya Maharashtra,1999
Maharashtra,JALGAON,Maize,1999-00,Rabi,500.0,Hectare,800.0,Tonnes,1600.0,Madhya Maharashtra,1999
Maharashtra,JALGAON,Maize,1999-00,Summer,400.0,Hectare,500.0,Tonnes,1250.0,Madhya Maharashtra,1999
Maharashtra,JALGAON,Maize,2000-01,Kharif,9100.0,Hectare,5700.0,Tonnes,626.3736263736264,Madhya Maharashtra,2000
Maharashtra,JALGAON,Maize,2000-01,Rabi,400.0,Hectare,400.0,Tonnes,1000.0,Madhya Maharashtra,2000
Maharashtra,JALNA,Maize,1997-98,Kharif,30300.0,Hectare,30000.0,Tonnes,990.0990099009899,Matathwada,1997
Maharashtra,JALNA,Maize,1997-98,Rabi,1000.0,Hectare,1800.0,Tonnes,1800.0,Matathwada,1997
Maharashtra,JALNA,Maize,1997-98,Summer,200.0,Hectare,300.0,Tonnes,1500.0,Matathwada,1997
Maharashtra,JALNA,Maize,1998-99,Kharif,33200.0,Hectare,73600.0,Tonnes,2216.867469879518,Matathwada,1998
Maharashtra,JALNA,Maize,1998-99,Rabi,3200.0,Hectare,5000.0,Tonnes,1562.5,Matathwada,1998
Maharashtra,JALNA,Maize,1998-99,Summer,500.0,Hectare,700.0,Tonnes,1400.0,Matathwada,1998
Maharashtra,JALNA,Maize,1999-00,Kharif,34100.0,Hectare,61900.0,Tonnes,1815.24926686217,Matathwada,1999
Maharashtra,JALNA,Maize,1999-00,Rabi,3700.0,Hectare,5800.0,Tonnes,1567.5675675675675,Matathwada,1999
Maharashtra,JALNA,Maize,1999-00,Summer,500.0,Hectare,800.0,Tonnes,1600.0,Matathwada,1999
Maharashtra,JALNA,Maize,2000-01,Kharif,41900.0,Hectare,39900.0,Tonnes,952.2673031026252,Matathwada,2000
Maharashtra,JALNA,Maize,2000-01,Rabi,3700.0,Hectare,4300.0,Tonnes,1162.162162162162,Matathwada,2000
Maharashtra,KOLHAPUR,Maize,1997-98,Kharif,1500.0,Hectare,1600.0,Tonnes,1066.666666666667,Madhya Maharashtra,1997
Maharashtra,KOLHAPUR,Maize,1997-98,Rabi,4000.0,Hectare,3200.0,Tonnes,800.0,Madhya Maharashtra,1997
Maharashtra,KOLHAPUR,Maize,1997-98,Summer,100.0,Hectare,200.0,Tonnes,2000.0,Madhya Maharashtra,1997
Maharashtra,KOLHAPUR,Maize,1998-99,Kharif,2300.0,Hectare,4600.0,Tonnes,2000.0,Madhya Maharashtra,1998
Maharashtra,KOLHAPUR,Maize,1998-99,Rabi,3100.0,Hectare,4500.0,Tonnes,1451.6129032258066,Madhya Maharashtra,1998
Maharashtra,KOLHAPUR,Maize,1998-99,Summer,100.0,Hectare,300.0,Tonnes,3000.0,Madhya Maharashtra,1998
Maharashtra,KOLHAPUR,Maize,1999-00,Kharif,2700.0,Hectare,3900.0,Tonnes,1444.4444444444443,Madhya Maharashtra,1999
Maharashtra,KOLHAPUR,Maize,1999-00,Rabi,3300.0,Hectare,5500.0,Tonnes,1666.6666666666667,Madhya Maharashtra,1999
Maharashtra,KOLHAPUR,Maize,1999-00,Summer,100.0,Hectare,200.0,Tonnes,2000.0,Madhya Maharashtra,1999
Maharashtra,KOLHAPUR,Maize,2000-01,Kharif,2100.0,Hectare,1300.0,Tonnes,619.047619047619,Madhya Maharashtra,2000
Maharashtra,KOLHAPUR,Maize,2000-01,Rabi,3700.0,Hectare,6200.0,Tonnes,1675.6756756756756,Madhya Maharashtra,2000
Maharashtra,LATUR,Maize,1997-98,Kharif,3000.0,Hectare,2000.0,Tonnes,666.6666666666666,Matathwada,1997
Maharashtra,LATUR,Maize,1997-98,Rabi,1100.0,Hectare,1700.0,Tonnes,1545.4545454545455,Matathwada,1997
Maharashtra,LATUR,Maize,1997-98,Summer,100.0,Hectare,100.0,Tonnes,1000.0,Matathwada,1997
Maharashtra,LATUR,Maize,1998-99,Kharif,3900.0,Hectare,7300.0,Tonnes,1871.794871794872,Matathwada,1998
Maharashtra,LATUR,Maize,1998-99,Summer,300.0,Hectare,400.0,Tonnes,1333.3333333333333,Matathwada,1998
Maharashtra,LATUR,Maize,1999-00,Kharif,4100.0,Hectare,4500.0,Tonnes,1097.5609756097563,Matathwada,1999
Maharashtra,LATUR,Maize,1999-00,Summer,400.0,Hectare,500.0,Tonnes,1250.0,Matathwada,1999
Maharashtra,LATUR,Maize,2000-01,Kharif,4800.0,Hectare,4600.0,Tonnes,958.3333333333334,Matathwada,2000
Maharashtra,LATUR,Maize,2000-01,Rabi,1100.0,Hectare,1300.0,Tonnes,1181.8181818181822,Matathwada,2000
Maharashtra,MUMBAI,Maize,1997-98,Autumn,3.0,Hectare,2.0,Tonnes,666.6666666666666,Konkan & Goa,1997
Maharashtra,NAGPUR,Maize,1997-98,Kharif,200.0,Hectare,200.0,Tonnes,1000.0,Vidarbha,1997
Maharashtra,NAGPUR,Maize,1999-00,Kharif,300.0,Hectare,300.0,Tonnes,1000.0,Vidarbha,1999
Maharashtra,NAGPUR,Maize,2000-01,Kharif,500.0,Hectare,500.0,Tonnes,1000.0,Vidarbha,2000
Maharashtra,NANDED,Maize,1997-98,Summer,100.0,Hectare,100.0,Tonnes,1000.0,Matathwada,1997
Maharashtra,NANDED,Maize,1998-99,Summer,100.0,Hectare,100.0,Tonnes,1000.0,Matathwada,1998
Maharashtra,NANDED,Maize,1999-00,Summer,100.0,Hectare,100.0,Tonnes,1000.0,Matathwada,1999
Maharashtra,NANDED,Maize,2000-01,Rabi,100.0,Hectare,100.0,Tonnes,1000.0,Matathwada,2000
Maharashtra,NANDURBAR,Maize,1999-00,Kharif,169.0,Hectare,173.0,Tonnes,1023.6686390532543,Madhya Maharashtra,1999
Maharashtra,NANDURBAR,Maize,2000-01,Kharif,15900.0,Hectare,9800.0,Tonnes,616.3522012578616,Madhya Maharashtra,2000
Maharashtra,NANDURBAR,Maize,2000-01,Rabi,200.0,Hectare,200.0,Tonnes,1000.0,Madhya Maharashtra,2000
Maharashtra,NASHIK,Maize,1997-98,Kharif,15700.0,Hectare,27500.0,Tonnes,1751.592356687898,Madhya Maharashtra,1997
Maharashtra,NASHIK,Maize,1997-98,Rabi,1300.0,Hectare,2000.0,Tonnes,1538.4615384615383,Madhya Maharashtra,1997
Maharashtra,NASHIK,Maize,1997-98,Summer,100.0,Hectare,100.0,Tonnes,1000.0,Madhya Maharashtra,1997
Maharashtra,NASHIK,Maize,1998-99,Kharif,15700.0,Hectare,32300.0,Tonnes,2057.3248407643314,Madhya Maharashtra,1998
Maharashtra,NASHIK,Maize,1998-99,Rabi,1700.0,Hectare,2500.0,Tonnes,1470.5882352941178,Madhya Maharashtra,1998
Maharashtra,NASHIK,Maize,1998-99,Summer,200.0,Hectare,200.0,Tonnes,1000.0,Madhya Maharashtra,1998
Maharashtra,NASHIK,Maize,1999-00,Kharif,18100.0,Hectare,25900.0,Tonnes,1430.9392265193371,Madhya Maharashtra,1999
Maharashtra,NASHIK,Maize,1999-00,Rabi,2200.0,Hectare,3300.0,Tonnes,1500.0,Madhya Maharashtra,1999
Maharashtra,NASHIK,Maize,1999-00,Summer,200.0,Hectare,200.0,Tonnes,1000.0,Madhya Maharashtra,1999
Maharashtra,NASHIK,Maize,2000-01,Kharif,20900.0,Hectare,13000.0,Tonnes,622.0095693779905,Madhya Maharashtra,2000
Maharashtra,NASHIK,Maize,2000-01,Rabi,1700.0,Hectare,1800.0,Tonnes,1058.8235294117646,Madhya Maharashtra,2000
Maharashtra,OSMANABAD,Maize,1997-98,Kharif,8300.0,Hectare,5200.0,Tonnes,626.5060240963855,Matathwada,1997
Maharashtra,OSMANABAD,Maize,1997-98,Summer,100.0,Hectare,100.0,Tonnes,1000.0,Matathwada,1997
Maharashtra,OSMANABAD,Maize,1998-99,Summer,100.0,Hectare,100.0,Tonnes,1000.0,Matathwada,1998
Maharashtra,OSMANABAD,Maize,1999-00,Kharif,10700.0,Hectare,13000.0,Tonnes,1214.9532710280373,Matathwada,1999
Maharashtra,OSMANABAD,Maize,1999-00,Summer,200.0,Hectare,300.0,Tonnes,1500.0,Matathwada,1999
Maharashtra,OSMANABAD,Maize,2000-01,Kharif,12000.0,Hectare,11400.0,Tonnes,950.0,Matathwada,2000
Maharashtra,OSMANABAD,Maize,2000-01,Rabi,200.0,Hectare,300.0,Tonnes,1500.0,Matathwada,2000
Maharashtra,PARBHANI,Maize,1997-98,Kharif,1200.0,Hectare,900.0,Tonnes,750.0,Matathwada,1997
Maharashtra,PARBHANI,Maize,1997-98,Rabi,300.0,Hectare,500.0,Tonnes,1666.6666666666667,Matathwada,1997
Maharashtra,PARBHANI,Maize,1997-98,Summer,200.0,Hectare,300.0,Tonnes,1500.0,Matathwada,1997
Maharashtra,PARBHANI,Maize,1998-99,Kharif,1300.0,Hectare,2400.0,Tonnes,1846.1538461538464,Matathwada,1998
Maharashtra,PARBHANI,Maize,1998-99,Rabi,400.0,Hectare,600.0,Tonnes,1500.0,Matathwada,1998
Maharashtra,PARBHANI,Maize,1998-99,Summer,300.0,Hectare,400.0,Tonnes,1333.3333333333333,Matathwada,1998
Maharashtra,PARBHANI,Maize,1999-00,Kharif,1200.0,Hectare,1400.0,Tonnes,1166.6666666666667,Matathwada,1999
Maharashtra,PARBHANI,Maize,1999-00,Rabi,100.0,Hectare,100.0,Tonnes,1000.0,Matathwada,1999
Maharashtra,PARBHANI,Maize,1999-00,Summer,400.0,Hectare,500.0,Tonnes,1250.0,Matathwada,1999
Maharashtra,PARBHANI,Maize,2000-01,Kharif,1400.0,Hectare,1300.0,Tonnes,928.5714285714286,Matathwada,2000
Maharashtra,PARBHANI,Maize,2000-01,Rabi,900.0,Hectare,1100.0,Tonnes,1222.2222222222224,Matathwada,2000
Maharashtra,PUNE,Maize,1997-98,Kharif,4400.0,Hectare,4700.0,Tonnes,1068.1818181818178,Madhya Maharashtra,1997
Maharashtra,PUNE,Maize,1997-98,Rabi,6900.0,Hectare,10300.0,Tonnes,1492.7536231884058,Madhya Maharashtra,1997
Maharashtra,PUNE,Maize,1997-98,Summer,1200.0,Hectare,2200.0,Tonnes,1833.3333333333333,Madhya Maharashtra,1997
Maharashtra,PUNE,Maize,1998-99,Kharif,4800.0,Hectare,10400.0,Tonnes,2166.6666666666665,Madhya Maharashtra,1998
Maharashtra,PUNE,Maize,1998-99,Rabi,7400.0,Hectare,10300.0,Tonnes,1391.891891891892,Madhya Maharashtra,1998
Maharashtra,PUNE,Maize,1998-99,Summer,1700.0,Hectare,3100.0,Tonnes,1823.5294117647056,Madhya Maharashtra,1998
Maharashtra,PUNE,Maize,1999-00,Kharif,5100.0,Hectare,7500.0,Tonnes,1470.5882352941178,Madhya Maharashtra,1999
Maharashtra,PUNE,Maize,1999-00,Rabi,8600.0,Hectare,12600.0,Tonnes,1465.1162790697674,Madhya Maharashtra,1999
Maharashtra,PUNE,Maize,1999-00,Summer,1300.0,Hectare,2300.0,Tonnes,1769.230769230769,Madhya Maharashtra,1999
Maharashtra,PUNE,Maize,2000-01,Kharif,5800.0,Hectare,3600.0,Tonnes,620.6896551724138,Madhya Maharashtra,2000
Maharashtra,PUNE,Maize,2000-01,Rabi,10400.0,Hectare,11500.0,Tonnes,1105.769230769231,Madhya Maharashtra,2000
Maharashtra,SANGLI,Maize,1997-98,Kharif,7500.0,Hectare,10100.0,Tonnes,1346.666666666667,Madhya Maharashtra,1997
Maharashtra,SANGLI,Maize,1997-98,Rabi,3600.0,Hectare,3600.0,Tonnes,1000.0,Madhya Maharashtra,1997
Maharashtra,SANGLI,Maize,1997-98,Summer,1100.0,Hectare,2000.0,Tonnes,1818.1818181818178,Madhya Maharashtra,1997
Maharashtra,SANGLI,Maize,1998-99,Kharif,8200.0,Hectare,16000.0,Tonnes,1951.219512195122,Madhya Maharashtra,1998
Maharashtra,SANGLI,Maize,1998-99,Rabi,5400.0,Hectare,8500.0,Tonnes,1574.0740740740741,Madhya Maharashtra,1998
Maharashtra,SANGLI,Maize,1998-99,Summer,1600.0,Hectare,2700.0,Tonnes,1687.5,Madhya Maharashtra,1998
Maharashtra,SANGLI,Maize,1999-00,Kharif,9300.0,Hectare,14900.0,Tonnes,1602.1505376344082,Madhya Maharashtra,1999
Maharashtra,SANGLI,Maize,1999-00,Rabi,6300.0,Hectare,9800.0,Tonnes,1555.5555555555557,Madhya Maharashtra,1999
Maharashtra,SANGLI,Maize,1999-00,Summer,1800.0,Hectare,3100.0,Tonnes,1722.2222222222224,Madhya Maharashtra,1999
Maharashtra,SANGLI,Maize,2000-01,Kharif,9900.0,Hectare,6200.0,Tonnes,626.2626262626263,Madhya Maharashtra,2000
Maharashtra,SANGLI,Maize,2000-01,Rabi,7300.0,Hectare,12000.0,Tonnes,1643.835616438356,Madhya Maharashtra,2000
Maharashtra,SATARA,Maize,1997-98,Kharif,6700.0,Hectare,8000.0,Tonnes,1194.0298507462685,Madhya Maharashtra,1997
Maharashtra,SATARA,Maize,1997-98,Rabi,2900.0,Hectare,3600.0,Tonnes,1241.3793103448277,Madhya Maharashtra,1997
Maharashtra,SATARA,Maize,1997-98,Summer,400.0,Hectare,700.0,Tonnes,1750.0,Madhya Maharashtra,1997
Maharashtra,SATARA,Maize,1998-99,Kharif,7200.0,Hectare,14800.0,Tonnes,2055.5555555555557,Madhya Maharashtra,1998
Maharashtra,SATARA,Maize,1998-99,Rabi,4000.0,Hectare,5600.0,Tonnes,1400.0,Madhya Maharashtra,1998
Maharashtra,SATARA,Maize,1998-99,Summer,600.0,Hectare,1000.0,Tonnes,1666.6666666666667,Madhya Maharashtra,1998
Maharashtra,SATARA,Maize,1999-00,Kharif,8400.0,Hectare,12800.0,Tonnes,1523.8095238095234,Madhya Maharashtra,1999
Maharashtra,SATARA,Maize,1999-00,Rabi,4700.0,Hectare,7100.0,Tonnes,1510.6382978723404,Madhya Maharashtra,1999
Maharashtra,SATARA,Maize,1999-00,Summer,600.0,Hectare,1000.0,Tonnes,1666.6666666666667,Madhya Maharashtra,1999
Maharashtra,SATARA,Maize,2000-01,Kharif,7100.0,Hectare,4400.0,Tonnes,619.7183098591548,Madhya Maharashtra,2000
Maharashtra,SATARA,Maize,2000-01,Rabi,4900.0,Hectare,7500.0,Tonnes,1530.612244897959,Madhya Maharashtra,2000
Maharashtra,SINDHUDURG,Maize,1998-99,Rabi,200.0,Hectare,200.0,Tonnes,1000.0,Konkan & Goa,1998
Maharashtra,SINDHUDURG,Maize,1999-00,Rabi,100.0,Hectare,100.0,Tonnes,1000.0,Konkan & Goa,1999
Maharashtra,SINDHUDURG,Maize,2000-01,Rabi,100.0,Hectare,100.0,Tonnes,1000.0,Konkan & Goa,2000
Maharashtra,SOLAPUR,Maize,1997-98,Kharif,8700.0,Hectare,9800.0,Tonnes,1126.4367816091954,Madhya Maharashtra,1997
Maharashtra,SOLAPUR,Maize,1997-98,Rabi,11700.0,Hectare,18700.0,Tonnes,1598.2905982905984,Madhya Maharashtra,1997
Maharashtra,SOLAPUR,Maize,1997-98,Summer,1600.0,Hectare,2900.0,Tonnes,1812.5,Madhya Maharashtra,1997
Maharashtra,SOLAPUR,Maize,1998-99,Kharif,11000.0,Hectare,23400.0,Tonnes,2127.2727272727275,Madhya Maharashtra,1998
Maharashtra,SOLAPUR,Maize,1998-99,Rabi,17300.0,Hectare,26000.0,Tonnes,1502.8901734104043,Madhya Maharashtra,1998
Maharashtra,SOLAPUR,Maize,1998-99,Summer,2300.0,Hectare,4100.0,Tonnes,1782.6086956521738,Madhya Maharashtra,1998
Maharashtra,SOLAPUR,Maize,1999-00,Kharif,12100.0,Hectare,16600.0,Tonnes,1371.9008264462811,Madhya Maharashtra,1999
Maharashtra,SOLAPUR,Maize,1999-00,Rabi,12500.0,Hectare,19400.0,Tonnes,1552.0,Madhya Maharashtra,1999
Maharashtra,SOLAPUR,Maize,1999-00,Summer,2400.0,Hectare,4300.0,Tonnes,1791.6666666666667,Madhya Maharashtra,1999
Maharashtra,SOLAPUR,Maize,2000-01,Kharif,13900.0,Hectare,8700.0,Tonnes,625.8992805755396,Madhya Maharashtra,2000
Maharashtra,SOLAPUR,Maize,2000-01,Rabi,15200.0,Hectare,17600.0,Tonnes,1157.8947368421052,Madhya Maharashtra,2000
Maharashtra,WARDHA,Maize,1997-98,Kharif,200.0,Hectare,200.0,Tonnes,1000.0,Vidarbha,1997
Maharashtra,WARDHA,Maize,1998-99,Kharif,100.0,Hectare,200.0,Tonnes,2000.0,Vidarbha,1998
Maharashtra,WARDHA,Maize,1998-99,Rabi,300.0,Hectare,400.0,Tonnes,1333.3333333333333,Vidarbha,1998
Maharashtra,WARDHA,Maize,1999-00,Rabi,200.0,Hectare,200.0,Tonnes,1000.0,Vidarbha,1999
Maharashtra,WARDHA,Maize,2000-01,Rabi,100.0,Hectare,100.0,Tonnes,1000.0,Vidarbha,2000
Maharashtra,WASHIM,Maize,1999-00,Kharif,100.0,Hectare,100.0,Tonnes,1000.0,Vidarbha,1999
Maharashtra,WASHIM,Maize,2000-01,Kharif,100.0,Hectare,100.0,Tonnes,1000.0,Vidarbha,2000
Maharashtra,YAVATMAL,Maize,1997-98,Kharif,500.0,Hectare,600.0,Tonnes,1200.0,Vidarbha,1997
Maharashtra,YAVATMAL,Maize,1998-99,Kharif,100.0,Hectare,200.0,Tonnes,2000.0,Vidarbha,1998
Maharashtra,YAVATMAL,Maize,1999-00,Kharif,100.0,Hectare,100.0,Tonnes,1000.0,Vidarbha,1999
Maharashtra,YAVATMAL,Maize,2000-01,Kharif,100.0,Hectare,100.0,Tonnes,1000.0,Vidarbha,2000
Maharashtra,AHMEDNAGAR,Rice,2001-02,Kharif,7300.0,Hectare,4100.0,Tonnes,561.6438356164384,Madhya Maharashtra,2001
Maharashtra,AHMEDNAGAR,Rice,2003-04,Kharif,7600.0,Hectare,5900.0,Tonnes,776.3157894736842,Madhya Maharashtra,2003
Maharashtra,AMRAVATI,Rice,2001-02,Kharif,10300.0,Hectare,9700.0,Tonnes,941.747572815534,Vidarbha,2001
Maharashtra,AMRAVATI,Rice,2002-03,Kharif,11000.0,Hectare,7200.0,Tonnes,654.5454545454545,Vidarbha,2002
Maharashtra,AMRAVATI,Rice,2003-04,Kharif,10200.0,Hectare,6000.0,Tonnes,588.2352941176471,Vidarbha,2003
Maharashtra,AURANGABAD,Rice,2001-02,Kharif,500.0,Hectare,300.0,Tonnes,600.0,Matathwada,2001
Maharashtra,AURANGABAD,Rice,2002-03,Kharif,600.0,Hectare,200.0,Tonnes,333.3333333333333,Matathwada,2002
Maharashtra,AURANGABAD,Rice,2003-04,Kharif,600.0,Hectare,200.0,Tonnes,333.3333333333333,Matathwada,2003
Maharashtra,BEED,Rice,2001-02,Kharif,2400.0,Hectare,1500.0,Tonnes,625.0,Matathwada,2001
Maharashtra,BEED,Rice,2003-04,Kharif,2500.0,Hectare,1000.0,Tonnes,400.0,Matathwada,2003
Maharashtra,BHANDARA,Rice,2001-02,Kharif,142400.0,Hectare,195500.0,Tonnes,1372.8932584269662,Vidarbha,2001
Maharashtra,BHANDARA,Rice,2001-02,Summer,4000.0,Hectare,8600.0,Tonnes,2150.0,Vidarbha,2001
Maharashtra,BHANDARA,Rice,2002-03,Kharif,168600.0,Hectare,190500.0,Tonnes,1129.8932384341638,Vidarbha,2002
Maharashtra,BHANDARA,Rice,2002-03,Summer,3300.0,Hectare,6900.0,Tonnes,2090.909090909091,Vidarbha,2002
Maharashtra,BHANDARA,Rice,2003-04,Kharif,170000.0,Hectare,264200.0,Tonnes,1554.1176470588236,Vidarbha,2003
Maharashtra,BHANDARA,Rice,2003-04,Summer,3300.0,Hectare,7700.0,Tonnes,2333.333333333333,Vidarbha,2003
Maharashtra,BULDHANA,Rice,2001-02,Kharif,200.0,Hectare,200.0,Tonnes,1000.0,Vidarbha,2001
Maharashtra,BULDHANA,Rice,2002-03,Kharif,100.0,Hectare,100.0,Tonnes,1000.0,Vidarbha,2002
Maharashtra,CHANDRAPUR,Rice,2001-02,Kharif,152700.0,Hectare,220500.0,Tonnes,1444.0078585461688,Vidarbha,2001
Maharashtra,CHANDRAPUR,Rice,2001-02,Summer,500.0,Hectare,600.0,Tonnes,1200.0,Vidarbha,2001
Maharashtra,CHANDRAPUR,Rice,2002-03,Kharif,142100.0,Hectare,108300.0,Tonnes,762.1393384940183,Vidarbha,2002
Maharashtra,CHANDRAPUR,Rice,2002-03,Summer,400.0,Hectare,700.0,Tonnes,1750.0,Vidarbha,2002
Maharashtra,CHANDRAPUR,Rice,2003-04,Kharif,142700.0,Hectare,206900.0,Tonnes,1449.89488437281,Vidarbha,2003
Maharashtra,CHANDRAPUR,Rice,2003-04,Summer,700.0,Hectare,700.0,Tonnes,1000.0,Vidarbha,2003
Maharashtra,DHULE,Rice,2001-02,Kharif,4900.0,Hectare,5600.0,Tonnes,1142.857142857143,Madhya Maharashtra,2001
Maharashtra,DHULE,Rice,2002-03,Kharif,5200.0,Hectare,4200.0,Tonnes,807.6923076923077,Madhya Maharashtra,2002
Maharashtra,DHULE,Rice,2003-04,Kharif,5000.0,Hectare,6900.0,Tonnes,1380.0,Madhya Maharashtra,2003
Maharashtra,GADCHIROLI,Rice,2001-02,Kharif,142100.0,Hectare,163800.0,Tonnes,1152.7093596059112,Vidarbha,2001
Maharashtra,GADCHIROLI,Rice,2001-02,Summer,3000.0,Hectare,4900.0,Tonnes,1633.3333333333333,Vidarbha,2001
Maharashtra,GADCHIROLI,Rice,2002-03,Kharif,142600.0,Hectare,74900.0,Tonnes,525.2454417952315,Vidarbha,2002
Maharashtra,GADCHIROLI,Rice,2002-03,Summer,1500.0,Hectare,2800.0,Tonnes,1866.6666666666667,Vidarbha,2002
Maharashtra,GADCHIROLI,Rice,2003-04,Kharif,144300.0,Hectare,175700.0,Tonnes,1217.6022176022177,Vidarbha,2003
Maharashtra,GADCHIROLI,Rice,2003-04,Summer,1800.0,Hectare,3400.0,Tonnes,1888.888888888889,Vidarbha,2003
Maharashtra,GONDIA,Rice,2001-02,Kharif,177800.0,Hectare,231400.0,Tonnes,1301.4623172103488,Vidarbha,2001
Maharashtra,GONDIA,Rice,2001-02,Summer,3400.0,Hectare,6500.0,Tonnes,1911.764705882353,Vidarbha,2001
Maharashtra,GONDIA,Rice,2002-03,Kharif,168400.0,Hectare,164200.0,Tonnes,975.0593824228027,Vidarbha,2002
Maharashtra,GONDIA,Rice,2002-03,Summer,4200.0,Hectare,9700.0,Tonnes,2309.523809523809,Vidarbha,2002
Maharashtra,GONDIA,Rice,2003-04,Kharif,170000.0,Hectare,255000.0,Tonnes,1500.0,Vidarbha,2003
Maharashtra,GONDIA,Rice,2003-04,Summer,6600.0,Hectare,11900.0,Tonnes,1803.030303030303,Vidarbha,2003
Maharashtra,HINGOLI,Rice,2001-02,Kharif,14500.0,Hectare,9700.0,Tonnes,668.9655172413793,Matathwada,2001
Maharashtra,HINGOLI,Rice,2002-03,Kharif,15900.0,Hectare,9300.0,Tonnes,584.9056603773585,Matathwada,2002
Maharashtra,HINGOLI,Rice,2003-04,Kharif,9500.0,Hectare,4800.0,Tonnes,505.2631578947369,Matathwada,2003
Maharashtra,JALGAON,Rice,2001-02,Kharif,1200.0,Hectare,700.0,Tonnes,583.3333333333334,Madhya Maharashtra,2001
Maharashtra,JALGAON,Rice,2002-03,Kharif,900.0,Hectare,800.0,Tonnes,888.8888888888888,Madhya Maharashtra,2002
Maharashtra,JALGAON,Rice,2003-04,Kharif,900.0,Hectare,1100.0,Tonnes,1222.2222222222224,Madhya Maharashtra,2003
Maharashtra,JALNA,Rice,2001-02,Kharif,600.0,Hectare,400.0,Tonnes,666.6666666666666,Matathwada,2001
Maharashtra,JALNA,Rice,2003-04,Kharif,700.0,Hectare,300.0,Tonnes,428.5714285714285,Matathwada,2003
Maharashtra,KOLHAPUR,Rice,2001-02,Kharif,105900.0,Hectare,289400.0,Tonnes,2732.766761095373,Madhya Maharashtra,2001
Maharashtra,KOLHAPUR,Rice,2001-02,Summer,400.0,Hectare,1100.0,Tonnes,2750.0,Madhya Maharashtra,2001
Maharashtra,KOLHAPUR,Rice,2002-03,Kharif,105600.0,Hectare,233200.0,Tonnes,2208.333333333333,Madhya Maharashtra,2002
Maharashtra,KOLHAPUR,Rice,2002-03,Summer,500.0,Hectare,1500.0,Tonnes,3000.0,Madhya Maharashtra,2002
Maharashtra,KOLHAPUR,Rice,2003-04,Kharif,106200.0,Hectare,246100.0,Tonnes,2317.3258003766477,Madhya Maharashtra,2003
Maharashtra,LATUR,Rice,2001-02,Kharif,20700.0,Hectare,13400.0,Tonnes,647.3429951690821,Matathwada,2001
Maharashtra,LATUR,Rice,2002-03,Kharif,20700.0,Hectare,9200.0,Tonnes,444.4444444444444,Matathwada,2002
Maharashtra,LATUR,Rice,2003-04,Kharif,20500.0,Hectare,6700.0,Tonnes,326.8292682926829,Matathwada,2003
Maharashtra,NAGPUR,Rice,2001-02,Kharif,42500.0,Hectare,54700.0,Tonnes,1287.0588235294117,Vidarbha,2001
Maharashtra,NAGPUR,Rice,2001-02,Summer,200.0,Hectare,400.0,Tonnes,2000.0,Vidarbha,2001
Maharashtra,NAGPUR,Rice,2002-03,Kharif,42600.0,Hectare,40200.0,Tonnes,943.661971830986,Vidarbha,2002
Maharashtra,NAGPUR,Rice,2002-03,Summer,900.0,Hectare,1900.0,Tonnes,2111.1111111111113,Vidarbha,2002
Maharashtra,NAGPUR,Rice,2003-04,Kharif,43900.0,Hectare,63400.0,Tonnes,1444.1913439635534,Vidarbha,2003
Maharashtra,NAGPUR,Rice,2003-04,Summer,1000.0,Hectare,1900.0,Tonnes,1900.0,Vidarbha,2003
Maharashtra,NANDED,Rice,2001-02,Kharif,23900.0,Hectare,24400.0,Tonnes,1020.9205020920502,Matathwada,2001
Maharashtra,NANDED,Rice,2002-03,Kharif,24100.0,Hectare,15300.0,Tonnes,634.8547717842323,Matathwada,2002
Maharashtra,NANDED,Rice,2003-04,Kharif,23300.0,Hectare,13400.0,Tonnes,575.1072961373391,Matathwada,2003
Maharashtra,NANDURBAR,Rice,2001-02,Kharif,20000.0,Hectare,12300.0,Tonnes,615.0,Madhya Maharashtra,2001
Maharashtra,NANDURBAR,Rice,2002-03,Kharif,19800.0,Hectare,14500.0,Tonnes,732.3232323232323,Madhya Maharashtra,2002
Maharashtra,NANDURBAR,Rice,2003-04,Kharif,22400.0,Hectare,17700.0,Tonnes,790.1785714285714,Madhya Maharashtra,2003
Maharashtra,NASHIK,Rice,2001-02,Kharif,46600.0,Hectare,56300.0,Tonnes,1208.1545064377683,Madhya Maharashtra,2001
Maharashtra,NASHIK,Rice,2002-03,Kharif,49100.0,Hectare,43900.0,Tonnes,894.0936863543787,Madhya Maharashtra,2002
Maharashtra,NASHIK,Rice,2003-04,Kharif,50600.0,Hectare,66300.0,Tonnes,1310.2766798418972,Madhya Maharashtra,2003
Maharashtra,OSMANABAD,Rice,2002-03,Kharif,16700.0,Hectare,5200.0,Tonnes,311.377245508982,Matathwada,2002
Maharashtra,PARBHANI,Rice,2001-02,Kharif,9600.0,Hectare,5300.0,Tonnes,552.0833333333334,Matathwada,2001
Maharashtra,PARBHANI,Rice,2002-03,Kharif,9400.0,Hectare,4700.0,Tonnes,500.0,Matathwada,2002
Maharashtra,PARBHANI,Rice,2003-04,Kharif,9600.0,Hectare,3600.0,Tonnes,375.0,Matathwada,2003
Maharashtra,PUNE,Rice,2001-02,Kharif,59100.0,Hectare,86400.0,Tonnes,1461.9289340101523,Madhya Maharashtra,2001
Maharashtra,PUNE,Rice,2002-03,Kharif,57700.0,Hectare,40000.0,Tonnes,693.2409012131716,Madhya Maharashtra,2002
Maharashtra,PUNE,Rice,2003-04,Kharif,60400.0,Hectare,84700.0,Tonnes,1402.3178807947022,Madhya Maharashtra,2003
Maharashtra,RAIGAD,Rice,2001-02,Kharif,125400.0,Hectare,332200.0,Tonnes,2649.122807017544,Konkan & Goa,2001
Maharashtra,RAIGAD,Rice,2001-02,Summer,8300.0,Hectare,24600.0,Tonnes,2963.855421686747,Konkan & Goa,2001
Maharashtra,RAIGAD,Rice,2002-03,Kharif,124600.0,Hectare,256000.0,Tonnes,2054.5746388443017,Konkan & Goa,2002
Maharashtra,RAIGAD,Rice,2002-03,Summer,8600.0,Hectare,21800.0,Tonnes,2534.883720930233,Konkan & Goa,2002
Maharashtra,RAIGAD,Rice,2003-04,Kharif,124600.0,Hectare,353600.0,Tonnes,2837.881219903692,Konkan & Goa,2003
Maharashtra,RAIGAD,Rice,2003-04,Summer,8500.0,Hectare,22700.0,Tonnes,2670.588235294117,Konkan & Goa,2003
Maharashtra,RATNAGIRI,Rice,2001-02,Kharif,78400.0,Hectare,209200.0,Tonnes,2668.3673469387754,Konkan & Goa,2001
Maharashtra,RATNAGIRI,Rice,2002-03,Kharif,78500.0,Hectare,148300.0,Tonnes,1889.171974522293,Konkan & Goa,2002
Maharashtra,RATNAGIRI,Rice,2002-03,Summer,300.0,Hectare,800.0,Tonnes,2666.6666666666665,Konkan & Goa,2002
Maharashtra,RATNAGIRI,Rice,2003-04,Summer,200.0,Hectare,600.0,Tonnes,3000.0,Konkan & Goa,2003
Maharashtra,SANGLI,Rice,2001-02,Kharif,17700.0,Hectare,47200.0,Tonnes,2666.6666666666665,Madhya Maharashtra,2001
Maharashtra,SANGLI,Rice,2002-03,Kharif,18500.0,Hectare,28400.0,Tonnes,1535.1351351351352,Madhya Maharashtra,2002
Maharashtra,SANGLI,Rice,2003-04,Kharif,15600.0,Hectare,39500.0,Tonnes,2532.0512820512818,Madhya Maharashtra,2003
Maharashtra,SATARA,Rice,2001-02,Kharif,44600.0,Hectare,77200.0,Tonnes,1730.9417040358744,Madhya Maharashtra,2001
Maharashtra,SATARA,Rice,2002-03,Kharif,45400.0,Hectare,71200.0,Tonnes,1568.2819383259912,Madhya Maharashtra,2002
Maharashtra,SATARA,Rice,2003-04,Kharif,44200.0,Hectare,73400.0,Tonnes,1660.633484162896,Madhya Maharashtra,2003
Maharashtra,SINDHUDURG,Rice,2001-02,Kharif,74300.0,Hectare,189400.0,Tonnes,2549.1251682368775,Konkan & Goa,2001
Maharashtra,SINDHUDURG,Rice,2001-02,Summer,4300.0,Hectare,8000.0,Tonnes,1860.4651162790694,Konkan & Goa,2001
Maharashtra,SINDHUDURG,Rice,2002-03,Kharif,74500.0,Hectare,163300.0,Tonnes,2191.9463087248323,Konkan & Goa,2002
Maharashtra,SINDHUDURG,Rice,2002-03,Summer,4400.0,Hectare,9000.0,Tonnes,2045.4545454545455,Konkan & Goa,2002
Maharashtra,SINDHUDURG,Rice,2003-04,Summer,4300.0,Hectare,8500.0,Tonnes,1976.7441860465121,Konkan & Goa,2003
Maharashtra,SOLAPUR,Rice,2001-02,Kharif,600.0,Hectare,800.0,Tonnes,1333.3333333333333,Madhya Maharashtra,2001
Maharashtra,SOLAPUR,Rice,2002-03,Kharif,500.0,Hectare,300.0,Tonnes,600.0,Madhya Maharashtra,2002
Maharashtra,SOLAPUR,Rice,2003-04,Kharif,200.0,Hectare,100.0,Tonnes,500.0,Madhya Maharashtra,2003
Maharashtra,THANE,Rice,2001-02,Kharif,138600.0,Hectare,340000.0,Tonnes,2453.1024531024527,Konkan & Goa,2001
Maharashtra,THANE,Rice,2001-02,Summer,2400.0,Hectare,5100.0,Tonnes,2125.0,Konkan & Goa,2001
Maharashtra,THANE,Rice,2002-03,Kharif,138000.0,Hectare,153800.0,Tonnes,1114.4927536231883,Konkan & Goa,2002
Maharashtra,THANE,Rice,2002-03,Summer,2400.0,Hectare,6000.0,Tonnes,2500.0,Konkan & Goa,2002
Maharashtra,THANE,Rice,2003-04,Kharif,138500.0,Hectare,391600.0,Tonnes,2827.4368231046933,Konkan & Goa,2003
Maharashtra,THANE,Rice,2003-04,Summer,2400.0,Hectare,5900.0,Tonnes,2458.333333333333,Konkan & Goa,2003
Maharashtra,WARDHA,Rice,2001-02,Kharif,500.0,Hectare,300.0,Tonnes,600.0,Vidarbha,2001
Maharashtra,WARDHA,Rice,2002-03,Kharif,500.0,Hectare,300.0,Tonnes,600.0,Vidarbha,2002
Maharashtra,WARDHA,Rice,2003-04,Kharif,300.0,Hectare,200.0,Tonnes,666.6666666666666,Vidarbha,2003
Maharashtra,WASHIM,Rice,2001-02,Kharif,1300.0,Hectare,1300.0,Tonnes,1000.0,Vidarbha,2001
Maharashtra,WASHIM,Rice,2002-03,Kharif,1100.0,Hectare,700.0,Tonnes,636.3636363636364,Vidarbha,2002
Maharashtra,WASHIM,Rice,2003-04,Kharif,900.0,Hectare,300.0,Tonnes,333.3333333333333,Vidarbha,2003
Maharashtra,YAVATMAL,Rice,2001-02,Kharif,4800.0,Hectare,4800.0,Tonnes,1000.0,Vidarbha,2001
Maharashtra,YAVATMAL,Rice,2002-03,Kharif,3700.0,Hectare,2400.0,Tonnes,648.6486486486486,Vidarbha,2002
Maharashtra,YAVATMAL,Rice,2003-04,Kharif,3300.0,Hectare,2000.0,Tonnes,606.0606060606061,Vidarbha,2003
Maharashtra,AHMEDNAGAR,Rice,2004-05,Kharif,8000.0,Hectare,5800.0,Tonnes,725.0,Madhya Maharashtra,2004
Maharashtra,AHMEDNAGAR,Rice,2005-06,Kharif,8000.0,Hectare,3500.0,Tonnes,437.5,Madhya Maharashtra,2005
Maharashtra,AHMEDNAGAR,Rice,2006-07,Kharif,8400.0,Hectare,6600.0,Tonnes,785.7142857142857,Madhya Maharashtra,2006
Maharashtra,AMRAVATI,Rice,2004-05,Kharif,9600.0,Hectare,4200.0,Tonnes,437.5,Vidarbha,2004
Maharashtra,AMRAVATI,Rice,2005-06,Kharif,10200.0,Hectare,5000.0,Tonnes,490.1960784313725,Vidarbha,2005
Maharashtra,AMRAVATI,Rice,2006-07,Kharif,8500.0,Hectare,4600.0,Tonnes,541.1764705882352,Vidarbha,2006
Maharashtra,AURANGABAD,Rice,2004-05,Kharif,300.0,Hectare,200.0,Tonnes,666.6666666666666,Matathwada,2004
Maharashtra,AURANGABAD,Rice,2005-06,Kharif,100.0,Hectare,100.0,Tonnes,1000.0,Matathwada,2005
Maharashtra,AURANGABAD,Rice,2006-07,Kharif,100.0,Hectare,100.0,Tonnes,1000.0,Matathwada,2006
Maharashtra,BEED,Rice,2005-06,Kharif,2200.0,Hectare,900.0,Tonnes,409.0909090909091,Matathwada,2005
Maharashtra,BEED,Rice,2006-07,Kharif,2000.0,Hectare,1500.0,Tonnes,750.0,Matathwada,2006
Maharashtra,BHANDARA,Rice,2004-05,Kharif,164100.0,Hectare,119700.0,Tonnes,729.4332723948812,Vidarbha,2004
Maharashtra,BHANDARA,Rice,2004-05,Summer,1800.0,Hectare,4400.0,Tonnes,2444.444444444445,Vidarbha,2004
Maharashtra,BHANDARA,Rice,2005-06,Kharif,168400.0,Hectare,283700.0,Tonnes,1684.6793349168645,Vidarbha,2005
Maharashtra,BHANDARA,Rice,2005-06,Summer,4600.0,Hectare,6600.0,Tonnes,1434.782608695652,Vidarbha,2005
Maharashtra,BHANDARA,Rice,2006-07,Kharif,175800.0,Hectare,255000.0,Tonnes,1450.5119453924915,Vidarbha,2006
Maharashtra,BHANDARA,Rice,2006-07,Summer,4600.0,Hectare,8700.0,Tonnes,1891.304347826087,Vidarbha,2006
Maharashtra,CHANDRAPUR,Rice,2004-05,Kharif,142500.0,Hectare,107200.0,Tonnes,752.280701754386,Vidarbha,2004
Maharashtra,CHANDRAPUR,Rice,2004-05,Summer,500.0,Hectare,1100.0,Tonnes,2200.0,Vidarbha,2004
Maharashtra,CHANDRAPUR,Rice,2005-06,Kharif,130500.0,Hectare,206400.0,Tonnes,1581.6091954022988,Vidarbha,2005
Maharashtra,CHANDRAPUR,Rice,2005-06,Summer,3200.0,Hectare,3500.0,Tonnes,1093.75,Vidarbha,2005
Maharashtra,CHANDRAPUR,Rice,2006-07,Kharif,136300.0,Hectare,188700.0,Tonnes,1384.446074834923,Vidarbha,2006
Maharashtra,CHANDRAPUR,Rice,2006-07,Summer,2899.9999999999995,Hectare,5000.0,Tonnes,1724.137931034483,Vidarbha,2006
Maharashtra,DHULE,Rice,2004-05,Kharif,5100.0,Hectare,5400.0,Tonnes,1058.8235294117646,Madhya Maharashtra,2004
Maharashtra,DHULE,Rice,2005-06,Kharif,5100.0,Hectare,5000.0,Tonnes,980.3921568627452,Madhya Maharashtra,2005
Maharashtra,DHULE,Rice,2006-07,Kharif,5100.0,Hectare,2100.0,Tonnes,411.7647058823529,Madhya Maharashtra,2006
Maharashtra,GADCHIROLI,Rice,2004-05,Kharif,145200.0,Hectare,125200.0,Tonnes,862.2589531680442,Vidarbha,2004
Maharashtra,GADCHIROLI,Rice,2004-05,Summer,700.0,Hectare,1000.0,Tonnes,1428.5714285714287,Vidarbha,2004
Maharashtra,GADCHIROLI,Rice,2005-06,Kharif,147200.0,Hectare,222100.0,Tonnes,1508.8315217391303,Vidarbha,2005
Maharashtra,GADCHIROLI,Rice,2005-06,Summer,3500.0,Hectare,5800.0,Tonnes,1657.1428571428573,Vidarbha,2005
Maharashtra,GADCHIROLI,Rice,2006-07,Kharif,140000.0,Hectare,206100.0,Tonnes,1472.142857142857,Vidarbha,2006
Maharashtra,GADCHIROLI,Rice,2006-07,Summer,3000.0,Hectare,5200.0,Tonnes,1733.3333333333335,Vidarbha,2006
Maharashtra,GONDIA,Rice,2004-05,Kharif,162500.0,Hectare,97600.0,Tonnes,600.6153846153846,Vidarbha,2004
Maharashtra,GONDIA,Rice,2004-05,Summer,1300.0,Hectare,2800.0,Tonnes,2153.846153846154,Vidarbha,2004
Maharashtra,GONDIA,Rice,2005-06,Kharif,177800.0,Hectare,271200.0,Tonnes,1525.3093363329583,Vidarbha,2005
Maharashtra,GONDIA,Rice,2005-06,Summer,10700.0,Hectare,16000.0,Tonnes,1495.3271028037384,Vidarbha,2005
Maharashtra,GONDIA,Rice,2006-07,Kharif,187000.0,Hectare,209200.0,Tonnes,1118.716577540107,Vidarbha,2006
Maharashtra,GONDIA,Rice,2006-07,Summer,10700.0,Hectare,21400.0,Tonnes,2000.0,Vidarbha,2006
Maharashtra,HINGOLI,Rice,2005-06,Kharif,4500.0,Hectare,1500.0,Tonnes,333.3333333333333,Matathwada,2005
Maharashtra,HINGOLI,Rice,2006-07,Kharif,4300.0,Hectare,2000.0,Tonnes,465.11627906976736,Matathwada,2006
Maharashtra,JALGAON,Rice,2004-05,Kharif,400.0,Hectare,400.0,Tonnes,1000.0,Madhya Maharashtra,2004
Maharashtra,JALGAON,Rice,2005-06,Kharif,200.0,Hectare,300.0,Tonnes,1500.0,Madhya Maharashtra,2005
Maharashtra,JALGAON,Rice,2006-07,Kharif,100.0,Hectare,100.0,Tonnes,1000.0,Madhya Maharashtra,2006
Maharashtra,JALNA,Rice,2004-05,Kharif,500.0,Hectare,200.0,Tonnes,400.0,Matathwada,2004
Maharashtra,KOLHAPUR,Rice,2004-05,Kharif,110500.0,Hectare,279100.0,Tonnes,2525.79185520362,Madhya Maharashtra,2004
Maharashtra,KOLHAPUR,Rice,2005-06,Kharif,108300.0,Hectare,246100.0,Tonnes,2272.391505078485,Madhya Maharashtra,2005
Maharashtra,KOLHAPUR,Rice,2005-06,Summer,600.0,Hectare,1700.0,Tonnes,2833.333333333333,Madhya Maharashtra,2005
Maharashtra,KOLHAPUR,Rice,2006-07,Kharif,109800.0,Hectare,284800.0,Tonnes,2593.806921675774,Madhya Maharashtra,2006
Maharashtra,KOLHAPUR,Rice,2006-07,Summer,600.0,Hectare,1600.0,Tonnes,2666.6666666666665,Madhya Maharashtra,2006
Maharashtra,LATUR,Rice,2004-05,Kharif,19900.0,Hectare,6200.0,Tonnes,311.5577889447236,Matathwada,2004
Maharashtra,LATUR,Rice,2005-06,Kharif,18200.0,Hectare,8300.0,Tonnes,456.043956043956,Matathwada,2005
Maharashtra,LATUR,Rice,2006-07,Kharif,15900.0,Hectare,6600.0,Tonnes,415.0943396226415,Matathwada,2006
Maharashtra,NAGPUR,Rice,2004-05,Kharif,43100.0,Hectare,41200.0,Tonnes,955.9164733178654,Vidarbha,2004
Maharashtra,NAGPUR,Rice,2004-05,Summer,200.0,Hectare,400.0,Tonnes,2000.0,Vidarbha,2004
Maharashtra,NAGPUR,Rice,2005-06,Kharif,45000.0,Hectare,61700.0,Tonnes,1371.111111111111,Vidarbha,2005
Maharashtra,NAGPUR,Rice,2005-06,Summer,800.0,Hectare,1200.0,Tonnes,1500.0,Vidarbha,2005
Maharashtra,NAGPUR,Rice,2006-07,Kharif,46000.0,Hectare,69100.0,Tonnes,1502.1739130434783,Vidarbha,2006
Maharashtra,NAGPUR,Rice,2006-07,Summer,800.0,Hectare,1500.0,Tonnes,1875.0,Vidarbha,2006
Maharashtra,NANDED,Rice,2004-05,Kharif,16400.0,Hectare,8200.0,Tonnes,500.0,Matathwada,2004
Maharashtra,NANDED,Rice,2005-06,Kharif,15600.0,Hectare,6700.0,Tonnes,429.4871794871794,Matathwada,2005
Maharashtra,NANDED,Rice,2006-07,Kharif,15600.0,Hectare,9400.0,Tonnes,602.5641025641025,Matathwada,2006
Maharashtra,NANDURBAR,Rice,2004-05,Kharif,21200.0,Hectare,9700.0,Tonnes,457.5471698113207,Madhya Maharashtra,2004
Maharashtra,NANDURBAR,Rice,2005-06,Kharif,19700.0,Hectare,30900.0,Tonnes,1568.527918781726,Madhya Maharashtra,2005
Maharashtra,NANDURBAR,Rice,2006-07,Kharif,20000.0,Hectare,16900.0,Tonnes,845.0,Madhya Maharashtra,2006
Maharashtra,NASHIK,Rice,2004-05,Kharif,50800.0,Hectare,70200.0,Tonnes,1381.8897637795276,Madhya Maharashtra,2004
Maharashtra,NASHIK,Rice,2005-06,Kharif,50300.0,Hectare,58700.0,Tonnes,1166.9980119284292,Madhya Maharashtra,2005
Maharashtra,NASHIK,Rice,2006-07,Kharif,49000.0,Hectare,49600.0,Tonnes,1012.2448979591836,Madhya Maharashtra,2006
Maharashtra,OSMANABAD,Rice,2004-05,Kharif,18500.0,Hectare,6700.0,Tonnes,362.1621621621622,Matathwada,2004
Maharashtra,OSMANABAD,Rice,2005-06,Kharif,17000.0,Hectare,6400.0,Tonnes,376.4705882352941,Matathwada,2005
Maharashtra,OSMANABAD,Rice,2006-07,Kharif,17500.0,Hectare,6700.0,Tonnes,382.8571428571428,Matathwada,2006
Maharashtra,PARBHANI,Rice,2004-05,Kharif,9900.0,Hectare,3100.0,Tonnes,313.1313131313131,Matathwada,2004
Maharashtra,PARBHANI,Rice,2005-06,Kharif,7000.0,Hectare,2700.0,Tonnes,385.71428571428567,Matathwada,2005
Maharashtra,PARBHANI,Rice,2006-07,Kharif,7800.0,Hectare,3200.0,Tonnes,410.25641025641016,Matathwada,2006
Maharashtra,PUNE,Rice,2004-05,Kharif,67600.0,Hectare,85100.0,Tonnes,1258.8757396449703,Madhya Maharashtra,2004
Maharashtra,PUNE,Rice,2005-06,Kharif,64500.0,Hectare,73800.0,Tonnes,1144.1860465116279,Madhya Maharashtra,2005
Maharashtra,PUNE,Rice,2006-07,Kharif,63900.0,Hectare,68900.0,Tonnes,1078.2472613458528,Madhya Maharashtra,2006
Maharashtra,RAIGAD,Rice,2004-05,Kharif,124500.0,Hectare,275900.0,Tonnes,2216.0642570281125,Konkan & Goa,2004
Maharashtra,RAIGAD,Rice,2004-05,Summer,8500.0,Hectare,21300.0,Tonnes,2505.8823529411766,Konkan & Goa,2004
Maharashtra,RAIGAD,Rice,2005-06,Kharif,121000.0,Hectare,272900.0,Tonnes,2255.371900826446,Konkan & Goa,2005
Maharashtra,RAIGAD,Rice,2005-06,Summer,8500.0,Hectare,22100.0,Tonnes,2600.0,Konkan & Goa,2005
Maharashtra,RAIGAD,Rice,2006-07,Kharif,123600.0,Hectare,291100.0,Tonnes,2355.177993527508,Konkan & Goa,2006
Maharashtra,RAIGAD,Rice,2006-07,Summer,8600.0,Hectare,23400.0,Tonnes,2720.9302325581393,Konkan & Goa,2006
Maharashtra,RATNAGIRI,Rice,2004-05,Kharif,79100.0,Hectare,186500.0,Tonnes,2357.7749683944376,Konkan & Goa,2004
Maharashtra,RATNAGIRI,Rice,2005-06,Kharif,77000.0,Hectare,194600.0,Tonnes,2527.272727272728,Konkan & Goa,2005
Maharashtra,RATNAGIRI,Rice,2005-06,Summer,200.0,Hectare,600.0,Tonnes,3000.0,Konkan & Goa,2005
Maharashtra,RATNAGIRI,Rice,2006-07,Kharif,77900.0,Hectare,210900.0,Tonnes,2707.317073170732,Konkan & Goa,2006
Maharashtra,RATNAGIRI,Rice,2006-07,Summer,100.0,Hectare,300.0,Tonnes,3000.0,Konkan & Goa,2006
Maharashtra,SANGLI,Rice,2004-05,Kharif,17700.0,Hectare,44200.0,Tonnes,2497.1751412429376,Madhya Maharashtra,2004
Maharashtra,SANGLI,Rice,2005-06,Kharif,18100.0,Hectare,39500.0,Tonnes,2182.3204419889503,Madhya Maharashtra,2005
Maharashtra,SANGLI,Rice,2006-07,Kharif,18100.0,Hectare,28900.0,Tonnes,1596.6850828729282,Madhya Maharashtra,2006
Maharashtra,SATARA,Rice,2004-05,Kharif,44100.0,Hectare,72900.0,Tonnes,1653.061224489796,Madhya Maharashtra,2004
Maharashtra,SATARA,Rice,2005-06,Kharif,43600.0,Hectare,73400.0,Tonnes,1683.48623853211,Madhya Maharashtra,2005
Maharashtra,SATARA,Rice,2006-07,Kharif,45000.0,Hectare,93300.0,Tonnes,2073.333333333333,Madhya Maharashtra,2006
Maharashtra,SINDHUDURG,Rice,2004-05,Kharif,74500.0,Hectare,210800.0,Tonnes,2829.530201342282,Konkan & Goa,2004
Maharashtra,SINDHUDURG,Rice,2004-05,Summer,4300.0,Hectare,8500.0,Tonnes,1976.7441860465121,Konkan & Goa,2004
Maharashtra,SINDHUDURG,Rice,2005-06,Kharif,74500.0,Hectare,215400.0,Tonnes,2891.2751677852348,Konkan & Goa,2005
Maharashtra,SINDHUDURG,Rice,2005-06,Summer,4200.0,Hectare,8800.0,Tonnes,2095.238095238096,Konkan & Goa,2005
Maharashtra,SINDHUDURG,Rice,2006-07,Kharif,74700.0,Hectare,220400.0,Tonnes,2950.4685408299865,Konkan & Goa,2006
Maharashtra,SINDHUDURG,Rice,2006-07,Summer,4100.0,Hectare,8800.0,Tonnes,2146.3414634146343,Konkan & Goa,2006
Maharashtra,THANE,Rice,2004-05,Kharif,138600.0,Hectare,328800.0,Tonnes,2372.2943722943724,Konkan & Goa,2004
Maharashtra,THANE,Rice,2004-05,Summer,2400.0,Hectare,6600.0,Tonnes,2750.0,Konkan & Goa,2004
Maharashtra,THANE,Rice,2005-06,Kharif,137000.0,Hectare,304700.0,Tonnes,2224.087591240876,Konkan & Goa,2005
Maharashtra,THANE,Rice,2005-06,Summer,2500.0,Hectare,5900.0,Tonnes,2360.0,Konkan & Goa,2005
Maharashtra,THANE,Rice,2006-07,Kharif,137600.0,Hectare,252200.0,Tonnes,1832.8488372093025,Konkan & Goa,2006
Maharashtra,THANE,Rice,2006-07,Summer,2600.0,Hectare,5200.0,Tonnes,2000.0,Konkan & Goa,2006
Maharashtra,WARDHA,Rice,2004-05,Kharif,200.0,Hectare,200.0,Tonnes,1000.0,Vidarbha,2004
Maharashtra,WARDHA,Rice,2005-06,Kharif,200.0,Hectare,200.0,Tonnes,1000.0,Vidarbha,2005
Maharashtra,WARDHA,Rice,2006-07,Kharif,100.0,Hectare,100.0,Tonnes,1000.0,Vidarbha,2006
Maharashtra,WASHIM,Rice,2004-05,Kharif,500.0,Hectare,200.0,Tonnes,400.0,Vidarbha,2004
Maharashtra,WASHIM,Rice,2005-06,Kharif,300.0,Hectare,100.0,Tonnes,333.3333333333333,Vidarbha,2005
Maharashtra,WASHIM,Rice,2006-07,Kharif,200.0,Hectare,100.0,Tonnes,500.0,Vidarbha,2006
Maharashtra,YAVATMAL,Rice,2004-05,Kharif,2400.0,Hectare,800.0,Tonnes,333.3333333333333,Vidarbha,2004
Maharashtra,YAVATMAL,Rice,2005-06,Kharif,1800.0,Hectare,900.0,Tonnes,500.0,Vidarbha,2005
Maharashtra,YAVATMAL,Rice,2006-07,Kharif,600.0,Hectare,300.0,Tonnes,500.0,Vidarbha,2006
Maharashtra,AHMEDNAGAR,Rice,2007-08,Kharif,8600.0,Hectare,10200.0,Tonnes,1186.0465116279072,Madhya Maharashtra,2007
Maharashtra,AHMEDNAGAR,Rice,2008-09,Kharif,9300.0,Hectare,9100.0,Tonnes,978.494623655914,Madhya Maharashtra,2008
Maharashtra,AHMEDNAGAR,Rice,2009-10,Kharif,7400.0,Hectare,2800.0,Tonnes,378.3783783783784,Madhya Maharashtra,2009
Maharashtra,AMRAVATI,Rice,2007-08,Kharif,6300.0,Hectare,5200.0,Tonnes,825.3968253968253,Vidarbha,2007
Maharashtra,AMRAVATI,Rice,2008-09,Kharif,4500.0,Hectare,1800.0,Tonnes,400.0,Vidarbha,2008
Maharashtra,AMRAVATI,Rice,2009-10,Kharif,4300.0,Hectare,6200.0,Tonnes,1441.8604651162789,Vidarbha,2009
Maharashtra,BEED,Rice,2007-08,Kharif,1500.0,Hectare,700.0,Tonnes,466.6666666666667,Matathwada,2007
Maharashtra,BEED,Rice,2008-09,Kharif,1000.0,Hectare,400.0,Tonnes,400.0,Matathwada,2008
Maharashtra,BEED,Rice,2009-10,Kharif,600.0,Hectare,200.0,Tonnes,333.3333333333333,Matathwada,2009
Maharashtra,BHANDARA,Rice,2007-08,Kharif,176900.0,Hectare,317400.0,Tonnes,1794.2340305257208,Vidarbha,2007
Maharashtra,BHANDARA,Rice,2007-08,Summer,5200.0,Hectare,13000.0,Tonnes,2500.0,Vidarbha,2007
Maharashtra,BHANDARA,Rice,2008-09,Kharif,175100.0,Hectare,126200.0,Tonnes,720.7310108509423,Vidarbha,2008
Maharashtra,BHANDARA,Rice,2008-09,Summer,1900.0,Hectare,5100.0,Tonnes,2684.2105263157896,Vidarbha,2008
Maharashtra,BHANDARA,Rice,2009-10,Kharif,175200.0,Hectare,174800.0,Tonnes,997.716894977169,Vidarbha,2009
Maharashtra,BHANDARA,Rice,2009-10,Summer,3400.0,Hectare,7200.0,Tonnes,2117.647058823529,Vidarbha,2009
Maharashtra,CHANDRAPUR,Rice,2007-08,Kharif,161300.0,Hectare,251700.0,Tonnes,1560.446373217607,Vidarbha,2007
Maharashtra,CHANDRAPUR,Rice,2007-08,Summer,2300.0,Hectare,6000.0,Tonnes,2608.695652173913,Vidarbha,2007
Maharashtra,CHANDRAPUR,Rice,2008-09,Kharif,157700.0,Hectare,133700.0,Tonnes,847.8123018389347,Vidarbha,2008
Maharashtra,CHANDRAPUR,Rice,2008-09,Summer,1000.0,Hectare,1800.0,Tonnes,1800.0,Vidarbha,2008
Maharashtra,CHANDRAPUR,Rice,2009-10,Kharif,112600.0,Hectare,69700.0,Tonnes,619.0053285968028,Vidarbha,2009
Maharashtra,CHANDRAPUR,Rice,2009-10,Summer,1500.0,Hectare,2800.0,Tonnes,1866.6666666666667,Vidarbha,2009
Maharashtra,DHULE,Rice,2007-08,Kharif,4400.0,Hectare,3500.0,Tonnes,795.4545454545454,Madhya Maharashtra,2007
Maharashtra,DHULE,Rice,2008-09,Kharif,5400.0,Hectare,3000.0,Tonnes,555.5555555555555,Madhya Maharashtra,2008
Maharashtra,DHULE,Rice,2009-10,Kharif,4900.0,Hectare,2400.0,Tonnes,489.7959183673469,Madhya Maharashtra,2009
Maharashtra,GADCHIROLI,Rice,2007-08,Kharif,149100.0,Hectare,223100.0,Tonnes,1496.3112005365526,Vidarbha,2007
Maharashtra,GADCHIROLI,Rice,2007-08,Summer,3500.0,Hectare,8100.0,Tonnes,2314.2857142857147,Vidarbha,2007
Maharashtra,GADCHIROLI,Rice,2008-09,Kharif,151400.0,Hectare,126000.0,Tonnes,832.2324966974901,Vidarbha,2008
Maharashtra,GADCHIROLI,Rice,2008-09,Summer,1400.0,Hectare,3000.0,Tonnes,2142.8571428571427,Vidarbha,2008
Maharashtra,GADCHIROLI,Rice,2009-10,Kharif,149100.0,Hectare,112500.0,Tonnes,754.5271629778672,Vidarbha,2009
Maharashtra,GADCHIROLI,Rice,2009-10,Summer,900.0,Hectare,1500.0,Tonnes,1666.6666666666667,Vidarbha,2009
Maharashtra,GONDIA,Rice,2007-08,Kharif,192500.0,Hectare,319000.0,Tonnes,1657.1428571428573,Vidarbha,2007
Maharashtra,GONDIA,Rice,2007-08,Summer,14100.0,Hectare,29800.0,Tonnes,2113.4751773049647,Vidarbha,2007
Maharashtra,GONDIA,Rice,2008-09,Kharif,185100.0,Hectare,130900.0,Tonnes,707.1853052404106,Vidarbha,2008
Maharashtra,GONDIA,Rice,2008-09,Summer,1800.0,Hectare,3200.0,Tonnes,1777.7777777777776,Vidarbha,2008
Maharashtra,GONDIA,Rice,2009-10,Kharif,181900.0,Hectare,197500.0,Tonnes,1085.761407366685,Vidarbha,2009
Maharashtra,GONDIA,Rice,2009-10,Summer,1200.0,Hectare,2300.0,Tonnes,1916.6666666666667,Vidarbha,2009
Maharashtra,HINGOLI,Rice,2007-08,Kharif,4100.0,Hectare,1900.0,Tonnes,463.4146341463415,Matathwada,2007
Maharashtra,HINGOLI,Rice,2008-09,Kharif,500.0,Hectare,300.0,Tonnes,600.0,Matathwada,2008
Maharashtra,HINGOLI,Rice,2009-10,Kharif,1200.0,Hectare,400.0,Tonnes,333.3333333333333,Matathwada,2009
Maharashtra,JALGAON,Rice,2007-08,Kharif,100.0,Hectare,100.0,Tonnes,1000.0,Madhya Maharashtra,2007
Maharashtra,JALGAON,Rice,2009-10,Kharif,200.0,Hectare,100.0,Tonnes,500.0,Madhya Maharashtra,2009
Maharashtra,KOLHAPUR,Rice,2008-09,Kharif,113800.0,Hectare,285200.0,Tonnes,2506.1511423550087,Madhya Maharashtra,2008
Maharashtra,KOLHAPUR,Rice,2009-10,Kharif,112700.0,Hectare,291800.0,Tonnes,2589.1748003549246,Madhya Maharashtra,2009
Maharashtra,KOLHAPUR,Rice,2009-10,Summer,600.0,Hectare,1500.0,Tonnes,2500.0,Madhya Maharashtra,2009
Maharashtra,LATUR,Rice,2007-08,Kharif,12600.0,Hectare,5900.0,Tonnes,468.2539682539682,Matathwada,2007
Maharashtra,LATUR,Rice,2008-09,Kharif,3900.0,Hectare,1400.0,Tonnes,358.97435897435895,Matathwada,2008
Maharashtra,LATUR,Rice,2009-10,Kharif,3200.0,Hectare,1300.0,Tonnes,406.25,Matathwada,2009
Maharashtra,NAGPUR,Rice,2007-08,Kharif,49600.0,Hectare,75400.0,Tonnes,1520.1612903225807,Vidarbha,2007
Maharashtra,NAGPUR,Rice,2007-08,Summer,100.0,Hectare,200.0,Tonnes,2000.0,Vidarbha,2007
Maharashtra,NAGPUR,Rice,2008-09,Kharif,57500.0,Hectare,54600.0,Tonnes,949.5652173913044,Vidarbha,2008
Maharashtra,NAGPUR,Rice,2009-10,Kharif,70900.0,Hectare,81300.0,Tonnes,1146.685472496474,Vidarbha,2009
Maharashtra,NANDED,Rice,2007-08,Kharif,14500.0,Hectare,10500.0,Tonnes,724.1379310344828,Matathwada,2007
Maharashtra,NANDED,Rice,2008-09,Kharif,8000.0,Hectare,4200.0,Tonnes,525.0,Matathwada,2008
Maharashtra,NANDURBAR,Rice,2007-08,Kharif,21000.0,Hectare,31200.0,Tonnes,1485.7142857142858,Madhya Maharashtra,2007
Maharashtra,NANDURBAR,Rice,2008-09,Kharif,20400.0,Hectare,21900.0,Tonnes,1073.5294117647059,Madhya Maharashtra,2008
Maharashtra,NANDURBAR,Rice,2009-10,Kharif,18700.0,Hectare,12900.0,Tonnes,689.8395721925134,Madhya Maharashtra,2009
Maharashtra,NASHIK,Rice,2007-08,Kharif,50600.0,Hectare,68400.0,Tonnes,1351.7786561264822,Madhya Maharashtra,2007
Maharashtra,NASHIK,Rice,2008-09,Kharif,51200.0,Hectare,65800.0,Tonnes,1285.15625,Madhya Maharashtra,2008
Maharashtra,NASHIK,Rice,2009-10,Kharif,48100.0,Hectare,18800.0,Tonnes,390.8523908523909,Madhya Maharashtra,2009
Maharashtra,OSMANABAD,Rice,2007-08,Kharif,16600.0,Hectare,6900.0,Tonnes,415.6626506024096,Matathwada,2007
Maharashtra,OSMANABAD,Rice,2008-09,Kharif,5000.0,Hectare,1800.0,Tonnes,360.0,Matathwada,2008
Maharashtra,OSMANABAD,Rice,2009-10,Kharif,6100.0,Hectare,3700.0,Tonnes,606.5573770491803,Matathwada,2009
Maharashtra,PARBHANI,Rice,2007-08,Kharif,7200.0,Hectare,2800.0,Tonnes,388.8888888888889,Matathwada,2007
Maharashtra,PARBHANI,Rice,2008-09,Kharif,5800.0,Hectare,1900.0,Tonnes,327.5862068965517,Matathwada,2008
Maharashtra,PARBHANI,Rice,2009-10,Kharif,3100.0,Hectare,1100.0,Tonnes,354.8387096774194,Matathwada,2009
Maharashtra,PUNE,Rice,2007-08,Kharif,62800.0,Hectare,78200.0,Tonnes,1245.2229299363057,Madhya Maharashtra,2007
Maharashtra,PUNE,Rice,2008-09,Kharif,61200.0,Hectare,75500.0,Tonnes,1233.6601307189544,Madhya Maharashtra,2008
Maharashtra,PUNE,Rice,2009-10,Kharif,62600.0,Hectare,51200.0,Tonnes,817.8913738019169,Madhya Maharashtra,2009
Maharashtra,RAIGAD,Rice,2007-08,Kharif,124600.0,Hectare,312700.0,Tonnes,2509.630818619583,Konkan & Goa,2007
Maharashtra,RAIGAD,Rice,2007-08,Summer,8600.0,Hectare,24500.0,Tonnes,2848.837209302326,Konkan & Goa,2007
Maharashtra,RAIGAD,Rice,2008-09,Kharif,123800.0,Hectare,335900.0,Tonnes,2713.2471728594505,Konkan & Goa,2008
Maharashtra,RAIGAD,Rice,2008-09,Summer,8500.0,Hectare,23900.0,Tonnes,2811.7647058823527,Konkan & Goa,2008
Maharashtra,RAIGAD,Rice,2009-10,Kharif,124000.0,Hectare,311500.0,Tonnes,2512.0967741935483,Konkan & Goa,2009
Maharashtra,RAIGAD,Rice,2009-10,Summer,6400.0,Hectare,17900.0,Tonnes,2796.875,Konkan & Goa,2009
Maharashtra,RATNAGIRI,Rice,2007-08,Kharif,76700.0,Hectare,196500.0,Tonnes,2561.929595827901,Konkan & Goa,2007
Maharashtra,RATNAGIRI,Rice,2007-08,Summer,100.0,Hectare,300.0,Tonnes,3000.0,Konkan & Goa,2007
Maharashtra,RATNAGIRI,Rice,2008-09,Kharif,77400.0,Hectare,201000.0,Tonnes,2596.899224806202,Konkan & Goa,2008
Maharashtra,RATNAGIRI,Rice,2008-09,Summer,100.0,Hectare,300.0,Tonnes,3000.0,Konkan & Goa,2008
Maharashtra,RATNAGIRI,Rice,2009-10,Kharif,77300.0,Hectare,202700.0,Tonnes,2622.2509702457955,Konkan & Goa,2009
Maharashtra,RATNAGIRI,Rice,2009-10,Summer,100.0,Hectare,300.0,Tonnes,3000.0,Konkan & Goa,2009
Maharashtra,SANGLI,Rice,2007-08,Kharif,18700.0,Hectare,43600.0,Tonnes,2331.550802139037,Madhya Maharashtra,2007
Maharashtra,SANGLI,Rice,2008-09,Kharif,18700.0,Hectare,38700.0,Tonnes,2069.51871657754,Madhya Maharashtra,2008
Maharashtra,SANGLI,Rice,2009-10,Kharif,18700.0,Hectare,35100.0,Tonnes,1877.0053475935829,Madhya Maharashtra,2009
Maharashtra,SATARA,Rice,2007-08,Kharif,49600.0,Hectare,102400.0,Tonnes,2064.516129032258,Madhya Maharashtra,2007
Maharashtra,SATARA,Rice,2008-09,Kharif,49700.0,Hectare,109300.0,Tonnes,2199.195171026157,Madhya Maharashtra,2008
Maharashtra,SATARA,Rice,2009-10,Kharif,50600.0,Hectare,76900.0,Tonnes,1519.7628458498025,Madhya Maharashtra,2009
Maharashtra,SINDHUDURG,Rice,2007-08,Kharif,74900.0,Hectare,205100.0,Tonnes,2738.3177570093458,Konkan & Goa,2007
Maharashtra,SINDHUDURG,Rice,2007-08,Summer,4200.0,Hectare,8700.0,Tonnes,2071.428571428572,Konkan & Goa,2007
Maharashtra,SINDHUDURG,Rice,2008-09,Kharif,74400.0,Hectare,208000.0,Tonnes,2795.698924731183,Konkan & Goa,2008
Maharashtra,SINDHUDURG,Rice,2008-09,Summer,4100.0,Hectare,7800.0,Tonnes,1902.439024390244,Konkan & Goa,2008
Maharashtra,SINDHUDURG,Rice,2009-10,Kharif,74600.0,Hectare,196200.0,Tonnes,2630.0268096514747,Konkan & Goa,2009
Maharashtra,SINDHUDURG,Rice,2009-10,Summer,3900.0,Hectare,8400.0,Tonnes,2153.846153846154,Konkan & Goa,2009
Maharashtra,SOLAPUR,Rice,2007-08,Kharif,300.0,Hectare,300.0,Tonnes,1000.0,Madhya Maharashtra,2007
Maharashtra,SOLAPUR,Rice,2008-09,Kharif,100.0,Hectare,100.0,Tonnes,1000.0,Madhya Maharashtra,2008
Maharashtra,THANE,Rice,2007-08,Kharif,138100.0,Hectare,303300.0,Tonnes,2196.2346125995655,Konkan & Goa,2007
Maharashtra,THANE,Rice,2007-08,Summer,2600.0,Hectare,5900.0,Tonnes,2269.230769230769,Konkan & Goa,2007
Maharashtra,THANE,Rice,2008-09,Kharif,138000.0,Hectare,297300.0,Tonnes,2154.3478260869565,Konkan & Goa,2008
Maharashtra,THANE,Rice,2008-09,Summer,2600.0,Hectare,6100.0,Tonnes,2346.153846153846,Konkan & Goa,2008
Maharashtra,THANE,Rice,2009-10,Kharif,136000.0,Hectare,285000.0,Tonnes,2095.5882352941176,Konkan & Goa,2009
Maharashtra,THANE,Rice,2009-10,Summer,2600.0,Hectare,5800.0,Tonnes,2230.769230769231,Konkan & Goa,2009
Maharashtra,WARDHA,Rice,2007-08,Kharif,100.0,Hectare,100.0,Tonnes,1000.0,Vidarbha,2007
Maharashtra,WASHIM,Rice,2007-08,Kharif,100.0,Hectare,100.0,Tonnes,1000.0,Vidarbha,2007
Maharashtra,WASHIM,Rice,2008-09,Kharif,100.0,Hectare,100.0,Tonnes,1000.0,Vidarbha,2008
Maharashtra,WASHIM,Rice,2009-10,Kharif,100.0,Hectare,200.0,Tonnes,2000.0,Vidarbha,2009
Maharashtra,YAVATMAL,Rice,2007-08,Kharif,600.0,Hectare,400.0,Tonnes,666.6666666666666,Vidarbha,2007
Maharashtra,YAVATMAL,Rice,2008-09,Kharif,500.0,Hectare,200.0,Tonnes,400.0,Vidarbha,2008
Maharashtra,YAVATMAL,Rice,2009-10,Kharif,200.0,Hectare,300.0,Tonnes,1500.0,Vidarbha,2009
Maharashtra,AHMEDNAGAR,Rice,2010-11,Kharif,7500.0,Hectare,7000.0,Tonnes,933.3333333333333,Madhya Maharashtra,2010
Maharashtra,AHMEDNAGAR,Rice,2011-12,Kharif,7900.0,Hectare,7800.0,Tonnes,987.3417721518988,Madhya Maharashtra,2011
Maharashtra,AHMEDNAGAR,Rice,2012-13,Kharif,7500.0,Hectare,4600.0,Tonnes,613.3333333333333,Madhya Maharashtra,2012
Maharashtra,AMRAVATI,Rice,2010-11,Kharif,3800.0,Hectare,2800.0,Tonnes,736.8421052631578,Vidarbha,2010
Maharashtra,AMRAVATI,Rice,2011-12,Kharif,4100.0,Hectare,3100.0,Tonnes,756.0975609756098,Vidarbha,2011
Maharashtra,AMRAVATI,Rice,2012-13,Kharif,3800.0,Hectare,1500.0,Tonnes,394.7368421052631,Vidarbha,2012
Maharashtra,BEED,Rice,2010-11,Kharif,800.0,Hectare,300.0,Tonnes,375.0,Matathwada,2010
Maharashtra,BEED,Rice,2011-12,Kharif,600.0,Hectare,300.0,Tonnes,500.0,Matathwada,2011
Maharashtra,BEED,Rice,2012-13,Kharif,600.0,Hectare,300.0,Tonnes,500.0,Matathwada,2012
Maharashtra,BHANDARA,Rice,2010-11,Kharif,181500.0,Hectare,258800.0,Tonnes,1425.8953168044075,Vidarbha,2010
Maharashtra,BHANDARA,Rice,2010-11,Summer,5000.0,Hectare,11300.0,Tonnes,2260.0,Vidarbha,2010
Maharashtra,BHANDARA,Rice,2011-12,Kharif,180300.0,Hectare,308200.0,Tonnes,1709.373266777593,Vidarbha,2011
Maharashtra,BHANDARA,Rice,2011-12,Summer,5000.0,Hectare,12700.0,Tonnes,2540.0,Vidarbha,2011
Maharashtra,BHANDARA,Rice,2012-13,Kharif,177200.0,Hectare,360500.0,Tonnes,2034.4243792325058,Vidarbha,2012
Maharashtra,BHANDARA,Rice,2012-13,Summer,7100.0,Hectare,18700.0,Tonnes,2633.8028169014083,Vidarbha,2012
Maharashtra,CHANDRAPUR,Rice,2010-11,Kharif,114300.0,Hectare,160100.0,Tonnes,1400.699912510936,Vidarbha,2010
Maharashtra,CHANDRAPUR,Rice,2010-11,Summer,2600.0,Hectare,4700.0,Tonnes,1807.6923076923078,Vidarbha,2010
Maharashtra,CHANDRAPUR,Rice,2011-12,Kharif,158100.0,Hectare,199900.0,Tonnes,1264.3896268184692,Vidarbha,2011
Maharashtra,CHANDRAPUR,Rice,2011-12,Summer,1800.0,Hectare,3300.0,Tonnes,1833.3333333333333,Vidarbha,2011
Maharashtra,CHANDRAPUR,Rice,2012-13,Kharif,158200.0,Hectare,250500.0,Tonnes,1583.4386852085968,Vidarbha,2012
Maharashtra,CHANDRAPUR,Rice,2012-13,Summer,2600.0,Hectare,5400.0,Tonnes,2076.923076923077,Vidarbha,2012
Maharashtra,DHULE,Rice,2010-11,Kharif,5000.0,Hectare,6700.0,Tonnes,1340.0,Madhya Maharashtra,2010
Maharashtra,DHULE,Rice,2011-12,Kharif,7900.0,Hectare,5300.0,Tonnes,670.8860759493671,Madhya Maharashtra,2011
Maharashtra,DHULE,Rice,2012-13,Kharif,7700.0,Hectare,7400.0,Tonnes,961.038961038961,Madhya Maharashtra,2012
Maharashtra,GADCHIROLI,Rice,2010-11,Kharif,156800.0,Hectare,233200.0,Tonnes,1487.2448979591836,Vidarbha,2010
Maharashtra,GADCHIROLI,Rice,2010-11,Summer,2500.0,Hectare,3800.0,Tonnes,1520.0,Vidarbha,2010
Maharashtra,GADCHIROLI,Rice,2011-12,Kharif,152200.0,Hectare,182300.0,Tonnes,1197.766097240473,Vidarbha,2011
Maharashtra,GADCHIROLI,Rice,2011-12,Summer,2900.0,Hectare,4800.0,Tonnes,1655.1724137931035,Vidarbha,2011
Maharashtra,GADCHIROLI,Rice,2012-13,Kharif,151400.0,Hectare,228800.0,Tonnes,1511.228533685601,Vidarbha,2012
Maharashtra,GADCHIROLI,Rice,2012-13,Summer,2900.0,Hectare,6200.0,Tonnes,2137.9310344827586,Vidarbha,2012
Maharashtra,GONDIA,Rice,2010-11,Kharif,178200.0,Hectare,306000.0,Tonnes,1717.171717171717,Vidarbha,2010
Maharashtra,GONDIA,Rice,2010-11,Summer,11000.0,Hectare,25000.0,Tonnes,2272.727272727273,Vidarbha,2010
Maharashtra,GONDIA,Rice,2011-12,Kharif,172800.0,Hectare,294800.0,Tonnes,1706.0185185185187,Vidarbha,2011
Maharashtra,GONDIA,Rice,2011-12,Summer,7700.0,Hectare,18200.0,Tonnes,2363.6363636363644,Vidarbha,2011
Maharashtra,GONDIA,Rice,2012-13,Kharif,177500.0,Hectare,334600.0,Tonnes,1885.0704225352115,Vidarbha,2012
Maharashtra,GONDIA,Rice,2012-13,Summer,8900.0,Hectare,21300.0,Tonnes,2393.258426966292,Vidarbha,2012
Maharashtra,HINGOLI,Rice,2010-11,Kharif,1100.0,Hectare,700.0,Tonnes,636.3636363636364,Matathwada,2010
Maharashtra,HINGOLI,Rice,2011-12,Kharif,600.0,Hectare,200.0,Tonnes,333.3333333333333,Matathwada,2011
Maharashtra,HINGOLI,Rice,2012-13,Kharif,600.0,Hectare,200.0,Tonnes,333.3333333333333,Matathwada,2012
Maharashtra,JALGAON,Rice,2011-12,Kharif,200.0,Hectare,300.0,Tonnes,1500.0,Madhya Maharashtra,2011
Maharashtra,KOLHAPUR,Rice,2010-11,Kharif,111500.0,Hectare,321600.0,Tonnes,2884.304932735426,Madhya Maharashtra,2010
Maharashtra,KOLHAPUR,Rice,2011-12,Kharif,104300.0,Hectare,278900.0,Tonnes,2674.0172579098758,Madhya Maharashtra,2011
Maharashtra,KOLHAPUR,Rice,2012-13,Kharif,107800.0,Hectare,282200.0,Tonnes,2617.810760667904,Madhya Maharashtra,2012
Maharashtra,KOLHAPUR,Rice,2012-13,Summer,700.0,Hectare,1800.0,Tonnes,2571.428571428572,Madhya Maharashtra,2012
Maharashtra,LATUR,Rice,2010-11,Kharif,6300.0,Hectare,2800.0,Tonnes,444.4444444444444,Matathwada,2010
Maharashtra,LATUR,Rice,2011-12,Kharif,6700.0,Hectare,3200.0,Tonnes,477.6119402985074,Matathwada,2011
Maharashtra,LATUR,Rice,2012-13,Kharif,8300.0,Hectare,5000.0,Tonnes,602.4096385542169,Matathwada,2012
Maharashtra,NAGPUR,Rice,2010-11,Kharif,71400.0,Hectare,70100.0,Tonnes,981.7927170868348,Vidarbha,2010
Maharashtra,NAGPUR,Rice,2011-12,Kharif,77500.0,Hectare,117400.0,Tonnes,1514.8387096774195,Vidarbha,2011
Maharashtra,NAGPUR,Rice,2012-13,Kharif,67000.0,Hectare,100200.0,Tonnes,1495.5223880597016,Vidarbha,2012
Maharashtra,NAGPUR,Rice,2012-13,Summer,100.0,Hectare,200.0,Tonnes,2000.0,Vidarbha,2012
Maharashtra,NANDED,Rice,2010-11,Kharif,5200.0,Hectare,2700.0,Tonnes,519.2307692307693,Matathwada,2010
Maharashtra,NANDED,Rice,2011-12,Kharif,4000.0,Hectare,1500.0,Tonnes,375.0,Matathwada,2011
Maharashtra,NANDED,Rice,2012-13,Kharif,4000.0,Hectare,2100.0,Tonnes,525.0,Matathwada,2012
Maharashtra,NANDURBAR,Rice,2010-11,Kharif,23400.0,Hectare,24700.0,Tonnes,1055.5555555555557,Madhya Maharashtra,2010
Maharashtra,NANDURBAR,Rice,2011-12,Kharif,19400.0,Hectare,31700.0,Tonnes,1634.020618556701,Madhya Maharashtra,2011
Maharashtra,NANDURBAR,Rice,2012-13,Kharif,19500.0,Hectare,28400.0,Tonnes,1456.4102564102564,Madhya Maharashtra,2012
Maharashtra,NASHIK,Rice,2010-11,Kharif,59100.0,Hectare,24000.0,Tonnes,406.09137055837556,Madhya Maharashtra,2010
Maharashtra,NASHIK,Rice,2011-12,Kharif,62900.0,Hectare,77800.0,Tonnes,1236.8839427662956,Madhya Maharashtra,2011
Maharashtra,NASHIK,Rice,2012-13,Kharif,67900.0,Hectare,80800.0,Tonnes,1189.9852724594994,Madhya Maharashtra,2012
Maharashtra,OSMANABAD,Rice,2010-11,Kharif,11200.0,Hectare,3400.0,Tonnes,303.5714285714285,Matathwada,2010
Maharashtra,OSMANABAD,Rice,2011-12,Kharif,10700.0,Hectare,4100.0,Tonnes,383.17757009345786,Matathwada,2011
Maharashtra,PARBHANI,Rice,2010-11,Kharif,4000.0,Hectare,1800.0,Tonnes,450.0,Matathwada,2010
Maharashtra,PARBHANI,Rice,2011-12,Kharif,1700.0,Hectare,600.0,Tonnes,352.9411764705882,Matathwada,2011
Maharashtra,PUNE,Rice,2010-11,Kharif,60900.0,Hectare,71900.0,Tonnes,1180.623973727422,Madhya Maharashtra,2010
Maharashtra,PUNE,Rice,2011-12,Kharif,62000.0,Hectare,85600.0,Tonnes,1380.6451612903224,Madhya Maharashtra,2011
Maharashtra,PUNE,Rice,2012-13,Kharif,77600.0,Hectare,106200.0,Tonnes,1368.556701030928,Madhya Maharashtra,2012
Maharashtra,RAIGAD,Rice,2010-11,Kharif,124600.0,Hectare,294800.0,Tonnes,2365.971107544141,Konkan & Goa,2010
Maharashtra,RAIGAD,Rice,2010-11,Summer,1600.0,Hectare,4300.0,Tonnes,2687.5,Konkan & Goa,2010
Maharashtra,RAIGAD,Rice,2011-12,Kharif,123800.0,Hectare,298600.0,Tonnes,2411.9547657512117,Konkan & Goa,2011
Maharashtra,RAIGAD,Rice,2011-12,Summer,3000.0,Hectare,7600.0,Tonnes,2533.333333333333,Konkan & Goa,2011
Maharashtra,RAIGAD,Rice,2012-13,Kharif,124100.0,Hectare,323000.0,Tonnes,2602.739726027397,Konkan & Goa,2012
Maharashtra,RAIGAD,Rice,2012-13,Summer,3800.0,Hectare,10300.0,Tonnes,2710.5263157894738,Konkan & Goa,2012
Maharashtra,RATNAGIRI,Rice,2010-11,Kharif,78000.0,Hectare,223100.0,Tonnes,2860.25641025641,Konkan & Goa,2010
Maharashtra,RATNAGIRI,Rice,2010-11,Summer,100.0,Hectare,300.0,Tonnes,3000.0,Konkan & Goa,2010
Maharashtra,RATNAGIRI,Rice,2011-12,Kharif,77400.0,Hectare,226100.0,Tonnes,2921.188630490956,Konkan & Goa,2011
Maharashtra,RATNAGIRI,Rice,2011-12,Summer,100.0,Hectare,300.0,Tonnes,3000.0,Konkan & Goa,2011
Maharashtra,RATNAGIRI,Rice,2012-13,Kharif,73800.0,Hectare,214800.0,Tonnes,2910.569105691057,Konkan & Goa,2012
Maharashtra,RATNAGIRI,Rice,2012-13,Summer,100.0,Hectare,200.0,Tonnes,2000.0,Konkan & Goa,2012
Maharashtra,SANGLI,Rice,2010-11,Kharif,20200.0,Hectare,53900.0,Tonnes,2668.3168316831684,Madhya Maharashtra,2010
Maharashtra,SANGLI,Rice,2011-12,Kharif,18100.0,Hectare,33700.0,Tonnes,1861.878453038674,Madhya Maharashtra,2011
Maharashtra,SANGLI,Rice,2012-13,Kharif,17500.0,Hectare,33700.0,Tonnes,1925.7142857142856,Madhya Maharashtra,2012
Maharashtra,SATARA,Rice,2010-11,Kharif,50800.0,Hectare,82200.0,Tonnes,1618.1102362204724,Madhya Maharashtra,2010
Maharashtra,SATARA,Rice,2011-12,Kharif,50500.0,Hectare,83000.0,Tonnes,1643.5643564356437,Madhya Maharashtra,2011
Maharashtra,SATARA,Rice,2012-13,Kharif,51000.0,Hectare,70000.0,Tonnes,1372.549019607843,Madhya Maharashtra,2012
Maharashtra,SINDHUDURG,Rice,2010-11,Kharif,73900.0,Hectare,197000.0,Tonnes,2665.764546684709,Konkan & Goa,2010
Maharashtra,SINDHUDURG,Rice,2010-11,Summer,3600.0,Hectare,8800.0,Tonnes,2444.444444444445,Konkan & Goa,2010
Maharashtra,SINDHUDURG,Rice,2011-12,Kharif,74200.0,Hectare,202500.0,Tonnes,2729.1105121293804,Konkan & Goa,2011
Maharashtra,SINDHUDURG,Rice,2011-12,Summer,3800.0,Hectare,8600.0,Tonnes,2263.157894736842,Konkan & Goa,2011
Maharashtra,SINDHUDURG,Rice,2012-13,Kharif,74200.0,Hectare,207000.0,Tonnes,2789.757412398922,Konkan & Goa,2012
Maharashtra,SINDHUDURG,Rice,2012-13,Summer,2600.0,Hectare,6200.0,Tonnes,2384.6153846153848,Konkan & Goa,2012
Maharashtra,SOLAPUR,Rice,2010-11,Kharif,700.0,Hectare,200.0,Tonnes,285.7142857142857,Madhya Maharashtra,2010
Maharashtra,SOLAPUR,Rice,2011-12,Kharif,700.0,Hectare,200.0,Tonnes,285.7142857142857,Madhya Maharashtra,2011
Maharashtra,THANE,Rice,2010-11,Kharif,136000.0,Hectare,275300.0,Tonnes,2024.2647058823532,Konkan & Goa,2010
Maharashtra,THANE,Rice,2010-11,Summer,2600.0,Hectare,6000.0,Tonnes,2307.6923076923076,Konkan & Goa,2010
Maharashtra,THANE,Rice,2011-12,Kharif,137500.0,Hectare,337200.0,Tonnes,2452.3636363636365,Konkan & Goa,2011
Maharashtra,THANE,Rice,2011-12,Summer,2900.0,Hectare,6800.0,Tonnes,2344.8275862068963,Konkan & Goa,2011
Maharashtra,THANE,Rice,2012-13,Kharif,137500.0,Hectare,356800.0,Tonnes,2594.909090909091,Konkan & Goa,2012
Maharashtra,THANE,Rice,2012-13,Summer,2100.0,Hectare,6100.0,Tonnes,2904.7619047619046,Konkan & Goa,2012
Maharashtra,WASHIM,Rice,2011-12,Kharif,200.0,Hectare,200.0,Tonnes,1000.0,Vidarbha,2011
Maharashtra,YAVATMAL,Rice,2011-12,Kharif,100.0,Hectare,100.0,Tonnes,1000.0,Vidarbha,2011
Maharashtra,YAVATMAL,Rice,2012-13,Kharif,100.0,Hectare,40.0,Tonnes,400.0,Vidarbha,2012
Maharashtra,AHMEDNAGAR,Rice,2013-14,Kharif,7900.0,Hectare,19000.0,Tonnes,2405.0632911392404,Madhya Maharashtra,2013
Maharashtra,AHMEDNAGAR,Rice,2015-16,Kharif,14000.0,Hectare,17200.0,Tonnes,1228.5714285714287,Madhya Maharashtra,2015
Maharashtra,AMRAVATI,Rice,2014-15,Kharif,5300.0,Hectare,1600.0,Tonnes,301.88679245283015,Vidarbha,2014
Maharashtra,BEED,Rice,2013-14,Kharif,500.0,Hectare,300.0,Tonnes,600.0,Matathwada,2013
Maharashtra,BHANDARA,Rice,2013-14,Kharif,186200.0,Hectare,303500.0,Tonnes,1629.967776584318,Vidarbha,2013
Maharashtra,BHANDARA,Rice,2013-14,Summer,8400.0,Hectare,20770.0,Tonnes,2472.619047619048,Vidarbha,2013
Maharashtra,BHANDARA,Rice,2014-15,Kharif,188600.0,Hectare,305400.0,Tonnes,1619.3001060445388,Vidarbha,2014
Maharashtra,BHANDARA,Rice,2014-15,Summer,7600.0,Hectare,17400.0,Tonnes,2289.4736842105262,Vidarbha,2014
Maharashtra,BHANDARA,Rice,2015-16,Kharif,180200.0,Hectare,268000.0,Tonnes,1487.2364039955605,Vidarbha,2015
Maharashtra,BHANDARA,Rice,2015-16,Summer,7700.0,Hectare,15900.0,Tonnes,2064.935064935065,Vidarbha,2015
Maharashtra,CHANDRAPUR,Rice,2013-14,Kharif,160200.0,Hectare,211300.0,Tonnes,1318.976279650437,Vidarbha,2013
Maharashtra,CHANDRAPUR,Rice,2013-14,Summer,3200.0,Hectare,6900.0,Tonnes,2156.25,Vidarbha,2013
Maharashtra,CHANDRAPUR,Rice,2014-15,Kharif,141800.0,Hectare,106700.0,Tonnes,752.4682651622003,Vidarbha,2014
Maharashtra,CHANDRAPUR,Rice,2014-15,Summer,4000.0,Hectare,6800.0,Tonnes,1700.0,Vidarbha,2014
Maharashtra,CHANDRAPUR,Rice,2015-16,Kharif,137400.0,Hectare,113200.0,Tonnes,823.8719068413392,Vidarbha,2015
Maharashtra,CHANDRAPUR,Rice,2015-16,Summer,2300.0,Hectare,4000.0,Tonnes,1739.1304347826087,Vidarbha,2015
Maharashtra,DHULE,Rice,2013-14,Kharif,7700.0,Hectare,9700.0,Tonnes,1259.7402597402597,Madhya Maharashtra,2013
Maharashtra,DHULE,Rice,2015-16,Kharif,2300.0,Hectare,2700.0,Tonnes,1173.913043478261,Madhya Maharashtra,2015
Maharashtra,GADCHIROLI,Rice,2013-14,Kharif,153000.0,Hectare,225600.0,Tonnes,1474.5098039215686,Vidarbha,2013
Maharashtra,GADCHIROLI,Rice,2013-14,Summer,3000.0,Hectare,6400.0,Tonnes,2133.3333333333335,Vidarbha,2013
Maharashtra,GADCHIROLI,Rice,2014-15,Kharif,152800.0,Hectare,201600.0,Tonnes,1319.3717277486912,Vidarbha,2014
Maharashtra,GADCHIROLI,Rice,2014-15,Summer,2900.0,Hectare,4500.0,Tonnes,1551.7241379310344,Vidarbha,2014
Maharashtra,GADCHIROLI,Rice,2015-16,Kharif,150500.0,Hectare,126300.0,Tonnes,839.2026578073089,Vidarbha,2015
Maharashtra,GADCHIROLI,Rice,2015-16,Summer,2200.0,Hectare,4400.0,Tonnes,2000.0,Vidarbha,2015
Maharashtra,GONDIA,Rice,2013-14,Kharif,188100.0,Hectare,292500.0,Tonnes,1555.0239234449762,Vidarbha,2013
Maharashtra,GONDIA,Rice,2013-14,Summer,13400.0,Hectare,32820.0,Tonnes,2449.2537313432836,Vidarbha,2013
Maharashtra,GONDIA,Rice,2014-15,Kharif,174700.0,Hectare,340600.0,Tonnes,1949.6279336004577,Vidarbha,2014
Maharashtra,GONDIA,Rice,2014-15,Summer,12900.0,Hectare,36100.0,Tonnes,2798.4496124031007,Vidarbha,2014
Maharashtra,GONDIA,Rice,2015-16,Kharif,172100.0,Hectare,263600.0,Tonnes,1531.6676350958744,Vidarbha,2015
Maharashtra,GONDIA,Rice,2015-16,Summer,10400.0,Hectare,26300.0,Tonnes,2528.846153846154,Vidarbha,2015
Maharashtra,KOLHAPUR,Rice,2013-14,Summer,800.0,Hectare,2200.0,Tonnes,2750.0,Madhya Maharashtra,2013
Maharashtra,KOLHAPUR,Rice,2015-16,Kharif,111500.0,Hectare,273300.0,Tonnes,2451.121076233184,Madhya Maharashtra,2015
Maharashtra,LATUR,Rice,2013-14,Kharif,7600.0,Hectare,5100.0,Tonnes,671.0526315789474,Matathwada,2013
Maharashtra,NAGPUR,Rice,2013-14,Kharif,77700.0,Hectare,105000.0,Tonnes,1351.351351351351,Vidarbha,2013
Maharashtra,NAGPUR,Rice,2013-14,Summer,100.0,Hectare,200.0,Tonnes,2000.0,Vidarbha,2013
Maharashtra,NAGPUR,Rice,2014-15,Kharif,78800.0,Hectare,95500.0,Tonnes,1211.9289340101523,Vidarbha,2014
Maharashtra,NAGPUR,Rice,2015-16,Kharif,88700.0,Hectare,107300.0,Tonnes,1209.695603156708,Vidarbha,2015
Maharashtra,NANDED,Rice,2013-14,Kharif,800.0,Hectare,400.0,Tonnes,500.0,Matathwada,2013
Maharashtra,NANDURBAR,Rice,2013-14,Kharif,22500.0,Hectare,20300.0,Tonnes,902.2222222222224,Madhya Maharashtra,2013
Maharashtra,NANDURBAR,Rice,2014-15,Kharif,18200.0,Hectare,9000.0,Tonnes,494.50549450549454,Madhya Maharashtra,2014
Maharashtra,NANDURBAR,Rice,2015-16,Kharif,18900.0,Hectare,17300.0,Tonnes,915.3439153439152,Madhya Maharashtra,2015
Maharashtra,NASHIK,Rice,2013-14,Kharif,72600.0,Hectare,93300.0,Tonnes,1285.1239669421489,Madhya Maharashtra,2013
Maharashtra,NASHIK,Rice,2014-15,Kharif,71200.0,Hectare,86700.0,Tonnes,1217.6966292134832,Madhya Maharashtra,2014
Maharashtra,NASHIK,Rice,2015-16,Kharif,69600.0,Hectare,101100.0,Tonnes,1452.5862068965519,Madhya Maharashtra,2015
Maharashtra,OSMANABAD,Rice,2013-14,Kharif,13100.0,Hectare,6400.0,Tonnes,488.5496183206106,Matathwada,2013
Maharashtra,PALGHAR,Rice,2014-15,Kharif,74800.0,Hectare,188300.0,Tonnes,2517.379679144385,Konkan & Goa,2014
Maharashtra,PALGHAR,Rice,2015-16,Kharif,77100.0,Hectare,177300.0,Tonnes,2299.610894941634,Konkan & Goa,2015
Maharashtra,PALGHAR,Rice,2015-16,Summer,1400.0,Hectare,4000.0,Tonnes,2857.1428571428573,Konkan & Goa,2015
Maharashtra,PARBHANI,Rice,2013-14,Kharif,700.0,Hectare,300.0,Tonnes,428.5714285714285,Matathwada,2013
Maharashtra,PUNE,Rice,2013-14,Kharif,82100.0,Hectare,153200.0,Tonnes,1866.0170523751524,Madhya Maharashtra,2013
Maharashtra,PUNE,Rice,2014-15,Kharif,82100.0,Hectare,136100.0,Tonnes,1657.7344701583434,Madhya Maharashtra,2014
Maharashtra,PUNE,Rice,2015-16,Kharif,54600.0,Hectare,107300.0,Tonnes,1965.201465201465,Madhya Maharashtra,2015
Maharashtra,RAIGAD,Rice,2013-14,Kharif,124100.0,Hectare,355100.0,Tonnes,2861.4020950846093,Konkan & Goa,2013
Maharashtra,RAIGAD,Rice,2013-14,Summer,3800.0,Hectare,10800.0,Tonnes,2842.1052631578946,Konkan & Goa,2013
Maharashtra,RAIGAD,Rice,2014-15,Kharif,116200.0,Hectare,320700.0,Tonnes,2759.896729776248,Konkan & Goa,2014
Maharashtra,RAIGAD,Rice,2015-16,Kharif,112100.0,Hectare,328900.0,Tonnes,2933.987511150758,Konkan & Goa,2015
Maharashtra,RATNAGIRI,Rice,2013-14,Kharif,72100.0,Hectare,213200.0,Tonnes,2957.004160887656,Konkan & Goa,2013
Maharashtra,RATNAGIRI,Rice,2015-16,Kharif,71000.0,Hectare,174100.0,Tonnes,2452.112676056338,Konkan & Goa,2015
Maharashtra,SANGLI,Rice,2013-14,Kharif,14500.0,Hectare,25500.0,Tonnes,1758.6206896551723,Madhya Maharashtra,2013
Maharashtra,SANGLI,Rice,2014-15,Kharif,15500.0,Hectare,31400.0,Tonnes,2025.8064516129036,Madhya Maharashtra,2014
Maharashtra,SANGLI,Rice,2015-16,Kharif,22600.0,Hectare,43400.0,Tonnes,1920.353982300885,Madhya Maharashtra,2015
Maharashtra,SATARA,Rice,2013-14,Kharif,50400.0,Hectare,75600.0,Tonnes,1500.0,Madhya Maharashtra,2013
Maharashtra,SATARA,Rice,2014-15,Kharif,52900.0,Hectare,94700.0,Tonnes,1790.1701323251418,Madhya Maharashtra,2014
Maharashtra,SATARA,Rice,2015-16,Kharif,52700.0,Hectare,79700.0,Tonnes,1512.3339658444024,Madhya Maharashtra,2015
Maharashtra,SINDHUDURG,Rice,2013-14,Summer,2600.0,Hectare,5600.0,Tonnes,2153.846153846154,Konkan & Goa,2013
Maharashtra,SINDHUDURG,Rice,2014-15,Summer,2600.0,Hectare,5400.0,Tonnes,2076.923076923077,Konkan & Goa,2014
Maharashtra,SINDHUDURG,Rice,2015-16,Kharif,64600.0,Hectare,190000.0,Tonnes,2941.1764705882356,Konkan & Goa,2015
Maharashtra,SINDHUDURG,Rice,2015-16,Summer,2600.0,Hectare,6100.0,Tonnes,2346.153846153846,Konkan & Goa,2015
Maharashtra,THANE,Rice,2013-14,Kharif,137500.0,Hectare,328000.0,Tonnes,2385.4545454545455,Konkan & Goa,2013
Maharashtra,THANE,Rice,2013-14,Summer,2100.0,Hectare,6000.0,Tonnes,2857.1428571428573,Konkan & Goa,2013
Maharashtra,THANE,Rice,2014-15,Kharif,55200.0,Hectare,132900.0,Tonnes,2407.608695652174,Konkan & Goa,2014
Maharashtra,THANE,Rice,2014-15,Summer,2800.0,Hectare,7500.0,Tonnes,2678.5714285714284,Konkan & Goa,2014
Maharashtra,THANE,Rice,2015-16,Kharif,55000.0,Hectare,124200.0,Tonnes,2258.1818181818185,Konkan & Goa,2015
Maharashtra,THANE,Rice,2015-16,Summer,400.0,Hectare,1000.0,Tonnes,2500.0,Konkan & Goa,2015
Maharashtra,AHMEDNAGAR,Rice,2016-17,Kharif,15000.0,Hectare,26200.0,Tonnes,1746.6666666666665,Madhya Maharashtra,2016
Maharashtra,AHMEDNAGAR,Rice,2017-18,Kharif,16200.0,Hectare,37300.0,Tonnes,2302.4691358024693,Madhya Maharashtra,2017
Maharashtra,AHMEDNAGAR,Rice,2018-19,Kharif,16244.999999999998,Hectare,6711.0,Tonnes,413.11172668513393,Madhya Maharashtra,2018
Maharashtra,AMRAVATI,Rice,2016-17,Kharif,6900.0,Hectare,4600.0,Tonnes,666.6666666666666,Vidarbha,2016
Maharashtra,AMRAVATI,Rice,2017-18,Kharif,8900.0,Hectare,3000.0,Tonnes,337.0786516853932,Vidarbha,2017
Maharashtra,AMRAVATI,Rice,2018-19,Kharif,7258.0,Hectare,2942.0,Tonnes,405.3458252962248,Vidarbha,2018
Maharashtra,AURANGABAD,Rice,2016-17,Kharif,6500.0,Hectare,3100.0,Tonnes,476.9230769230769,Matathwada,2016
Maharashtra,BEED,Rice,2016-17,Kharif,100.0,Hectare,70.0,Tonnes,700.0,Matathwada,2016
Maharashtra,BEED,Rice,2017-18,Kharif,65.0,Hectare,30.0,Tonnes,461.5384615384615,Matathwada,2017
Maharashtra,BEED,Rice,2018-19,Kharif,29.0,Hectare,9.0,Tonnes,310.3448275862069,Matathwada,2018
Maharashtra,BHANDARA,Rice,2016-17,Kharif,168400.0,Hectare,346800.0,Tonnes,2059.38242280285,Vidarbha,2016
Maharashtra,BHANDARA,Rice,2016-17,Summer,14000.0,Hectare,31600.0,Tonnes,2257.1428571428573,Vidarbha,2016
Maharashtra,BHANDARA,Rice,2017-18,Kharif,164700.0,Hectare,200900.0,Tonnes,1219.793564055859,Vidarbha,2017
Maharashtra,BHANDARA,Rice,2017-18,Summer,8181.0,Hectare,18700.0,Tonnes,2285.7841339689526,Vidarbha,2017
Maharashtra,BHANDARA,Rice,2018-19,Kharif,165010.0,Hectare,351437.0,Tonnes,2129.792133810072,Vidarbha,2018
Maharashtra,BHANDARA,Rice,2018-19,Summer,10780.0,Hectare,30800.0,Tonnes,2857.1428571428573,Vidarbha,2018
Maharashtra,BULDHANA,Rice,2016-17,Kharif,10.0,Hectare,4.0,Tonnes,400.0,Vidarbha,2016
Maharashtra,CHANDRAPUR,Rice,2016-17,Kharif,136400.0,Hectare,234000.0,Tonnes,1715.5425219941349,Vidarbha,2016
Maharashtra,CHANDRAPUR,Rice,2016-17,Summer,6700.0,Hectare,11500.0,Tonnes,1716.4179104477612,Vidarbha,2016
Maharashtra,CHANDRAPUR,Rice,2017-18,Kharif,129400.0,Hectare,92700.0,Tonnes,716.3833075734158,Vidarbha,2017
Maharashtra,CHANDRAPUR,Rice,2017-18,Summer,3188.0,Hectare,6400.0,Tonnes,2007.5282308657468,Vidarbha,2017
Maharashtra,CHANDRAPUR,Rice,2018-19,Kharif,132251.0,Hectare,232195.0,Tonnes,1755.7145125556704,Vidarbha,2018
Maharashtra,CHANDRAPUR,Rice,2018-19,Summer,2720.0,Hectare,4350.0,Tonnes,1599.264705882353,Vidarbha,2018
Maharashtra,DHULE,Rice,2016-17,Kharif,6400.0,Hectare,10500.0,Tonnes,1640.625,Madhya Maharashtra,2016
Maharashtra,DHULE,Rice,2017-18,Kharif,7000.0,Hectare,14100.0,Tonnes,2014.2857142857142,Madhya Maharashtra,2017
Maharashtra,DHULE,Rice,2018-19,Kharif,6870.0,Hectare,9305.0,Tonnes,1354.4395924308587,Madhya Maharashtra,2018
Maharashtra,GADCHIROLI,Rice,2016-17,Kharif,148300.0,Hectare,274900.0,Tonnes,1853.6749831422792,Vidarbha,2016
Maharashtra,GADCHIROLI,Rice,2016-17,Summer,5100.0,Hectare,10400.0,Tonnes,2039.2156862745096,Vidarbha,2016
Maharashtra,GADCHIROLI,Rice,2017-18,Kharif,148500.0,Hectare,181800.0,Tonnes,1224.242424242424,Vidarbha,2017
Maharashtra,GADCHIROLI,Rice,2017-18,Summer,3295.0000000000005,Hectare,6400.0,Tonnes,1942.3368740515928,Vidarbha,2017
Maharashtra,GADCHIROLI,Rice,2018-19,Kharif,150119.0,Hectare,269686.0,Tonnes,1796.4814580432856,Vidarbha,2018
Maharashtra,GADCHIROLI,Rice,2018-19,Summer,4040.0,Hectare,7480.0,Tonnes,1851.485148514852,Vidarbha,2018
Maharashtra,GONDIA,Rice,2016-17,Kharif,173200.0,Hectare,423300.0,Tonnes,2443.995381062356,Vidarbha,2016
Maharashtra,GONDIA,Rice,2016-17,Summer,36100.0,Hectare,87000.0,Tonnes,2409.972299168975,Vidarbha,2016
Maharashtra,GONDIA,Rice,2017-18,Kharif,138500.0,Hectare,218500.0,Tonnes,1577.6173285198556,Vidarbha,2017
Maharashtra,GONDIA,Rice,2017-18,Summer,4511.0,Hectare,11000.0,Tonnes,2438.483706495234,Vidarbha,2017
Maharashtra,GONDIA,Rice,2018-19,Kharif,128536.0,Hectare,321010.0,Tonnes,2497.4326258791316,Vidarbha,2018
Maharashtra,GONDIA,Rice,2018-19,Summer,23510.0,Hectare,69800.0,Tonnes,2968.949383241174,Vidarbha,2018
Maharashtra,LATUR,Rice,2016-17,Kharif,3300.0,Hectare,900.0,Tonnes,272.7272727272727,Matathwada,2016
Maharashtra,LATUR,Rice,2017-18,Kharif,2800.0,Hectare,800.0,Tonnes,285.7142857142857,Matathwada,2017
Maharashtra,NAGPUR,Rice,2016-17,Kharif,87600.0,Hectare,170200.0,Tonnes,1942.9223744292242,Vidarbha,2016
Maharashtra,NAGPUR,Rice,2016-17,Summer,100.0,Hectare,200.0,Tonnes,2000.0,Vidarbha,2016
Maharashtra,NAGPUR,Rice,2017-18,Kharif,97200.0,Hectare,183400.0,Tonnes,1886.8312757201647,Vidarbha,2017
Maharashtra,NAGPUR,Rice,2017-18,Summer,75.0,Hectare,200.0,Tonnes,2666.6666666666665,Vidarbha,2017
Maharashtra,NAGPUR,Rice,2018-19,Kharif,98186.0,Hectare,203262.0,Tonnes,2070.1729370786056,Vidarbha,2018
Maharashtra,NAGPUR,Rice,2018-19,Summer,24.0,Hectare,70.0,Tonnes,2916.6666666666665,Vidarbha,2018
Maharashtra,NANDED,Rice,2016-17,Kharif,200.0,Hectare,100.0,Tonnes,500.0,Matathwada,2016
Maharashtra,NANDED,Rice,2016-17,Summer,500.0,Hectare,1200.0,Tonnes,2400.0,Matathwada,2016
Maharashtra,NANDED,Rice,2017-18,Kharif,700.0,Hectare,1000.0,Tonnes,1428.5714285714287,Matathwada,2017
Maharashtra,NANDED,Rice,2017-18,Summer,108.0,Hectare,200.0,Tonnes,1851.8518518518522,Matathwada,2017
Maharashtra,NANDED,Rice,2018-19,Kharif,606.0,Hectare,535.0,Tonnes,882.8382838283828,Matathwada,2018
Maharashtra,NANDED,Rice,2018-19,Summer,234.0,Hectare,640.0,Tonnes,2735.042735042735,Matathwada,2018
Maharashtra,NANDURBAR,Rice,2016-17,Kharif,25300.0,Hectare,29400.0,Tonnes,1162.0553359683795,Madhya Maharashtra,2016
Maharashtra,NANDURBAR,Rice,2017-18,Kharif,26600.0,Hectare,30100.0,Tonnes,1131.578947368421,Madhya Maharashtra,2017
Maharashtra,NANDURBAR,Rice,2018-19,Kharif,26116.000000000004,Hectare,22519.0,Tonnes,862.2683412467451,Madhya Maharashtra,2018
Maharashtra,NASHIK,Rice,2016-17,Kharif,71900.0,Hectare,145800.0,Tonnes,2027.8164116828927,Madhya Maharashtra,2016
Maharashtra,NASHIK,Rice,2017-18,Kharif,72500.0,Hectare,153600.0,Tonnes,2118.6206896551726,Madhya Maharashtra,2017
Maharashtra,NASHIK,Rice,2018-19,Kharif,74046.0,Hectare,126516.0,Tonnes,1708.6135645409613,Madhya Maharashtra,2018
Maharashtra,OSMANABAD,Rice,2017-18,Kharif,7500.0,Hectare,2200.0,Tonnes,293.33333333333326,Matathwada,2017
Maharashtra,PALGHAR,Rice,2016-17,Kharif,76400.0,Hectare,222700.0,Tonnes,2914.9214659685863,Konkan & Goa,2016
Maharashtra,PALGHAR,Rice,2016-17,Summer,1200.0,Hectare,2900.0,Tonnes,2416.6666666666665,Konkan & Goa,2016
Maharashtra,PALGHAR,Rice,2017-18,Kharif,76700.0,Hectare,142000.0,Tonnes,1851.3689700130376,Konkan & Goa,2017
Maharashtra,PALGHAR,Rice,2017-18,Summer,1230.0,Hectare,3100.0,Tonnes,2520.3252032520327,Konkan & Goa,2017
Maharashtra,PALGHAR,Rice,2018-19,Kharif,76714.0,Hectare,134767.0,Tonnes,1756.7458351800194,Konkan & Goa,2018
Maharashtra,PALGHAR,Rice,2018-19,Summer,1325.0,Hectare,3500.0,Tonnes,2641.509433962264,Konkan & Goa,2018
Maharashtra,PUNE,Rice,2016-17,Kharif,53500.0,Hectare,115400.0,Tonnes,2157.0093457943926,Madhya Maharashtra,2016
Maharashtra,PUNE,Rice,2017-18,Kharif,52000.0,Hectare,124000.0,Tonnes,2384.6153846153848,Madhya Maharashtra,2017
Maharashtra,PUNE,Rice,2018-19,Kharif,57969.00000000001,Hectare,106233.0,Tonnes,1832.5829322568961,Madhya Maharashtra,2018
Maharashtra,RAIGAD,Rice,2016-17,Kharif,109400.0,Hectare,297200.0,Tonnes,2716.636197440585,Konkan & Goa,2016
Maharashtra,RAIGAD,Rice,2017-18,Kharif,110500.0,Hectare,299000.0,Tonnes,2705.8823529411766,Konkan & Goa,2017
Maharashtra,RAIGAD,Rice,2018-19,Kharif,111159.0,Hectare,314775.0,Tonnes,2831.7545138045507,Konkan & Goa,2018
Maharashtra,RATNAGIRI,Rice,2016-17,Summer,40.0,Hectare,100.0,Tonnes,2500.0,Konkan & Goa,2016
Maharashtra,RATNAGIRI,Rice,2017-18,Kharif,75200.0,Hectare,224400.0,Tonnes,2984.0425531914893,Konkan & Goa,2017
Maharashtra,RATNAGIRI,Rice,2018-19,Summer,10.0,Hectare,30.0,Tonnes,3000.0,Konkan & Goa,2018
Maharashtra,SANGLI,Rice,2016-17,Kharif,16800.0,Hectare,42900.0,Tonnes,2553.5714285714284,Madhya Maharashtra,2016
Maharashtra,SANGLI,Rice,2017-18,Kharif,17000.0,Hectare,39300.0,Tonnes,2311.7647058823527,Madhya Maharashtra,2017
Maharashtra,SANGLI,Rice,2018-19,Kharif,15422.999999999998,Hectare,40619.0,Tonnes,2633.6640082992935,Madhya Maharashtra,2018
Maharashtra,SATARA,Rice,2016-17,Kharif,47000.0,Hectare,82100.0,Tonnes,1746.8085106382978,Madhya Maharashtra,2016
Maharashtra,SATARA,Rice,2017-18,Kharif,45800.0,Hectare,83000.0,Tonnes,1812.227074235808,Madhya Maharashtra,2017
Maharashtra,SATARA,Rice,2018-19,Kharif,47026.0,Hectare,109002.0,Tonnes,2317.909241696083,Madhya Maharashtra,2018
Maharashtra,SINDHUDURG,Rice,2016-17,Summer,1500.0,Hectare,3200.0,Tonnes,2133.3333333333335,Konkan & Goa,2016
Maharashtra,SINDHUDURG,Rice,2017-18,Summer,1520.0,Hectare,3200.0,Tonnes,2105.2631578947367,Konkan & Goa,2017
Maharashtra,SINDHUDURG,Rice,2018-19,Kharif,62500.0,Hectare,183733.0,Tonnes,2939.728,Konkan & Goa,2018
Maharashtra,THANE,Rice,2016-17,Kharif,55000.0,Hectare,149600.0,Tonnes,2720.0,Konkan & Goa,2016
Maharashtra,THANE,Rice,2016-17,Summer,100.0,Hectare,100.0,Tonnes,1000.0,Konkan & Goa,2016
Maharashtra,THANE,Rice,2017-18,Kharif,54700.0,Hectare,101100.0,Tonnes,1848.2632541133453,Konkan & Goa,2017
Maharashtra,THANE,Rice,2017-18,Summer,48.0,Hectare,100.0,Tonnes,2083.333333333333,Konkan & Goa,2017
Maharashtra,THANE,Rice,2018-19,Kharif,54885.0,Hectare,139368.0,Tonnes,2539.2730254167805,Konkan & Goa,2018
Maharashtra,THANE,Rice,2018-19,Summer,38.0,Hectare,110.0,Tonnes,2894.7368421052643,Konkan & Goa,2018
Maharashtra,AHMEDNAGAR,Rice,2019-20,Kharif,17331.0,Hectare,19469.0,Tonnes,1123.3627603715886,Madhya Maharashtra,2019
Maharashtra,BHANDARA,Rice,2019-20,Kharif,177510.0,Hectare,288254.0,Tonnes,1623.8747112838714,Vidarbha,2019
Maharashtra,BHANDARA,Rice,2019-20,Summer,13054.0,Hectare,35015.0,Tonnes,2682.3195955262754,Vidarbha,2019
Maharashtra,CHANDRAPUR,Rice,2019-20,Kharif,138598.0,Hectare,193610.0,Tonnes,1396.9177044401797,Vidarbha,2019
Maharashtra,CHANDRAPUR,Rice,2019-20,Summer,5208.0,Hectare,12968.0,Tonnes,2490.015360983103,Vidarbha,2019
Maharashtra,DHULE,Rice,2019-20,Kharif,6838.0,Hectare,9742.0,Tonnes,1424.6855805791167,Madhya Maharashtra,2019
Maharashtra,GADCHIROLI,Rice,2019-20,Kharif,171267.0,Hectare,291081.0,Tonnes,1699.5743488237665,Vidarbha,2019
Maharashtra,GADCHIROLI,Rice,2019-20,Summer,9130.0,Hectare,21176.0,Tonnes,2319.3866374589265,Vidarbha,2019
Maharashtra,GONDIA,Rice,2019-20,Kharif,151992.0,Hectare,302721.0,Tonnes,1991.6903521237962,Vidarbha,2019
Maharashtra,GONDIA,Rice,2019-20,Summer,40835.0,Hectare,106718.0,Tonnes,2613.395371617485,Vidarbha,2019
Maharashtra,KOLHAPUR,Rice,2019-20,Kharif,111359.0,Hectare,270993.0,Tonnes,2433.507844000036,Madhya Maharashtra,2019
Maharashtra,NAGPUR,Rice,2019-20,Kharif,99473.0,Hectare,155943.0,Tonnes,1567.6917354457992,Vidarbha,2019
Maharashtra,NAGPUR,Rice,2019-20,Summer,56.00000000000001,Hectare,127.0,Tonnes,2267.857142857142,Vidarbha,2019
Maharashtra,NANDED,Rice,2019-20,Kharif,582.0,Hectare,400.0,Tonnes,687.2852233676975,Matathwada,2019
Maharashtra,NANDED,Rice,2019-20,Summer,279.0,Hectare,720.0,Tonnes,2580.6451612903224,Matathwada,2019
Maharashtra,NANDURBAR,Rice,2019-20,Kharif,26962.0,Hectare,43273.0,Tonnes,1604.9625398709295,Madhya Maharashtra,2019
Maharashtra,NASHIK,Rice,2019-20,Kharif,76288.0,Hectare,90539.0,Tonnes,1186.8052642617452,Madhya Maharashtra,2019
Maharashtra,PALGHAR,Rice,2019-20,Kharif,76714.0,Hectare,136746.0,Tonnes,1782.542951742837,Konkan & Goa,2019
Maharashtra,PALGHAR,Rice,2019-20,Summer,1325.0,Hectare,3496.0,Tonnes,2638.490566037736,Konkan & Goa,2019
Maharashtra,PUNE,Rice,2019-20,Kharif,59509.0,Hectare,107626.0,Tonnes,1808.566771412728,Madhya Maharashtra,2019
Maharashtra,RAIGAD,Rice,2019-20,Kharif,95932.0,Hectare,185513.0,Tonnes,1933.7968561064088,Konkan & Goa,2019
Maharashtra,RATNAGIRI,Rice,2019-20,Summer,14.000000000000002,Hectare,28.000000000000004,Tonnes,2000.0,Konkan & Goa,2019
Maharashtra,SANGLI,Rice,2019-20,Kharif,15472.0,Hectare,19618.0,Tonnes,1267.967942088935,Madhya Maharashtra,2019
Maharashtra,SATARA,Rice,2019-20,Kharif,49635.0,Hectare,71367.0,Tonnes,1437.8362042913266,Madhya Maharashtra,2019
Maharashtra,SINDHUDURG,Rice,2019-20,Kharif,62500.0,Hectare,156240.0,Tonnes,2499.8399999999997,Konkan & Goa,2019
Maharashtra,SINDHUDURG,Rice,2019-20,Summer,1551.0,Hectare,3856.0,Tonnes,2486.137975499678,Konkan & Goa,2019
Maharashtra,THANE,Rice,2019-20,Kharif,55235.0,Hectare,118495.0,Tonnes,2145.288313569295,Konkan & Goa,2019
Maharashtra,AHMEDNAGAR,Rice,1997-98,Kharif,5900.0,Hectare,7200.0,Tonnes,1220.3389830508474,Madhya Maharashtra,1997
Maharashtra,AHMEDNAGAR,Rice,1998-99,Kharif,5600.0,Hectare,7400.0,Tonnes,1321.4285714285713,Madhya Maharashtra,1998
Maharashtra,AHMEDNAGAR,Rice,1999-00,Kharif,5700.0,Hectare,8000.0,Tonnes,1403.5087719298244,Madhya Maharashtra,1999
Maharashtra,AHMEDNAGAR,Rice,2000-01,Kharif,5500.0,Hectare,3800.0,Tonnes,690.9090909090909,Madhya Maharashtra,2000
Maharashtra,AKOLA,Rice,1997-98,Kharif,2900.0,Hectare,1600.0,Tonnes,551.7241379310344,Vidarbha,1997
Maharashtra,AKOLA,Rice,1998-99,Kharif,2900.0,Hectare,2000.0,Tonnes,689.6551724137931,Vidarbha,1998
Maharashtra,AMRAVATI,Rice,1997-98,Kharif,9500.0,Hectare,5800.0,Tonnes,610.5263157894736,Vidarbha,1997
Maharashtra,AMRAVATI,Rice,1998-99,Kharif,8700.0,Hectare,6100.0,Tonnes,701.1494252873564,Vidarbha,1998
Maharashtra,AMRAVATI,Rice,1999-00,Kharif,8800.0,Hectare,5600.0,Tonnes,636.3636363636364,Vidarbha,1999
Maharashtra,AMRAVATI,Rice,2000-01,Kharif,8900.0,Hectare,4400.0,Tonnes,494.3820224719101,Vidarbha,2000
Maharashtra,AURANGABAD,Rice,1997-98,Kharif,1100.0,Hectare,1200.0,Tonnes,1090.9090909090908,Matathwada,1997
Maharashtra,AURANGABAD,Rice,1998-99,Kharif,1200.0,Hectare,600.0,Tonnes,500.0,Matathwada,1998
Maharashtra,AURANGABAD,Rice,1999-00,Kharif,900.0,Hectare,400.0,Tonnes,444.4444444444444,Matathwada,1999
Maharashtra,AURANGABAD,Rice,2000-01,Kharif,600.0,Hectare,400.0,Tonnes,666.6666666666666,Matathwada,2000
Maharashtra,BEED,Rice,1997-98,Kharif,3400.0,Hectare,1700.0,Tonnes,500.0,Matathwada,1997
Maharashtra,BEED,Rice,1998-99,Kharif,3500.0,Hectare,1400.0,Tonnes,400.0,Matathwada,1998
Maharashtra,BEED,Rice,1999-00,Kharif,3800.0,Hectare,1700.0,Tonnes,447.36842105263156,Matathwada,1999
Maharashtra,BEED,Rice,2000-01,Kharif,3400.0,Hectare,2000.0,Tonnes,588.2352941176471,Matathwada,2000
Maharashtra,BHANDARA,Rice,1997-98,Kharif,306900.0,Hectare,381500.0,Tonnes,1243.0759204952753,Vidarbha,1997
Maharashtra,BHANDARA,Rice,1997-98,Summer,128.0,Hectare,193.0,Tonnes,1507.8125,Vidarbha,1997
Maharashtra,BHANDARA,Rice,1998-99,Kharif,311400.0,Hectare,365800.0,Tonnes,1174.6949261400127,Vidarbha,1998
Maharashtra,BHANDARA,Rice,1998-99,Summer,13500.0,Hectare,21100.0,Tonnes,1562.9629629629628,Vidarbha,1998
Maharashtra,BHANDARA,Rice,1999-00,Kharif,141000.0,Hectare,218200.0,Tonnes,1547.5177304964539,Vidarbha,1999
Maharashtra,BHANDARA,Rice,1999-00,Summer,5500.0,Hectare,11400.0,Tonnes,2072.727272727273,Vidarbha,1999
Maharashtra,BHANDARA,Rice,2000-01,Kharif,138800.0,Hectare,139700.0,Tonnes,1006.4841498559078,Vidarbha,2000
Maharashtra,BHANDARA,Rice,2000-01,Summer,3500.0,Hectare,7200.0,Tonnes,2057.142857142857,Vidarbha,2000
Maharashtra,BULDHANA,Rice,1997-98,Kharif,700.0,Hectare,300.0,Tonnes,428.5714285714285,Vidarbha,1997
Maharashtra,BULDHANA,Rice,1998-99,Kharif,500.0,Hectare,400.0,Tonnes,800.0,Vidarbha,1998
Maharashtra,BULDHANA,Rice,1999-00,Kharif,200.0,Hectare,100.0,Tonnes,500.0,Vidarbha,1999
Maharashtra,BULDHANA,Rice,2000-01,Kharif,200.0,Hectare,200.0,Tonnes,1000.0,Vidarbha,2000
Maharashtra,CHANDRAPUR,Rice,1997-98,Kharif,136400.0,Hectare,190100.0,Tonnes,1393.6950146627566,Vidarbha,1997
Maharashtra,CHANDRAPUR,Rice,1997-98,Summer,11.0,Hectare,13.0,Tonnes,1181.8181818181822,Vidarbha,1997
Maharashtra,CHANDRAPUR,Rice,1998-99,Kharif,132200.0,Hectare,159700.0,Tonnes,1208.0181543116491,Vidarbha,1998
Maharashtra,CHANDRAPUR,Rice,1998-99,Summer,3000.0,Hectare,4700.0,Tonnes,1566.666666666667,Vidarbha,1998
Maharashtra,CHANDRAPUR,Rice,1999-00,Kharif,140600.0,Hectare,211500.0,Tonnes,1504.2674253200569,Vidarbha,1999
Maharashtra,CHANDRAPUR,Rice,1999-00,Summer,3100.0,Hectare,4800.0,Tonnes,1548.3870967741934,Vidarbha,1999
Maharashtra,CHANDRAPUR,Rice,2000-01,Kharif,144800.0,Hectare,119200.0,Tonnes,823.2044198895028,Vidarbha,2000
Maharashtra,CHANDRAPUR,Rice,2000-01,Summer,1500.0,Hectare,1600.0,Tonnes,1066.666666666667,Vidarbha,2000
Maharashtra,DHULE,Rice,1997-98,Kharif,25300.0,Hectare,21200.0,Tonnes,837.9446640316206,Madhya Maharashtra,1997
Maharashtra,DHULE,Rice,1998-99,Kharif,26400.0,Hectare,15900.0,Tonnes,602.2727272727273,Madhya Maharashtra,1998
Maharashtra,DHULE,Rice,1999-00,Kharif,4900.0,Hectare,4700.0,Tonnes,959.1836734693876,Madhya Maharashtra,1999
Maharashtra,DHULE,Rice,2000-01,Kharif,4900.0,Hectare,1800.0,Tonnes,367.34693877551024,Madhya Maharashtra,2000
Maharashtra,GADCHIROLI,Rice,1997-98,Kharif,135300.0,Hectare,148300.0,Tonnes,1096.0827790096084,Vidarbha,1997
Maharashtra,GADCHIROLI,Rice,1997-98,Summer,25.0,Hectare,29.0,Tonnes,1160.0,Vidarbha,1997
Maharashtra,GADCHIROLI,Rice,1998-99,Kharif,138300.0,Hectare,154100.0,Tonnes,1114.2443962400582,Vidarbha,1998
Maharashtra,GADCHIROLI,Rice,1998-99,Summer,4800.0,Hectare,7100.0,Tonnes,1479.1666666666667,Vidarbha,1998
Maharashtra,GADCHIROLI,Rice,1999-00,Kharif,139400.0,Hectare,190100.0,Tonnes,1363.7015781922526,Vidarbha,1999
Maharashtra,GADCHIROLI,Rice,1999-00,Summer,5400.0,Hectare,10200.0,Tonnes,1888.888888888889,Vidarbha,1999
Maharashtra,GADCHIROLI,Rice,2000-01,Kharif,138400.0,Hectare,107300.0,Tonnes,775.2890173410404,Vidarbha,2000
Maharashtra,GADCHIROLI,Rice,2000-01,Summer,2400.0,Hectare,2800.0,Tonnes,1166.6666666666667,Vidarbha,2000
Maharashtra,GONDIA,Rice,1999-00,Kharif,15000.0,Hectare,9000.0,Tonnes,600.0,Vidarbha,1999
Maharashtra,GONDIA,Rice,2000-01,Kharif,181800.0,Hectare,156100.0,Tonnes,858.6358635863587,Vidarbha,2000
Maharashtra,GONDIA,Rice,2000-01,Summer,1600.0,Hectare,3600.0,Tonnes,2250.0,Vidarbha,2000
Maharashtra,HINGOLI,Rice,2000-01,Kharif,14700.0,Hectare,8900.0,Tonnes,605.4421768707483,Matathwada,2000
Maharashtra,JALGAON,Rice,1997-98,Kharif,1700.0,Hectare,1600.0,Tonnes,941.1764705882351,Madhya Maharashtra,1997
Maharashtra,JALGAON,Rice,1998-99,Kharif,1800.0,Hectare,1900.0,Tonnes,1055.5555555555557,Madhya Maharashtra,1998
Maharashtra,JALGAON,Rice,1999-00,Kharif,1800.0,Hectare,1700.0,Tonnes,944.4444444444445,Madhya Maharashtra,1999
Maharashtra,JALGAON,Rice,2000-01,Kharif,1700.0,Hectare,2100.0,Tonnes,1235.2941176470588,Madhya Maharashtra,2000
Maharashtra,JALNA,Rice,1997-98,Kharif,1600.0,Hectare,800.0,Tonnes,500.0,Matathwada,1997
Maharashtra,JALNA,Rice,1998-99,Kharif,1100.0,Hectare,400.0,Tonnes,363.63636363636357,Matathwada,1998
Maharashtra,JALNA,Rice,1999-00,Kharif,1300.0,Hectare,700.0,Tonnes,538.4615384615385,Matathwada,1999
Maharashtra,JALNA,Rice,2000-01,Kharif,1200.0,Hectare,700.0,Tonnes,583.3333333333334,Matathwada,2000
Maharashtra,KOLHAPUR,Rice,1997-98,Summer,3.0,Hectare,8.0,Tonnes,2666.6666666666665,Madhya Maharashtra,1997
Maharashtra,KOLHAPUR,Rice,1998-99,Kharif,106000.0,Hectare,289100.0,Tonnes,2727.3584905660377,Madhya Maharashtra,1998
Maharashtra,KOLHAPUR,Rice,1998-99,Summer,300.0,Hectare,700.0,Tonnes,2333.333333333333,Madhya Maharashtra,1998
Maharashtra,KOLHAPUR,Rice,1999-00,Kharif,103200.0,Hectare,261900.0,Tonnes,2537.7906976744184,Madhya Maharashtra,1999
Maharashtra,KOLHAPUR,Rice,1999-00,Summer,300.0,Hectare,700.0,Tonnes,2333.333333333333,Madhya Maharashtra,1999
Maharashtra,KOLHAPUR,Rice,2000-01,Kharif,106300.0,Hectare,232800.0,Tonnes,2190.0282220131703,Madhya Maharashtra,2000
Maharashtra,KOLHAPUR,Rice,2000-01,Summer,400.0,Hectare,900.0,Tonnes,2250.0,Madhya Maharashtra,2000
Maharashtra,LATUR,Rice,1998-99,Kharif,20300.0,Hectare,9800.0,Tonnes,482.7586206896552,Matathwada,1998
Maharashtra,LATUR,Rice,1999-00,Kharif,19700.0,Hectare,11700.0,Tonnes,593.9086294416244,Matathwada,1999
Maharashtra,LATUR,Rice,2000-01,Kharif,20800.0,Hectare,13000.0,Tonnes,625.0,Matathwada,2000
Maharashtra,NAGPUR,Rice,1997-98,Kharif,29200.0,Hectare,23700.0,Tonnes,811.6438356164384,Vidarbha,1997
Maharashtra,NAGPUR,Rice,1997-98,Summer,2.0,Hectare,3.0,Tonnes,1500.0,Vidarbha,1997
Maharashtra,NAGPUR,Rice,1998-99,Kharif,29000.0,Hectare,40000.0,Tonnes,1379.3103448275863,Vidarbha,1998
Maharashtra,NAGPUR,Rice,1998-99,Summer,200.0,Hectare,300.0,Tonnes,1500.0,Vidarbha,1998
Maharashtra,NAGPUR,Rice,1999-00,Kharif,37300.0,Hectare,41500.0,Tonnes,1112.6005361930295,Vidarbha,1999
Maharashtra,NAGPUR,Rice,1999-00,Summer,400.0,Hectare,700.0,Tonnes,1750.0,Vidarbha,1999
Maharashtra,NAGPUR,Rice,2000-01,Kharif,37500.0,Hectare,37100.0,Tonnes,989.3333333333331,Vidarbha,2000
Maharashtra,NAGPUR,Rice,2000-01,Summer,200.0,Hectare,300.0,Tonnes,1500.0,Vidarbha,2000
Maharashtra,NANDED,Rice,1997-98,Kharif,25700.0,Hectare,15100.0,Tonnes,587.5486381322958,Matathwada,1997
Maharashtra,NANDED,Rice,1998-99,Kharif,25300.0,Hectare,15800.0,Tonnes,624.5059288537549,Matathwada,1998
Maharashtra,NANDED,Rice,1999-00,Kharif,26100.0,Hectare,15600.0,Tonnes,597.7011494252874,Matathwada,1999
Maharashtra,NANDED,Rice,2000-01,Kharif,26700.0,Hectare,20100.0,Tonnes,752.8089887640449,Matathwada,2000
Maharashtra,NANDURBAR,Rice,1999-00,Kharif,179400.0,Hectare,229400.0,Tonnes,1278.706800445931,Madhya Maharashtra,1999
Maharashtra,NANDURBAR,Rice,1999-00,Summer,10800.0,Hectare,17400.0,Tonnes,1611.111111111111,Madhya Maharashtra,1999
Maharashtra,NASHIK,Rice,1997-98,Kharif,44600.0,Hectare,59600.0,Tonnes,1336.322869955157,Madhya Maharashtra,1997
Maharashtra,NASHIK,Rice,1998-99,Kharif,45600.0,Hectare,57200.0,Tonnes,1254.3859649122805,Madhya Maharashtra,1998
Maharashtra,NASHIK,Rice,1999-00,Kharif,47800.0,Hectare,57200.0,Tonnes,1196.6527196652721,Madhya Maharashtra,1999
Maharashtra,NASHIK,Rice,2000-01,Kharif,45600.0,Hectare,39800.0,Tonnes,872.8070175438597,Madhya Maharashtra,2000
Maharashtra,OSMANABAD,Rice,1997-98,Kharif,13900.0,Hectare,3900.0,Tonnes,280.5755395683453,Matathwada,1997
Maharashtra,OSMANABAD,Rice,1999-00,Kharif,15200.0,Hectare,8500.0,Tonnes,559.2105263157895,Matathwada,1999
Maharashtra,OSMANABAD,Rice,2000-01,Kharif,17200.0,Hectare,8400.0,Tonnes,488.3720930232558,Matathwada,2000
Maharashtra,PARBHANI,Rice,1997-98,Kharif,22300.0,Hectare,10300.0,Tonnes,461.8834080717489,Matathwada,1997
Maharashtra,PARBHANI,Rice,1998-99,Kharif,22900.0,Hectare,10300.0,Tonnes,449.7816593886463,Matathwada,1998
Maharashtra,PARBHANI,Rice,1999-00,Kharif,9100.0,Hectare,4200.0,Tonnes,461.5384615384615,Matathwada,1999
Maharashtra,PARBHANI,Rice,2000-01,Kharif,9600.0,Hectare,3300.0,Tonnes,343.75,Matathwada,2000
Maharashtra,PUNE,Rice,1997-98,Kharif,59400.0,Hectare,66000.0,Tonnes,1111.111111111111,Madhya Maharashtra,1997
Maharashtra,PUNE,Rice,1998-99,Kharif,60800.0,Hectare,73700.0,Tonnes,1212.171052631579,Madhya Maharashtra,1998
Maharashtra,PUNE,Rice,1999-00,Kharif,61700.0,Hectare,89200.0,Tonnes,1445.705024311183,Madhya Maharashtra,1999
Maharashtra,PUNE,Rice,2000-01,Kharif,64000.0,Hectare,75200.0,Tonnes,1175.0,Madhya Maharashtra,2000
Maharashtra,RAIGAD,Rice,1997-98,Kharif,123800.0,Hectare,311900.0,Tonnes,2519.3861066235863,Konkan & Goa,1997
Maharashtra,RAIGAD,Rice,1997-98,Summer,82.0,Hectare,224.0,Tonnes,2731.707317073171,Konkan & Goa,1997
Maharashtra,RAIGAD,Rice,1998-99,Kharif,127300.0,Hectare,326700.0,Tonnes,2566.3786331500396,Konkan & Goa,1998
Maharashtra,RAIGAD,Rice,1998-99,Summer,8100.0,Hectare,21000.0,Tonnes,2592.592592592593,Konkan & Goa,1998
Maharashtra,RAIGAD,Rice,1999-00,Kharif,127400.0,Hectare,307500.0,Tonnes,2413.657770800628,Konkan & Goa,1999
Maharashtra,RAIGAD,Rice,1999-00,Summer,8300.0,Hectare,21000.0,Tonnes,2530.120481927711,Konkan & Goa,1999
Maharashtra,RAIGAD,Rice,2000-01,Kharif,126400.0,Hectare,274100.0,Tonnes,2168.512658227848,Konkan & Goa,2000
Maharashtra,RAIGAD,Rice,2000-01,Summer,8300.0,Hectare,17600.0,Tonnes,2120.4819277108436,Konkan & Goa,2000
Maharashtra,RATNAGIRI,Rice,1997-98,Kharif,79200.0,Hectare,183200.0,Tonnes,2313.131313131313,Konkan & Goa,1997
Maharashtra,RATNAGIRI,Rice,1997-98,Summer,3.0,Hectare,8.0,Tonnes,2666.6666666666665,Konkan & Goa,1997
Maharashtra,RATNAGIRI,Rice,1998-99,Kharif,78400.0,Hectare,219100.0,Tonnes,2794.6428571428573,Konkan & Goa,1998
Maharashtra,RATNAGIRI,Rice,1998-99,Summer,400.0,Hectare,1100.0,Tonnes,2750.0,Konkan & Goa,1998
Maharashtra,RATNAGIRI,Rice,1999-00,Kharif,79400.0,Hectare,191500.0,Tonnes,2411.83879093199,Konkan & Goa,1999
Maharashtra,RATNAGIRI,Rice,1999-00,Summer,500.0,Hectare,1300.0,Tonnes,2600.0,Konkan & Goa,1999
Maharashtra,RATNAGIRI,Rice,2000-01,Kharif,78400.0,Hectare,165900.0,Tonnes,2116.0714285714284,Konkan & Goa,2000
Maharashtra,RATNAGIRI,Rice,2000-01,Summer,400.0,Hectare,1200.0,Tonnes,3000.0,Konkan & Goa,2000
Maharashtra,SANGLI,Rice,1997-98,Kharif,15700.0,Hectare,32400.0,Tonnes,2063.694267515924,Madhya Maharashtra,1997
Maharashtra,SANGLI,Rice,1999-00,Kharif,17900.0,Hectare,47200.0,Tonnes,2636.871508379888,Madhya Maharashtra,1999
Maharashtra,SANGLI,Rice,2000-01,Kharif,18600.0,Hectare,40400.0,Tonnes,2172.043010752688,Madhya Maharashtra,2000
Maharashtra,SATARA,Rice,1997-98,Kharif,41100.0,Hectare,64300.0,Tonnes,1564.4768856447688,Madhya Maharashtra,1997
Maharashtra,SATARA,Rice,1998-99,Kharif,41500.0,Hectare,100200.0,Tonnes,2414.457831325301,Madhya Maharashtra,1998
Maharashtra,SATARA,Rice,1999-00,Kharif,44000.0,Hectare,71100.0,Tonnes,1615.909090909091,Madhya Maharashtra,1999
Maharashtra,SATARA,Rice,2000-01,Kharif,43900.0,Hectare,51300.0,Tonnes,1168.5649202733487,Madhya Maharashtra,2000
Maharashtra,SINDHUDURG,Rice,1997-98,Kharif,75300.0,Hectare,196900.0,Tonnes,2614.873837981408,Konkan & Goa,1997
Maharashtra,SINDHUDURG,Rice,1997-98,Summer,46.0,Hectare,82.0,Tonnes,1782.6086956521738,Konkan & Goa,1997
Maharashtra,SINDHUDURG,Rice,1998-99,Kharif,75600.0,Hectare,208200.0,Tonnes,2753.968253968254,Konkan & Goa,1998
Maharashtra,SINDHUDURG,Rice,1998-99,Summer,4500.0,Hectare,10100.0,Tonnes,2244.4444444444443,Konkan & Goa,1998
Maharashtra,SINDHUDURG,Rice,1999-00,Kharif,75400.0,Hectare,172400.0,Tonnes,2286.4721485411137,Konkan & Goa,1999
Maharashtra,SINDHUDURG,Rice,1999-00,Summer,4500.0,Hectare,8900.0,Tonnes,1977.7777777777776,Konkan & Goa,1999
Maharashtra,SINDHUDURG,Rice,2000-01,Kharif,75400.0,Hectare,187300.0,Tonnes,2484.084880636605,Konkan & Goa,2000
Maharashtra,SINDHUDURG,Rice,2000-01,Summer,4400.0,Hectare,10200.0,Tonnes,2318.1818181818185,Konkan & Goa,2000
Maharashtra,SOLAPUR,Rice,1997-98,Kharif,2100.0,Hectare,2300.0,Tonnes,1095.2380952380952,Madhya Maharashtra,1997
Maharashtra,SOLAPUR,Rice,1998-99,Kharif,2900.0,Hectare,3300.0,Tonnes,1137.9310344827588,Madhya Maharashtra,1998
Maharashtra,SOLAPUR,Rice,1999-00,Kharif,3200.0,Hectare,4200.0,Tonnes,1312.5,Madhya Maharashtra,1999
Maharashtra,SOLAPUR,Rice,2000-01,Kharif,3000.0,Hectare,3400.0,Tonnes,1133.3333333333333,Madhya Maharashtra,2000
Maharashtra,THANE,Rice,1997-98,Kharif,146700.0,Hectare,343300.0,Tonnes,2340.149965916837,Konkan & Goa,1997
Maharashtra,THANE,Rice,1997-98,Summer,29.0,Hectare,86.0,Tonnes,2965.5172413793107,Konkan & Goa,1997
Maharashtra,THANE,Rice,1998-99,Kharif,139500.0,Hectare,266400.0,Tonnes,1909.6774193548388,Konkan & Goa,1998
Maharashtra,THANE,Rice,1998-99,Summer,2600.0,Hectare,6400.0,Tonnes,2461.538461538462,Konkan & Goa,1998
Maharashtra,THANE,Rice,1999-00,Kharif,139200.0,Hectare,295500.0,Tonnes,2122.844827586207,Konkan & Goa,1999
Maharashtra,THANE,Rice,1999-00,Summer,2600.0,Hectare,6500.0,Tonnes,2500.0,Konkan & Goa,1999
Maharashtra,THANE,Rice,2000-01,Kharif,139300.0,Hectare,170200.0,Tonnes,1221.8234027279252,Konkan & Goa,2000
Maharashtra,THANE,Rice,2000-01,Summer,2400.0,Hectare,5100.0,Tonnes,2125.0,Konkan & Goa,2000
Maharashtra,WARDHA,Rice,1997-98,Kharif,800.0,Hectare,400.0,Tonnes,500.0,Vidarbha,1997
Maharashtra,WARDHA,Rice,1998-99,Kharif,500.0,Hectare,500.0,Tonnes,1000.0,Vidarbha,1998
Maharashtra,WARDHA,Rice,1999-00,Kharif,500.0,Hectare,300.0,Tonnes,600.0,Vidarbha,1999
Maharashtra,WARDHA,Rice,2000-01,Kharif,600.0,Hectare,300.0,Tonnes,500.0,Vidarbha,2000
Maharashtra,WASHIM,Rice,1999-00,Kharif,1900.0,Hectare,1200.0,Tonnes,631.578947368421,Vidarbha,1999
Maharashtra,WASHIM,Rice,2000-01,Kharif,2000.0,Hectare,800.0,Tonnes,400.0,Vidarbha,2000
Maharashtra,YAVATMAL,Rice,1997-98,Kharif,6700.0,Hectare,3800.0,Tonnes,567.1641791044776,Vidarbha,1997
Maharashtra,YAVATMAL,Rice,1998-99,Kharif,5400.0,Hectare,4000.0,Tonnes,740.7407407407406,Vidarbha,1998
Maharashtra,YAVATMAL,Rice,1999-00,Kharif,5300.0,Hectare,4600.0,Tonnes,867.9245283018868,Vidarbha,1999
Maharashtra,YAVATMAL,Rice,2000-01,Kharif,5200.0,Hectare,4300.0,Tonnes,826.9230769230769,Vidarbha,2000
Maharashtra,AHMEDNAGAR,Soyabean,2001-02,Kharif,7600.0,Hectare,9000.0,Tonnes,1184.2105263157894,Madhya Maharashtra,2001
Maharashtra,AHMEDNAGAR,Soyabean,2002-03,Kharif,15100.0,Hectare,18800.0,Tonnes,1245.0331125827813,Madhya Maharashtra,2002
Maharashtra,AHMEDNAGAR,Soyabean,2003-04,Kharif,17900.0,Hectare,18500.0,Tonnes,1033.5195530726257,Madhya Maharashtra,2003
Maharashtra,AKOLA,Soyabean,2001-02,Kharif,31300.0,Hectare,30600.0,Tonnes,977.635782747604,Vidarbha,2001
Maharashtra,AKOLA,Soyabean,2002-03,Kharif,27200.0,Hectare,40900.0,Tonnes,1503.6764705882354,Vidarbha,2002
Maharashtra,AKOLA,Soyabean,2003-04,Kharif,30800.0,Hectare,37500.0,Tonnes,1217.5324675324678,Vidarbha,2003
Maharashtra,AMRAVATI,Soyabean,2001-02,Kharif,153200.0,Hectare,143600.0,Tonnes,937.3368146214101,Vidarbha,2001
Maharashtra,AMRAVATI,Soyabean,2002-03,Kharif,156500.0,Hectare,150000.0,Tonnes,958.4664536741215,Vidarbha,2002
Maharashtra,AMRAVATI,Soyabean,2003-04,Kharif,155000.0,Hectare,216100.0,Tonnes,1394.1935483870968,Vidarbha,2003
Maharashtra,AURANGABAD,Soyabean,2001-02,Kharif,1900.0,Hectare,2000.0,Tonnes,1052.6315789473683,Matathwada,2001
Maharashtra,AURANGABAD,Soyabean,2002-03,Kharif,2700.0,Hectare,4100.0,Tonnes,1518.5185185185187,Matathwada,2002
Maharashtra,AURANGABAD,Soyabean,2003-04,Kharif,4600.0,Hectare,6200.0,Tonnes,1347.8260869565215,Matathwada,2003
Maharashtra,BEED,Soyabean,2001-02,Kharif,6900.0,Hectare,7400.0,Tonnes,1072.463768115942,Matathwada,2001
Maharashtra,BEED,Soyabean,2002-03,Kharif,16500.0,Hectare,22500.0,Tonnes,1363.6363636363635,Matathwada,2002
Maharashtra,BEED,Soyabean,2003-04,Kharif,25500.0,Hectare,25900.0,Tonnes,1015.6862745098041,Matathwada,2003
Maharashtra,BHANDARA,Soyabean,2001-02,Kharif,7200.0,Hectare,8200.0,Tonnes,1138.888888888889,Vidarbha,2001
Maharashtra,BHANDARA,Soyabean,2002-03,Kharif,9300.0,Hectare,9700.0,Tonnes,1043.010752688172,Vidarbha,2002
Maharashtra,BHANDARA,Soyabean,2003-04,Kharif,8200.0,Hectare,13800.0,Tonnes,1682.9268292682925,Vidarbha,2003
Maharashtra,BULDHANA,Soyabean,2001-02,Kharif,70500.0,Hectare,102000.0,Tonnes,1446.808510638298,Vidarbha,2001
Maharashtra,BULDHANA,Soyabean,2002-03,Kharif,78600.0,Hectare,98400.0,Tonnes,1251.908396946565,Vidarbha,2002
Maharashtra,BULDHANA,Soyabean,2003-04,Kharif,87900.0,Hectare,149900.0,Tonnes,1705.3469852104663,Vidarbha,2003
Maharashtra,CHANDRAPUR,Soyabean,2001-02,Kharif,113800.0,Hectare,151500.0,Tonnes,1331.2829525483303,Vidarbha,2001
Maharashtra,CHANDRAPUR,Soyabean,2002-03,Kharif,123000.0,Hectare,143400.0,Tonnes,1165.8536585365853,Vidarbha,2002
Maharashtra,CHANDRAPUR,Soyabean,2003-04,Kharif,136700.0,Hectare,162400.0,Tonnes,1188.0029261155817,Vidarbha,2003
Maharashtra,DHULE,Soyabean,2001-02,Kharif,2300.0,Hectare,4300.0,Tonnes,1869.5652173913045,Madhya Maharashtra,2001
Maharashtra,DHULE,Soyabean,2002-03,Kharif,1500.0,Hectare,2000.0,Tonnes,1333.3333333333333,Madhya Maharashtra,2002
Maharashtra,DHULE,Soyabean,2003-04,Kharif,1700.0,Hectare,2700.0,Tonnes,1588.235294117647,Madhya Maharashtra,2003
Maharashtra,GADCHIROLI,Soyabean,2001-02,Kharif,2200.0,Hectare,2600.0,Tonnes,1181.8181818181822,Vidarbha,2001
Maharashtra,GADCHIROLI,Soyabean,2002-03,Kharif,2800.0,Hectare,2500.0,Tonnes,892.8571428571429,Vidarbha,2002
Maharashtra,GADCHIROLI,Soyabean,2003-04,Kharif,2700.0,Hectare,3600.0,Tonnes,1333.3333333333333,Vidarbha,2003
Maharashtra,GONDIA,Soyabean,2002-03,Kharif,100.0,Hectare,100.0,Tonnes,1000.0,Vidarbha,2002
Maharashtra,GONDIA,Soyabean,2003-04,Kharif,100.0,Hectare,100.0,Tonnes,1000.0,Vidarbha,2003
Maharashtra,HINGOLI,Soyabean,2001-02,Kharif,25200.0,Hectare,35100.0,Tonnes,1392.857142857143,Matathwada,2001
Maharashtra,HINGOLI,Soyabean,2002-03,Kharif,32000.0,Hectare,48600.0,Tonnes,1518.75,Matathwada,2002
Maharashtra,HINGOLI,Soyabean,2003-04,Kharif,117700.0,Hectare,185500.0,Tonnes,1576.0407816482582,Matathwada,2003
Maharashtra,JALGAON,Soyabean,2001-02,Kharif,3100.0,Hectare,4300.0,Tonnes,1387.0967741935485,Madhya Maharashtra,2001
Maharashtra,JALNA,Soyabean,2001-02,Kharif,5100.0,Hectare,3900.0,Tonnes,764.7058823529411,Matathwada,2001
Maharashtra,JALNA,Soyabean,2002-03,Kharif,6200.0,Hectare,10200.0,Tonnes,1645.1612903225807,Matathwada,2002
Maharashtra,JALNA,Soyabean,2003-04,Kharif,11700.0,Hectare,14800.0,Tonnes,1264.957264957265,Matathwada,2003
Maharashtra,KOLHAPUR,Soyabean,2001-02,Kharif,62200.0,Hectare,108900.0,Tonnes,1750.8038585209006,Madhya Maharashtra,2001
Maharashtra,KOLHAPUR,Soyabean,2002-03,Kharif,61500.0,Hectare,119200.0,Tonnes,1938.2113821138207,Madhya Maharashtra,2002
Maharashtra,KOLHAPUR,Soyabean,2003-04,Kharif,68200.0,Hectare,133800.0,Tonnes,1961.876832844575,Madhya Maharashtra,2003
Maharashtra,LATUR,Soyabean,2001-02,Kharif,14100.0,Hectare,10300.0,Tonnes,730.4964539007093,Matathwada,2001
Maharashtra,LATUR,Soyabean,2002-03,Kharif,21600.0,Hectare,24900.0,Tonnes,1152.7777777777776,Matathwada,2002
Maharashtra,LATUR,Soyabean,2003-04,Kharif,112200.0,Hectare,121300.0,Tonnes,1081.1051693404634,Matathwada,2003
Maharashtra,NAGPUR,Soyabean,2001-02,Kharif,193300.0,Hectare,193300.0,Tonnes,1000.0,Vidarbha,2001
Maharashtra,NAGPUR,Soyabean,2002-03,Kharif,206900.0,Hectare,222900.0,Tonnes,1077.3320444659255,Vidarbha,2002
Maharashtra,NAGPUR,Soyabean,2003-04,Kharif,218500.0,Hectare,277500.0,Tonnes,1270.0228832951943,Vidarbha,2003
Maharashtra,NANDED,Soyabean,2001-02,Kharif,21300.0,Hectare,34300.0,Tonnes,1610.3286384976525,Matathwada,2001
Maharashtra,NANDED,Soyabean,2002-03,Kharif,39700.0,Hectare,54700.0,Tonnes,1377.833753148615,Matathwada,2002
Maharashtra,NANDED,Soyabean,2003-04,Kharif,68500.0,Hectare,87300.0,Tonnes,1274.4525547445255,Matathwada,2003
Maharashtra,NANDURBAR,Soyabean,2001-02,Kharif,2100.0,Hectare,1900.0,Tonnes,904.7619047619048,Madhya Maharashtra,2001
Maharashtra,NANDURBAR,Soyabean,2002-03,Kharif,1600.0,Hectare,2500.0,Tonnes,1562.5,Madhya Maharashtra,2002
Maharashtra,NANDURBAR,Soyabean,2003-04,Kharif,1400.0,Hectare,2100.0,Tonnes,1500.0,Madhya Maharashtra,2003
Maharashtra,NASHIK,Soyabean,2001-02,Kharif,5500.0,Hectare,10000.0,Tonnes,1818.1818181818178,Madhya Maharashtra,2001
Maharashtra,NASHIK,Soyabean,2002-03,Kharif,7500.0,Hectare,7900.0,Tonnes,1053.3333333333333,Madhya Maharashtra,2002
Maharashtra,OSMANABAD,Soyabean,2002-03,Kharif,4700.0,Hectare,5200.0,Tonnes,1106.3829787234042,Matathwada,2002
Maharashtra,OSMANABAD,Soyabean,2003-04,Kharif,23300.0,Hectare,10100.0,Tonnes,433.4763948497854,Matathwada,2003
Maharashtra,PARBHANI,Soyabean,2001-02,Kharif,16100.0,Hectare,19900.0,Tonnes,1236.024844720497,Matathwada,2001
Maharashtra,PARBHANI,Soyabean,2002-03,Kharif,26900.0,Hectare,46700.0,Tonnes,1736.0594795539032,Matathwada,2002
Maharashtra,PARBHANI,Soyabean,2003-04,Kharif,41900.0,Hectare,63900.0,Tonnes,1525.0596658711215,Matathwada,2003
Maharashtra,PUNE,Soyabean,2001-02,Kharif,400.0,Hectare,500.0,Tonnes,1250.0,Madhya Maharashtra,2001
Maharashtra,PUNE,Soyabean,2002-03,Kharif,400.0,Hectare,700.0,Tonnes,1750.0,Madhya Maharashtra,2002
Maharashtra,SANGLI,Soyabean,2001-02,Kharif,60100.0,Hectare,92600.0,Tonnes,1540.765391014975,Madhya Maharashtra,2001
Maharashtra,SANGLI,Soyabean,2002-03,Kharif,61900.0,Hectare,103600.0,Tonnes,1673.6672051696285,Madhya Maharashtra,2002
Maharashtra,SANGLI,Soyabean,2003-04,Kharif,40800.0,Hectare,80100.0,Tonnes,1963.235294117647,Madhya Maharashtra,2003
Maharashtra,SATARA,Soyabean,2001-02,Kharif,14000.0,Hectare,26700.0,Tonnes,1907.1428571428573,Madhya Maharashtra,2001
Maharashtra,SATARA,Soyabean,2002-03,Kharif,15600.0,Hectare,30800.0,Tonnes,1974.3589743589744,Madhya Maharashtra,2002
Maharashtra,SATARA,Soyabean,2003-04,Kharif,15100.0,Hectare,24900.0,Tonnes,1649.0066225165565,Madhya Maharashtra,2003
Maharashtra,SOLAPUR,Soyabean,2001-02,Kharif,400.0,Hectare,500.0,Tonnes,1250.0,Madhya Maharashtra,2001
Maharashtra,SOLAPUR,Soyabean,2002-03,Kharif,700.0,Hectare,500.0,Tonnes,714.2857142857143,Madhya Maharashtra,2002
Maharashtra,SOLAPUR,Soyabean,2003-04,Kharif,600.0,Hectare,700.0,Tonnes,1166.6666666666667,Madhya Maharashtra,2003
Maharashtra,WARDHA,Soyabean,2001-02,Kharif,128600.0,Hectare,166800.0,Tonnes,1297.045101088647,Vidarbha,2001
Maharashtra,WARDHA,Soyabean,2002-03,Kharif,159800.0,Hectare,169200.0,Tonnes,1058.8235294117646,Vidarbha,2002
Maharashtra,WARDHA,Soyabean,2003-04,Kharif,173800.0,Hectare,253900.0,Tonnes,1460.8745684695052,Vidarbha,2003
Maharashtra,WASHIM,Soyabean,2001-02,Kharif,83300.0,Hectare,124200.0,Tonnes,1490.9963985594236,Vidarbha,2001
Maharashtra,WASHIM,Soyabean,2002-03,Kharif,91100.0,Hectare,117700.0,Tonnes,1291.98682766191,Vidarbha,2002
Maharashtra,WASHIM,Soyabean,2003-04,Kharif,113300.0,Hectare,153900.0,Tonnes,1358.3406884377757,Vidarbha,2003
Maharashtra,YAVATMAL,Soyabean,2001-02,Kharif,69600.0,Hectare,90400.0,Tonnes,1298.8505747126437,Vidarbha,2001
Maharashtra,YAVATMAL,Soyabean,2002-03,Kharif,80700.0,Hectare,109700.0,Tonnes,1359.355638166047,Vidarbha,2002
Maharashtra,YAVATMAL,Soyabean,2003-04,Kharif,97900.0,Hectare,141900.0,Tonnes,1449.438202247191,Vidarbha,2003
Maharashtra,AHMEDNAGAR,Soyabean,2004-05,Kharif,35500.0,Hectare,51800.0,Tonnes,1459.1549295774648,Madhya Maharashtra,2004
Maharashtra,AHMEDNAGAR,Soyabean,2005-06,Kharif,37500.0,Hectare,38800.0,Tonnes,1034.6666666666665,Madhya Maharashtra,2005
Maharashtra,AHMEDNAGAR,Soyabean,2006-07,Kharif,49000.00000000001,Hectare,64500.0,Tonnes,1316.3265306122446,Madhya Maharashtra,2006
Maharashtra,AKOLA,Soyabean,2004-05,Kharif,50300.0,Hectare,31000.0,Tonnes,616.3021868787276,Vidarbha,2004
Maharashtra,AKOLA,Soyabean,2005-06,Kharif,54100.0,Hectare,38900.0,Tonnes,719.0388170055453,Vidarbha,2005
Maharashtra,AKOLA,Soyabean,2006-07,Kharif,59800.0,Hectare,98400.0,Tonnes,1645.484949832776,Vidarbha,2006
Maharashtra,AMRAVATI,Soyabean,2004-05,Kharif,167100.0,Hectare,80000.0,Tonnes,478.7552363853979,Vidarbha,2004
Maharashtra,AMRAVATI,Soyabean,2005-06,Kharif,181200.0,Hectare,204400.0,Tonnes,1128.0353200883003,Vidarbha,2005
Maharashtra,AMRAVATI,Soyabean,2006-07,Kharif,216700.0,Hectare,323600.0,Tonnes,1493.3087217351178,Vidarbha,2006
Maharashtra,AURANGABAD,Soyabean,2004-05,Kharif,5700.0,Hectare,5400.0,Tonnes,947.3684210526317,Matathwada,2004
Maharashtra,AURANGABAD,Soyabean,2005-06,Kharif,8600.0,Hectare,10300.0,Tonnes,1197.674418604651,Matathwada,2005
Maharashtra,AURANGABAD,Soyabean,2006-07,Kharif,10000.0,Hectare,15600.0,Tonnes,1560.0,Matathwada,2006
Maharashtra,BEED,Soyabean,2004-05,Kharif,27900.0,Hectare,24400.0,Tonnes,874.5519713261649,Matathwada,2004
Maharashtra,BEED,Soyabean,2005-06,Kharif,36100.0,Hectare,39700.0,Tonnes,1099.7229916897506,Matathwada,2005
Maharashtra,BEED,Soyabean,2006-07,Kharif,42100.0,Hectare,34500.0,Tonnes,819.4774346793349,Matathwada,2006
Maharashtra,BHANDARA,Soyabean,2004-05,Kharif,9500.0,Hectare,8900.0,Tonnes,936.842105263158,Vidarbha,2004
Maharashtra,BHANDARA,Soyabean,2005-06,Kharif,8500.0,Hectare,7600.0,Tonnes,894.1176470588235,Vidarbha,2005
Maharashtra,BHANDARA,Soyabean,2006-07,Kharif,8600.0,Hectare,7200.0,Tonnes,837.2093023255815,Vidarbha,2006
Maharashtra,BULDHANA,Soyabean,2004-05,Kharif,141200.0,Hectare,132100.0,Tonnes,935.5524079320112,Vidarbha,2004
Maharashtra,BULDHANA,Soyabean,2005-06,Kharif,162500.0,Hectare,85500.0,Tonnes,526.1538461538462,Vidarbha,2005
Maharashtra,BULDHANA,Soyabean,2006-07,Kharif,172700.0,Hectare,216900.0,Tonnes,1255.9351476548927,Vidarbha,2006
Maharashtra,CHANDRAPUR,Soyabean,2004-05,Kharif,164600.0,Hectare,161500.0,Tonnes,981.1664641555285,Vidarbha,2004
Maharashtra,CHANDRAPUR,Soyabean,2005-06,Kharif,161700.0,Hectare,173700.0,Tonnes,1074.2115027829311,Vidarbha,2005
Maharashtra,CHANDRAPUR,Soyabean,2006-07,Kharif,172500.0,Hectare,211300.0,Tonnes,1224.927536231884,Vidarbha,2006
Maharashtra,DHULE,Soyabean,2004-05,Kharif,1700.0,Hectare,2900.0,Tonnes,1705.8823529411764,Madhya Maharashtra,2004
Maharashtra,DHULE,Soyabean,2005-06,Kharif,2700.0,Hectare,2800.0,Tonnes,1037.037037037037,Madhya Maharashtra,2005
Maharashtra,DHULE,Soyabean,2006-07,Kharif,3100.0,Hectare,2700.0,Tonnes,870.9677419354839,Madhya Maharashtra,2006
Maharashtra,GADCHIROLI,Soyabean,2004-05,Kharif,3100.0,Hectare,3100.0,Tonnes,1000.0,Vidarbha,2004
Maharashtra,GADCHIROLI,Soyabean,2005-06,Kharif,3100.0,Hectare,1800.0,Tonnes,580.6451612903227,Vidarbha,2005
Maharashtra,GADCHIROLI,Soyabean,2006-07,Kharif,3400.0,Hectare,4200.0,Tonnes,1235.2941176470588,Vidarbha,2006
Maharashtra,GONDIA,Soyabean,2004-05,Kharif,100.0,Hectare,100.0,Tonnes,1000.0,Vidarbha,2004
Maharashtra,HINGOLI,Soyabean,2004-05,Kharif,129300.0,Hectare,103500.0,Tonnes,800.4640371229699,Matathwada,2004
Maharashtra,HINGOLI,Soyabean,2005-06,Kharif,139500.0,Hectare,180800.0,Tonnes,1296.057347670251,Matathwada,2005
Maharashtra,HINGOLI,Soyabean,2006-07,Kharif,131100.0,Hectare,113700.0,Tonnes,867.2768878718535,Matathwada,2006
Maharashtra,JALGAON,Soyabean,2004-05,Kharif,8500.0,Hectare,18000.0,Tonnes,2117.647058823529,Madhya Maharashtra,2004
Maharashtra,JALGAON,Soyabean,2005-06,Kharif,14600.0,Hectare,26500.0,Tonnes,1815.0684931506848,Madhya Maharashtra,2005
Maharashtra,JALGAON,Soyabean,2006-07,Kharif,27100.0,Hectare,51300.0,Tonnes,1892.9889298892988,Madhya Maharashtra,2006
Maharashtra,JALNA,Soyabean,2004-05,Kharif,15900.0,Hectare,15000.0,Tonnes,943.3962264150944,Matathwada,2004
Maharashtra,JALNA,Soyabean,2005-06,Kharif,30200.0,Hectare,35700.0,Tonnes,1182.1192052980132,Matathwada,2005
Maharashtra,JALNA,Soyabean,2006-07,Kharif,30600.0,Hectare,36800.0,Tonnes,1202.6143790849674,Matathwada,2006
Maharashtra,KOLHAPUR,Soyabean,2004-05,Kharif,74700.0,Hectare,115900.0,Tonnes,1551.5394912985273,Madhya Maharashtra,2004
Maharashtra,KOLHAPUR,Soyabean,2005-06,Kharif,70100.0,Hectare,67100.0,Tonnes,957.203994293866,Madhya Maharashtra,2005
Maharashtra,KOLHAPUR,Soyabean,2006-07,Kharif,57900.0,Hectare,82899.99999999999,Tonnes,1431.7789291882555,Madhya Maharashtra,2006
Maharashtra,LATUR,Soyabean,2004-05,Kharif,152800.0,Hectare,88900.0,Tonnes,581.8062827225131,Matathwada,2004
Maharashtra,LATUR,Soyabean,2005-06,Kharif,173100.0,Hectare,249800.0,Tonnes,1443.0964760254187,Matathwada,2005
Maharashtra,NAGPUR,Soyabean,2004-05,Kharif,234800.0,Hectare,172100.0,Tonnes,732.9642248722316,Vidarbha,2004
Maharashtra,NAGPUR,Soyabean,2005-06,Kharif,244800.0,Hectare,257500.0,Tonnes,1051.8790849673203,Vidarbha,2005
Maharashtra,NAGPUR,Soyabean,2006-07,Kharif,263500.0,Hectare,346599.99999999994,Tonnes,1315.370018975332,Vidarbha,2006
Maharashtra,NANDED,Soyabean,2004-05,Kharif,110300.0,Hectare,103500.0,Tonnes,938.3499546690845,Matathwada,2004
Maharashtra,NANDED,Soyabean,2005-06,Kharif,156400.0,Hectare,144400.0,Tonnes,923.2736572890026,Matathwada,2005
Maharashtra,NANDED,Soyabean,2006-07,Kharif,169100.0,Hectare,118700.0,Tonnes,701.9515079834417,Matathwada,2006
Maharashtra,NANDURBAR,Soyabean,2004-05,Kharif,4000.0,Hectare,5100.0,Tonnes,1275.0,Madhya Maharashtra,2004
Maharashtra,NANDURBAR,Soyabean,2005-06,Kharif,6300.0,Hectare,8800.0,Tonnes,1396.8253968253966,Madhya Maharashtra,2005
Maharashtra,NANDURBAR,Soyabean,2006-07,Kharif,9300.0,Hectare,8600.0,Tonnes,924.7311827956987,Madhya Maharashtra,2006
Maharashtra,NASHIK,Soyabean,2004-05,Kharif,20300.0,Hectare,37400.0,Tonnes,1842.3645320197045,Madhya Maharashtra,2004
Maharashtra,NASHIK,Soyabean,2005-06,Kharif,23300.0,Hectare,46600.0,Tonnes,2000.0,Madhya Maharashtra,2005
Maharashtra,NASHIK,Soyabean,2006-07,Kharif,31500.0,Hectare,47300.00000000001,Tonnes,1501.587301587302,Madhya Maharashtra,2006
Maharashtra,OSMANABAD,Soyabean,2004-05,Kharif,27200.0,Hectare,33300.0,Tonnes,1224.264705882353,Matathwada,2004
Maharashtra,OSMANABAD,Soyabean,2005-06,Kharif,33500.0,Hectare,36300.0,Tonnes,1083.5820895522388,Matathwada,2005
Maharashtra,OSMANABAD,Soyabean,2006-07,Kharif,32400.0,Hectare,19500.0,Tonnes,601.8518518518518,Matathwada,2006
Maharashtra,PARBHANI,Soyabean,2004-05,Kharif,48500.0,Hectare,30300.0,Tonnes,624.7422680412371,Matathwada,2004
Maharashtra,PARBHANI,Soyabean,2005-06,Kharif,68600.0,Hectare,69800.0,Tonnes,1017.4927113702623,Matathwada,2005
Maharashtra,PARBHANI,Soyabean,2006-07,Kharif,78400.0,Hectare,91900.0,Tonnes,1172.1938775510203,Matathwada,2006
Maharashtra,PUNE,Soyabean,2005-06,Kharif,1800.0,Hectare,3800.0,Tonnes,2111.1111111111113,Madhya Maharashtra,2005
Maharashtra,PUNE,Soyabean,2006-07,Kharif,1900.0,Hectare,3600.0,Tonnes,1894.7368421052631,Madhya Maharashtra,2006
Maharashtra,SANGLI,Soyabean,2004-05,Kharif,82600.0,Hectare,150100.0,Tonnes,1817.1912832929784,Madhya Maharashtra,2004
Maharashtra,SANGLI,Soyabean,2005-06,Kharif,72400.0,Hectare,98000.0,Tonnes,1353.5911602209944,Madhya Maharashtra,2005
Maharashtra,SANGLI,Soyabean,2006-07,Kharif,60800.0,Hectare,89900.0,Tonnes,1478.6184210526317,Madhya Maharashtra,2006
Maharashtra,SATARA,Soyabean,2004-05,Kharif,26400.0,Hectare,48500.0,Tonnes,1837.121212121212,Madhya Maharashtra,2004
Maharashtra,SATARA,Soyabean,2005-06,Kharif,31300.0,Hectare,38700.0,Tonnes,1236.4217252396165,Madhya Maharashtra,2005
Maharashtra,SATARA,Soyabean,2006-07,Kharif,28700.0,Hectare,31100.0,Tonnes,1083.623693379791,Madhya Maharashtra,2006
Maharashtra,SOLAPUR,Soyabean,2005-06,Kharif,1100.0,Hectare,800.0,Tonnes,727.2727272727273,Madhya Maharashtra,2005
Maharashtra,SOLAPUR,Soyabean,2006-07,Kharif,2100.0,Hectare,3300.0,Tonnes,1571.4285714285713,Madhya Maharashtra,2006
Maharashtra,WARDHA,Soyabean,2004-05,Kharif,195500.0,Hectare,202000.0,Tonnes,1033.2480818414322,Vidarbha,2004
Maharashtra,WARDHA,Soyabean,2005-06,Kharif,214700.0,Hectare,233900.0,Tonnes,1089.4271075919887,Vidarbha,2005
Maharashtra,WARDHA,Soyabean,2006-07,Kharif,230500.0,Hectare,277800.0,Tonnes,1205.2060737527115,Vidarbha,2006
Maharashtra,WASHIM,Soyabean,2004-05,Kharif,185100.0,Hectare,164700.0,Tonnes,889.7893030794165,Vidarbha,2004
Maharashtra,WASHIM,Soyabean,2005-06,Kharif,196600.0,Hectare,186700.0,Tonnes,949.643947100712,Vidarbha,2005
Maharashtra,WASHIM,Soyabean,2006-07,Kharif,204800.0,Hectare,252900.0,Tonnes,1234.86328125,Vidarbha,2006
Maharashtra,YAVATMAL,Soyabean,2004-05,Kharif,176300.0,Hectare,94600.0,Tonnes,536.5853658536586,Vidarbha,2004
Maharashtra,YAVATMAL,Soyabean,2005-06,Kharif,212500.0,Hectare,238600.0,Tonnes,1122.8235294117649,Vidarbha,2005
Maharashtra,YAVATMAL,Soyabean,2006-07,Kharif,268100.0,Hectare,293500.0,Tonnes,1094.7407683700112,Vidarbha,2006
Maharashtra,AHMEDNAGAR,Soyabean,2007-08,Kharif,55400.0,Hectare,84500.0,Tonnes,1525.2707581227437,Madhya Maharashtra,2007
Maharashtra,AHMEDNAGAR,Soyabean,2008-09,Kharif,55500.0,Hectare,40100.0,Tonnes,722.5225225225224,Madhya Maharashtra,2008
Maharashtra,AHMEDNAGAR,Soyabean,2009-10,Kharif,58000.0,Hectare,53200.0,Tonnes,917.2413793103448,Madhya Maharashtra,2009
Maharashtra,AKOLA,Soyabean,2007-08,Kharif,82600.0,Hectare,164800.0,Tonnes,1995.1573849878932,Vidarbha,2007
Maharashtra,AKOLA,Soyabean,2009-10,Kharif,151500.0,Hectare,147000.0,Tonnes,970.2970297029703,Vidarbha,2009
Maharashtra,AMRAVATI,Soyabean,2007-08,Kharif,285800.0,Hectare,485700.0,Tonnes,1699.4401679496152,Vidarbha,2007
Maharashtra,AMRAVATI,Soyabean,2009-10,Kharif,317600.0,Hectare,256900.0,Tonnes,808.8790931989925,Vidarbha,2009
Maharashtra,AURANGABAD,Soyabean,2007-08,Kharif,8600.0,Hectare,13800.0,Tonnes,1604.6511627906975,Matathwada,2007
Maharashtra,AURANGABAD,Soyabean,2008-09,Kharif,6200.0,Hectare,5100.0,Tonnes,822.5806451612904,Matathwada,2008
Maharashtra,AURANGABAD,Soyabean,2009-10,Kharif,5100.0,Hectare,5700.0,Tonnes,1117.6470588235295,Matathwada,2009
Maharashtra,BEED,Soyabean,2007-08,Kharif,46500.0,Hectare,21000.0,Tonnes,451.6129032258064,Matathwada,2007
Maharashtra,BEED,Soyabean,2009-10,Kharif,68800.0,Hectare,35400.0,Tonnes,514.5348837209302,Matathwada,2009
Maharashtra,BHANDARA,Soyabean,2007-08,Kharif,9000.0,Hectare,10300.0,Tonnes,1144.4444444444443,Vidarbha,2007
Maharashtra,BHANDARA,Soyabean,2008-09,Kharif,8400.0,Hectare,10000.0,Tonnes,1190.4761904761904,Vidarbha,2008
Maharashtra,BHANDARA,Soyabean,2009-10,Kharif,7900.0,Hectare,6400.0,Tonnes,810.126582278481,Vidarbha,2009
Maharashtra,BULDHANA,Soyabean,2007-08,Kharif,190500.0,Hectare,382400.0,Tonnes,2007.3490813648295,Vidarbha,2007
Maharashtra,BULDHANA,Soyabean,2009-10,Kharif,212800.0,Hectare,156500.0,Tonnes,735.4323308270677,Vidarbha,2009
Maharashtra,CHANDRAPUR,Soyabean,2007-08,Kharif,162100.0,Hectare,224400.0,Tonnes,1384.3306600863664,Vidarbha,2007
Maharashtra,CHANDRAPUR,Soyabean,2008-09,Kharif,181900.0,Hectare,119700.0,Tonnes,658.0538757559098,Vidarbha,2008
Maharashtra,DHULE,Soyabean,2007-08,Kharif,5400.0,Hectare,8000.0,Tonnes,1481.4814814814813,Madhya Maharashtra,2007
Maharashtra,DHULE,Soyabean,2008-09,Kharif,14600.0,Hectare,10600.0,Tonnes,726.027397260274,Madhya Maharashtra,2008
Maharashtra,DHULE,Soyabean,2009-10,Kharif,19900.0,Hectare,18600.0,Tonnes,934.6733668341708,Madhya Maharashtra,2009
Maharashtra,GADCHIROLI,Soyabean,2007-08,Kharif,3900.0,Hectare,4200.0,Tonnes,1076.923076923077,Vidarbha,2007
Maharashtra,GADCHIROLI,Soyabean,2008-09,Kharif,8200.0,Hectare,6100.0,Tonnes,743.9024390243902,Vidarbha,2008
Maharashtra,HINGOLI,Soyabean,2007-08,Kharif,114000.0,Hectare,202900.0,Tonnes,1779.8245614035088,Matathwada,2007
Maharashtra,HINGOLI,Soyabean,2008-09,Kharif,129900.0,Hectare,76300.0,Tonnes,587.3749037721324,Matathwada,2008
Maharashtra,HINGOLI,Soyabean,2009-10,Kharif,137400.0,Hectare,123900.0,Tonnes,901.7467248908297,Matathwada,2009
Maharashtra,JALGAON,Soyabean,2007-08,Kharif,24800.0,Hectare,45500.0,Tonnes,1834.6774193548388,Madhya Maharashtra,2007
Maharashtra,JALGAON,Soyabean,2008-09,Kharif,18100.0,Hectare,33800.0,Tonnes,1867.4033149171269,Madhya Maharashtra,2008
Maharashtra,JALNA,Soyabean,2007-08,Kharif,34700.0,Hectare,45200.0,Tonnes,1302.593659942363,Matathwada,2007
Maharashtra,JALNA,Soyabean,2008-09,Kharif,37400.0,Hectare,23000.0,Tonnes,614.9732620320856,Matathwada,2008
Maharashtra,JALNA,Soyabean,2009-10,Kharif,39300.0,Hectare,45600.0,Tonnes,1160.3053435114502,Matathwada,2009
Maharashtra,KOLHAPUR,Soyabean,2009-10,Kharif,59100.0,Hectare,114500.0,Tonnes,1937.3942470389168,Madhya Maharashtra,2009
Maharashtra,LATUR,Soyabean,2007-08,Kharif,183000.0,Hectare,213500.0,Tonnes,1166.6666666666667,Matathwada,2007
Maharashtra,LATUR,Soyabean,2008-09,Kharif,211100.0,Hectare,91000.0,Tonnes,431.0753197536712,Matathwada,2008
Maharashtra,LATUR,Soyabean,2009-10,Kharif,217700.0,Hectare,142600.0,Tonnes,655.0298576022049,Matathwada,2009
Maharashtra,NAGPUR,Soyabean,2007-08,Kharif,277500.0,Hectare,379200.0,Tonnes,1366.4864864864862,Vidarbha,2007
Maharashtra,NAGPUR,Soyabean,2008-09,Kharif,303200.0,Hectare,257200.0,Tonnes,848.2849604221636,Vidarbha,2008
Maharashtra,NAGPUR,Soyabean,2009-10,Kharif,285100.0,Hectare,219800.0,Tonnes,770.9575587513153,Vidarbha,2009
Maharashtra,NANDED,Soyabean,2007-08,Kharif,159100.0,Hectare,172300.0,Tonnes,1082.9666876178503,Matathwada,2007
Maharashtra,NANDED,Soyabean,2008-09,Kharif,163200.0,Hectare,129900.0,Tonnes,795.9558823529411,Matathwada,2008
Maharashtra,NANDED,Soyabean,2009-10,Kharif,188300.0,Hectare,86100.0,Tonnes,457.2490706319702,Matathwada,2009
Maharashtra,NANDURBAR,Soyabean,2007-08,Kharif,16200.0,Hectare,22400.0,Tonnes,1382.716049382716,Madhya Maharashtra,2007
Maharashtra,NANDURBAR,Soyabean,2008-09,Kharif,27100.0,Hectare,34500.0,Tonnes,1273.0627306273063,Madhya Maharashtra,2008
Maharashtra,NANDURBAR,Soyabean,2009-10,Kharif,30000.0,Hectare,39800.0,Tonnes,1326.666666666667,Madhya Maharashtra,2009
Maharashtra,NASHIK,Soyabean,2007-08,Kharif,36200.0,Hectare,55200.0,Tonnes,1524.8618784530388,Madhya Maharashtra,2007
Maharashtra,NASHIK,Soyabean,2008-09,Kharif,39700.0,Hectare,51100.0,Tonnes,1287.1536523929472,Madhya Maharashtra,2008
Maharashtra,NASHIK,Soyabean,2009-10,Kharif,55100.0,Hectare,65400.0,Tonnes,1186.9328493647913,Madhya Maharashtra,2009
Maharashtra,OSMANABAD,Soyabean,2007-08,Kharif,36200.0,Hectare,47400.0,Tonnes,1309.3922651933706,Matathwada,2007
Maharashtra,OSMANABAD,Soyabean,2009-10,Kharif,46100.0,Hectare,22400.0,Tonnes,485.9002169197396,Matathwada,2009
Maharashtra,PARBHANI,Soyabean,2007-08,Kharif,79600.0,Hectare,111500.0,Tonnes,1400.753768844221,Matathwada,2007
Maharashtra,PARBHANI,Soyabean,2008-09,Kharif,74000.0,Hectare,64600.0,Tonnes,872.9729729729729,Matathwada,2008
Maharashtra,PARBHANI,Soyabean,2009-10,Kharif,103500.0,Hectare,82000.0,Tonnes,792.2705314009661,Matathwada,2009
Maharashtra,PUNE,Soyabean,2007-08,Kharif,3000.0,Hectare,5200.0,Tonnes,1733.3333333333335,Madhya Maharashtra,2007
Maharashtra,PUNE,Soyabean,2008-09,Kharif,2400.0,Hectare,3700.0,Tonnes,1541.6666666666667,Madhya Maharashtra,2008
Maharashtra,PUNE,Soyabean,2009-10,Kharif,3300.0,Hectare,4700.0,Tonnes,1424.2424242424242,Madhya Maharashtra,2009
Maharashtra,SANGLI,Soyabean,2007-08,Kharif,59500.0,Hectare,127900.0,Tonnes,2149.5798319327732,Madhya Maharashtra,2007
Maharashtra,SANGLI,Soyabean,2008-09,Kharif,55700.0,Hectare,119900.0,Tonnes,2152.6032315978455,Madhya Maharashtra,2008
Maharashtra,SANGLI,Soyabean,2009-10,Kharif,56000.0,Hectare,84900.0,Tonnes,1516.0714285714282,Madhya Maharashtra,2009
Maharashtra,SATARA,Soyabean,2007-08,Kharif,27200.0,Hectare,48000.0,Tonnes,1764.7058823529412,Madhya Maharashtra,2007
Maharashtra,SATARA,Soyabean,2008-09,Kharif,29200.0,Hectare,62900.0,Tonnes,2154.109589041096,Madhya Maharashtra,2008
Maharashtra,SATARA,Soyabean,2009-10,Kharif,32500.0,Hectare,65000.0,Tonnes,2000.0,Madhya Maharashtra,2009
Maharashtra,SOLAPUR,Soyabean,2007-08,Kharif,2800.0,Hectare,3900.0,Tonnes,1392.857142857143,Madhya Maharashtra,2007
Maharashtra,SOLAPUR,Soyabean,2008-09,Kharif,2500.0,Hectare,2300.0,Tonnes,920.0,Madhya Maharashtra,2008
Maharashtra,SOLAPUR,Soyabean,2009-10,Kharif,3200.0,Hectare,2800.0,Tonnes,875.0,Madhya Maharashtra,2009
Maharashtra,WARDHA,Soyabean,2007-08,Kharif,229200.0,Hectare,305300.0,Tonnes,1332.0244328097733,Vidarbha,2007
Maharashtra,WARDHA,Soyabean,2008-09,Kharif,249900.0,Hectare,146100.0,Tonnes,584.6338535414167,Vidarbha,2008
Maharashtra,WARDHA,Soyabean,2009-10,Kharif,178900.0,Hectare,104000.0,Tonnes,581.3303521520402,Vidarbha,2009
Maharashtra,WASHIM,Soyabean,2007-08,Kharif,206900.0,Hectare,332200.0,Tonnes,1605.6065732237796,Vidarbha,2007
Maharashtra,YAVATMAL,Soyabean,2007-08,Kharif,266600.0,Hectare,333500.0,Tonnes,1250.9377344336083,Vidarbha,2007
Maharashtra,YAVATMAL,Soyabean,2009-10,Kharif,311800.0,Hectare,126600.0,Tonnes,406.0295060936498,Vidarbha,2009
Maharashtra,AHMEDNAGAR,Soyabean,2010-11,Kharif,50700.0,Hectare,90800.0,Tonnes,1790.9270216962525,Madhya Maharashtra,2010
Maharashtra,AHMEDNAGAR,Soyabean,2011-12,Kharif,58600.0,Hectare,122700.0,Tonnes,2093.8566552901025,Madhya Maharashtra,2011
Maharashtra,AHMEDNAGAR,Soyabean,2012-13,Kharif,56800.0,Hectare,28100.0,Tonnes,494.7183098591549,Madhya Maharashtra,2012
Maharashtra,AKOLA,Soyabean,2010-11,Kharif,126600.0,Hectare,238400.0,Tonnes,1883.0963665086888,Vidarbha,2010
Maharashtra,AKOLA,Soyabean,2011-12,Kharif,140600.0,Hectare,167700.0,Tonnes,1192.745376955903,Vidarbha,2011
Maharashtra,AKOLA,Soyabean,2012-13,Kharif,151000.0,Hectare,290400.0,Tonnes,1923.17880794702,Vidarbha,2012
Maharashtra,AMRAVATI,Soyabean,2010-11,Kharif,273300.0,Hectare,444500.0,Tonnes,1626.4178558360775,Vidarbha,2010
Maharashtra,AMRAVATI,Soyabean,2011-12,Kharif,296700.0,Hectare,373100.0,Tonnes,1257.499157398045,Vidarbha,2011
Maharashtra,AMRAVATI,Soyabean,2012-13,Kharif,309500.0,Hectare,471800.0,Tonnes,1524.3941841680128,Vidarbha,2012
Maharashtra,AURANGABAD,Soyabean,2010-11,Kharif,7700.0,Hectare,16400.0,Tonnes,2129.87012987013,Matathwada,2010
Maharashtra,AURANGABAD,Soyabean,2011-12,Kharif,7800.0,Hectare,11100.0,Tonnes,1423.076923076923,Matathwada,2011
Maharashtra,AURANGABAD,Soyabean,2012-13,Kharif,7800.0,Hectare,5800.0,Tonnes,743.5897435897436,Matathwada,2012
Maharashtra,BEED,Soyabean,2010-11,Kharif,70400.0,Hectare,96600.0,Tonnes,1372.1590909090908,Matathwada,2010
Maharashtra,BEED,Soyabean,2011-12,Kharif,76400.0,Hectare,118100.0,Tonnes,1545.8115183246073,Matathwada,2011
Maharashtra,BEED,Soyabean,2012-13,Kharif,76400.0,Hectare,127000.0,Tonnes,1662.303664921466,Matathwada,2012
Maharashtra,BHANDARA,Soyabean,2010-11,Kharif,7000.0,Hectare,12100.0,Tonnes,1728.5714285714287,Vidarbha,2010
Maharashtra,BHANDARA,Soyabean,2011-12,Kharif,6900.0,Hectare,4700.0,Tonnes,681.1594202898551,Vidarbha,2011
Maharashtra,BHANDARA,Soyabean,2012-13,Kharif,7100.0,Hectare,5700.0,Tonnes,802.8169014084507,Vidarbha,2012
Maharashtra,BULDHANA,Soyabean,2010-11,Kharif,225500.0,Hectare,416100.0,Tonnes,1845.2328159645238,Vidarbha,2010
Maharashtra,BULDHANA,Soyabean,2011-12,Kharif,258800.0,Hectare,374200.0,Tonnes,1445.9041731066459,Vidarbha,2011
Maharashtra,BULDHANA,Soyabean,2012-13,Kharif,279500.0,Hectare,430300.0,Tonnes,1539.53488372093,Vidarbha,2012
Maharashtra,CHANDRAPUR,Soyabean,2010-11,Kharif,148300.0,Hectare,148600.0,Tonnes,1002.0229265003371,Vidarbha,2010
Maharashtra,CHANDRAPUR,Soyabean,2011-12,Kharif,146800.0,Hectare,129700.0,Tonnes,883.5149863760217,Vidarbha,2011
Maharashtra,CHANDRAPUR,Soyabean,2012-13,Kharif,142100.0,Hectare,145100.0,Tonnes,1021.1118930330754,Vidarbha,2012
Maharashtra,DHULE,Soyabean,2011-12,Kharif,11000.0,Hectare,17700.0,Tonnes,1609.0909090909092,Madhya Maharashtra,2011
Maharashtra,DHULE,Soyabean,2012-13,Kharif,11400.0,Hectare,18300.0,Tonnes,1605.2631578947369,Madhya Maharashtra,2012
Maharashtra,GADCHIROLI,Soyabean,2010-11,Kharif,7500.0,Hectare,6900.0,Tonnes,920.0,Vidarbha,2010
Maharashtra,GADCHIROLI,Soyabean,2011-12,Kharif,5900.0,Hectare,7200.0,Tonnes,1220.3389830508474,Vidarbha,2011
Maharashtra,GADCHIROLI,Soyabean,2012-13,Kharif,5200.0,Hectare,6300.0,Tonnes,1211.5384615384617,Vidarbha,2012
Maharashtra,HINGOLI,Soyabean,2010-11,Kharif,148300.0,Hectare,237400.0,Tonnes,1600.8091706001348,Matathwada,2010
Maharashtra,HINGOLI,Soyabean,2011-12,Kharif,146700.0,Hectare,204200.0,Tonnes,1391.9563735514655,Matathwada,2011
Maharashtra,HINGOLI,Soyabean,2012-13,Kharif,150500.0,Hectare,286700.0,Tonnes,1904.983388704319,Matathwada,2012
Maharashtra,JALGAON,Soyabean,2010-11,Kharif,12900.0,Hectare,26200.0,Tonnes,2031.007751937985,Madhya Maharashtra,2010
Maharashtra,JALGAON,Soyabean,2011-12,Kharif,15800.0,Hectare,31600.0,Tonnes,2000.0,Madhya Maharashtra,2011
Maharashtra,JALGAON,Soyabean,2012-13,Kharif,15000.0,Hectare,25600.0,Tonnes,1706.6666666666667,Madhya Maharashtra,2012
Maharashtra,JALNA,Soyabean,2010-11,Kharif,49300.0,Hectare,80000.0,Tonnes,1622.7180527383366,Matathwada,2010
Maharashtra,JALNA,Soyabean,2011-12,Kharif,60300.0,Hectare,90000.0,Tonnes,1492.5373134328358,Matathwada,2011
Maharashtra,JALNA,Soyabean,2012-13,Kharif,62400.0,Hectare,43600.0,Tonnes,698.7179487179487,Matathwada,2012
Maharashtra,LATUR,Soyabean,2011-12,Kharif,265400.0,Hectare,437200.0,Tonnes,1647.3247927656366,Matathwada,2011
Maharashtra,NAGPUR,Soyabean,2010-11,Kharif,242400.0,Hectare,287100.0,Tonnes,1184.4059405940598,Vidarbha,2010
Maharashtra,NAGPUR,Soyabean,2011-12,Kharif,241200.0,Hectare,157300.0,Tonnes,652.155887230514,Vidarbha,2011
Maharashtra,NAGPUR,Soyabean,2012-13,Kharif,237100.0,Hectare,238600.0,Tonnes,1006.3264445381694,Vidarbha,2012
Maharashtra,NANDED,Soyabean,2010-11,Kharif,181200.0,Hectare,268400.0,Tonnes,1481.2362030905076,Matathwada,2010
Maharashtra,NANDED,Soyabean,2011-12,Kharif,183000.0,Hectare,233800.0,Tonnes,1277.5956284153006,Matathwada,2011
Maharashtra,NANDED,Soyabean,2012-13,Kharif,185000.0,Hectare,283400.0,Tonnes,1531.8918918918919,Matathwada,2012
Maharashtra,NANDURBAR,Soyabean,2010-11,Kharif,33100.0,Hectare,53600.0,Tonnes,1619.3353474320243,Madhya Maharashtra,2010
Maharashtra,NANDURBAR,Soyabean,2011-12,Kharif,32300.0,Hectare,57500.0,Tonnes,1780.185758513932,Madhya Maharashtra,2011
Maharashtra,NANDURBAR,Soyabean,2012-13,Kharif,24400.0,Hectare,49200.0,Tonnes,2016.3934426229507,Madhya Maharashtra,2012
Maharashtra,NASHIK,Soyabean,2010-11,Kharif,56900.0,Hectare,80900.0,Tonnes,1421.792618629174,Madhya Maharashtra,2010
Maharashtra,NASHIK,Soyabean,2011-12,Kharif,58600.0,Hectare,81500.0,Tonnes,1390.7849829351535,Madhya Maharashtra,2011
Maharashtra,NASHIK,Soyabean,2012-13,Kharif,56000.0,Hectare,87300.0,Tonnes,1558.9285714285713,Madhya Maharashtra,2012
Maharashtra,OSMANABAD,Soyabean,2010-11,Kharif,65200.0,Hectare,111400.0,Tonnes,1708.5889570552147,Matathwada,2010
Maharashtra,OSMANABAD,Soyabean,2011-12,Kharif,90800.0,Hectare,137400.0,Tonnes,1513.215859030837,Matathwada,2011
Maharashtra,OSMANABAD,Soyabean,2012-13,Kharif,111700.0,Hectare,101300.0,Tonnes,906.8934646374216,Matathwada,2012
Maharashtra,PARBHANI,Soyabean,2010-11,Kharif,107900.0,Hectare,165200.0,Tonnes,1531.0472659870252,Matathwada,2010
Maharashtra,PARBHANI,Soyabean,2011-12,Kharif,129800.0,Hectare,154500.0,Tonnes,1190.2927580893684,Matathwada,2011
Maharashtra,PARBHANI,Soyabean,2012-13,Kharif,135300.0,Hectare,186900.0,Tonnes,1381.3747228381374,Matathwada,2012
Maharashtra,PUNE,Soyabean,2010-11,Kharif,2900.0,Hectare,5800.0,Tonnes,2000.0,Madhya Maharashtra,2010
Maharashtra,PUNE,Soyabean,2011-12,Kharif,3900.0,Hectare,8200.0,Tonnes,2102.564102564102,Madhya Maharashtra,2011
Maharashtra,PUNE,Soyabean,2012-13,Kharif,4200.0,Hectare,8100.0,Tonnes,1928.571428571429,Madhya Maharashtra,2012
Maharashtra,SANGLI,Soyabean,2010-11,Kharif,57300.0,Hectare,119600.0,Tonnes,2087.260034904014,Madhya Maharashtra,2010
Maharashtra,SANGLI,Soyabean,2011-12,Kharif,59800.0,Hectare,99900.0,Tonnes,1670.5685618729099,Madhya Maharashtra,2011
Maharashtra,SANGLI,Soyabean,2012-13,Kharif,63000.0,Hectare,100600.0,Tonnes,1596.8253968253969,Madhya Maharashtra,2012
Maharashtra,SATARA,Soyabean,2010-11,Kharif,40100.0,Hectare,65400.0,Tonnes,1630.9226932668328,Madhya Maharashtra,2010
Maharashtra,SATARA,Soyabean,2011-12,Kharif,46100.0,Hectare,75000.0,Tonnes,1626.8980477223427,Madhya Maharashtra,2011
Maharashtra,SATARA,Soyabean,2012-13,Kharif,38800.0,Hectare,69300.0,Tonnes,1786.0824742268042,Madhya Maharashtra,2012
Maharashtra,SOLAPUR,Soyabean,2010-11,Kharif,4300.0,Hectare,5300.0,Tonnes,1232.5581395348836,Madhya Maharashtra,2010
Maharashtra,SOLAPUR,Soyabean,2012-13,Kharif,5500.0,Hectare,11500.0,Tonnes,2090.909090909091,Madhya Maharashtra,2012
Maharashtra,WARDHA,Soyabean,2010-11,Kharif,137800.0,Hectare,151600.0,Tonnes,1100.145137880987,Vidarbha,2010
Maharashtra,WARDHA,Soyabean,2011-12,Kharif,173000.0,Hectare,150600.0,Tonnes,870.5202312138728,Vidarbha,2011
Maharashtra,WARDHA,Soyabean,2012-13,Kharif,176700.0,Hectare,188700.0,Tonnes,1067.911714770798,Vidarbha,2012
Maharashtra,WASHIM,Soyabean,2010-11,Kharif,209200.0,Hectare,298700.0,Tonnes,1427.8202676864244,Vidarbha,2010
Maharashtra,WASHIM,Soyabean,2011-12,Kharif,219100.0,Hectare,290600.0,Tonnes,1326.335006846189,Vidarbha,2011
Maharashtra,WASHIM,Soyabean,2012-13,Kharif,200300.0,Hectare,338200.0,Tonnes,1688.467299051423,Vidarbha,2012
Maharashtra,YAVATMAL,Soyabean,2010-11,Kharif,198500.0,Hectare,273100.0,Tonnes,1375.8186397984887,Vidarbha,2010
Maharashtra,YAVATMAL,Soyabean,2011-12,Kharif,221400.0,Hectare,298100.0,Tonnes,1346.4317976513098,Vidarbha,2011
Maharashtra,YAVATMAL,Soyabean,2012-13,Kharif,236800.0,Hectare,389100.0,Tonnes,1643.1587837837837,Vidarbha,2012
Maharashtra,AHMEDNAGAR,Soyabean,2013-14,Kharif,65900.0,Hectare,74500.0,Tonnes,1130.5007587253415,Madhya Maharashtra,2013
Maharashtra,AHMEDNAGAR,Soyabean,2014-15,Kharif,58200.0,Hectare,35900.0,Tonnes,616.8384879725086,Madhya Maharashtra,2014
Maharashtra,AHMEDNAGAR,Soyabean,2015-16,Kharif,40900.0,Hectare,19800.0,Tonnes,484.1075794621027,Madhya Maharashtra,2015
Maharashtra,AKOLA,Soyabean,2013-14,Kharif,187100.0,Hectare,191900.0,Tonnes,1025.6547300908605,Vidarbha,2013
Maharashtra,AKOLA,Soyabean,2015-16,Kharif,227200.0,Hectare,102100.0,Tonnes,449.3838028169014,Vidarbha,2015
Maharashtra,AMRAVATI,Soyabean,2013-14,Kharif,366400.0,Hectare,352700.0,Tonnes,962.6091703056768,Vidarbha,2013
Maharashtra,AURANGABAD,Soyabean,2013-14,Kharif,11500.0,Hectare,12500.0,Tonnes,1086.9565217391303,Matathwada,2013
Maharashtra,AURANGABAD,Soyabean,2014-15,Kharif,18700.0,Hectare,8500.0,Tonnes,454.54545454545445,Matathwada,2014
Maharashtra,AURANGABAD,Soyabean,2015-16,Kharif,20900.0,Hectare,9500.0,Tonnes,454.54545454545445,Matathwada,2015
Maharashtra,BEED,Soyabean,2013-14,Kharif,93500.0,Hectare,174200.0,Tonnes,1863.1016042780748,Matathwada,2013
Maharashtra,BHANDARA,Soyabean,2013-14,Kharif,7000.0,Hectare,2800.0,Tonnes,400.0,Vidarbha,2013
Maharashtra,BHANDARA,Soyabean,2014-15,Kharif,8100.0,Hectare,3700.0,Tonnes,456.79012345679007,Vidarbha,2014
Maharashtra,BULDHANA,Soyabean,2013-14,Kharif,323200.0,Hectare,479000.0,Tonnes,1482.0544554455446,Vidarbha,2013
Maharashtra,BULDHANA,Soyabean,2014-15,Kharif,352500.0,Hectare,189100.0,Tonnes,536.4539007092199,Vidarbha,2014
Maharashtra,BULDHANA,Soyabean,2015-16,Kharif,352400.0,Hectare,160400.0,Tonnes,455.16458569807037,Vidarbha,2015
Maharashtra,CHANDRAPUR,Soyabean,2013-14,Kharif,142100.0,Hectare,88400.0,Tonnes,622.0971147079522,Vidarbha,2013
Maharashtra,CHANDRAPUR,Soyabean,2014-15,Kharif,126200.0,Hectare,64300.0,Tonnes,509.5087163232963,Vidarbha,2014
Maharashtra,CHANDRAPUR,Soyabean,2015-16,Kharif,117100.0,Hectare,59400.0,Tonnes,507.2587532023911,Vidarbha,2015
Maharashtra,DHULE,Soyabean,2013-14,Kharif,12000.0,Hectare,16200.0,Tonnes,1350.0,Madhya Maharashtra,2013
Maharashtra,DHULE,Soyabean,2014-15,Kharif,15500.0,Hectare,20000.0,Tonnes,1290.3225806451612,Madhya Maharashtra,2014
Maharashtra,DHULE,Soyabean,2015-16,Kharif,20800.0,Hectare,13400.0,Tonnes,644.2307692307693,Madhya Maharashtra,2015
Maharashtra,GADCHIROLI,Soyabean,2013-14,Kharif,5200.0,Hectare,3800.0,Tonnes,730.7692307692307,Vidarbha,2013
Maharashtra,GADCHIROLI,Soyabean,2014-15,Kharif,4400.0,Hectare,3000.0,Tonnes,681.8181818181818,Vidarbha,2014
Maharashtra,GADCHIROLI,Soyabean,2015-16,Kharif,3500.0,Hectare,1500.0,Tonnes,428.5714285714285,Vidarbha,2015
Maharashtra,HINGOLI,Soyabean,2013-14,Kharif,170000.0,Hectare,186000.0,Tonnes,1094.1176470588236,Matathwada,2013
Maharashtra,HINGOLI,Soyabean,2015-16,Kharif,165100.0,Hectare,78900.0,Tonnes,477.8921865536039,Matathwada,2015
Maharashtra,JALGAON,Soyabean,2013-14,Kharif,15000.0,Hectare,26500.0,Tonnes,1766.6666666666665,Madhya Maharashtra,2013
Maharashtra,JALGAON,Soyabean,2014-15,Kharif,25000.0,Hectare,35400.0,Tonnes,1416.0,Madhya Maharashtra,2014
Maharashtra,JALGAON,Soyabean,2015-16,Kharif,31800.0,Hectare,17600.0,Tonnes,553.4591194968554,Madhya Maharashtra,2015
Maharashtra,JALNA,Soyabean,2013-14,Kharif,74600.0,Hectare,123600.0,Tonnes,1656.8364611260054,Matathwada,2013
Maharashtra,JALNA,Soyabean,2014-15,Kharif,109300.0,Hectare,40300.0,Tonnes,368.7099725526075,Matathwada,2014
Maharashtra,JALNA,Soyabean,2015-16,Kharif,120200.0,Hectare,57400.0,Tonnes,477.5374376039933,Matathwada,2015
Maharashtra,KOLHAPUR,Soyabean,2014-15,Kharif,56000.0,Hectare,121200.0,Tonnes,2164.285714285714,Madhya Maharashtra,2014
Maharashtra,KOLHAPUR,Soyabean,2015-16,Kharif,53900.0,Hectare,102390.0,Tonnes,1899.6289424860852,Madhya Maharashtra,2015
Maharashtra,LATUR,Soyabean,2013-14,Kharif,308400.0,Hectare,670400.0,Tonnes,2173.800259403372,Matathwada,2013
Maharashtra,LATUR,Soyabean,2014-15,Kharif,336800.0,Hectare,210000.0,Tonnes,623.5154394299287,Matathwada,2014
Maharashtra,NAGPUR,Soyabean,2013-14,Kharif,232800.0,Hectare,99900.0,Tonnes,429.1237113402061,Vidarbha,2013
Maharashtra,NAGPUR,Soyabean,2014-15,Kharif,220400.0,Hectare,79500.0,Tonnes,360.7078039927405,Vidarbha,2014
Maharashtra,NAGPUR,Soyabean,2015-16,Kharif,199700.0,Hectare,77200.0,Tonnes,386.579869804707,Vidarbha,2015
Maharashtra,NANDED,Soyabean,2013-14,Kharif,213200.0,Hectare,274400.0,Tonnes,1287.0544090056287,Matathwada,2013
Maharashtra,NANDURBAR,Soyabean,2013-14,Kharif,28000.0,Hectare,33300.0,Tonnes,1189.2857142857144,Madhya Maharashtra,2013
Maharashtra,NANDURBAR,Soyabean,2014-15,Kharif,27500.0,Hectare,26700.0,Tonnes,970.9090909090909,Madhya Maharashtra,2014
Maharashtra,NANDURBAR,Soyabean,2015-16,Kharif,27600.0,Hectare,26200.0,Tonnes,949.2753623188406,Madhya Maharashtra,2015
Maharashtra,NASHIK,Soyabean,2013-14,Kharif,52400.0,Hectare,82700.0,Tonnes,1578.2442748091603,Madhya Maharashtra,2013
Maharashtra,NASHIK,Soyabean,2014-15,Kharif,59800.0,Hectare,85000.0,Tonnes,1421.4046822742475,Madhya Maharashtra,2014
Maharashtra,NASHIK,Soyabean,2015-16,Kharif,59800.0,Hectare,69600.0,Tonnes,1163.8795986622072,Madhya Maharashtra,2015
Maharashtra,OSMANABAD,Soyabean,2013-14,Kharif,133500.0,Hectare,270400.0,Tonnes,2025.4681647940079,Matathwada,2013
Maharashtra,OSMANABAD,Soyabean,2014-15,Kharif,133500.0,Hectare,65600.0,Tonnes,491.3857677902621,Matathwada,2014
Maharashtra,PARBHANI,Soyabean,2013-14,Kharif,139000.0,Hectare,174500.0,Tonnes,1255.3956834532373,Matathwada,2013
Maharashtra,PUNE,Soyabean,2014-15,Kharif,7100.0,Hectare,11700.0,Tonnes,1647.887323943662,Madhya Maharashtra,2014
Maharashtra,SANGLI,Soyabean,2013-14,Kharif,77100.0,Hectare,159600.0,Tonnes,2070.0389105058366,Madhya Maharashtra,2013
Maharashtra,SANGLI,Soyabean,2014-15,Kharif,36600.0,Hectare,47700.0,Tonnes,1303.2786885245903,Madhya Maharashtra,2014
Maharashtra,SANGLI,Soyabean,2015-16,Kharif,51700.0,Hectare,79800.0,Tonnes,1543.5203094777562,Madhya Maharashtra,2015
Maharashtra,SATARA,Soyabean,2013-14,Kharif,46700.0,Hectare,95560.0,Tonnes,2046.2526766595288,Madhya Maharashtra,2013
Maharashtra,SATARA,Soyabean,2014-15,Kharif,53300.0,Hectare,90800.0,Tonnes,1703.5647279549719,Madhya Maharashtra,2014
Maharashtra,SATARA,Soyabean,2015-16,Kharif,62800.0,Hectare,100900.0,Tonnes,1606.687898089172,Madhya Maharashtra,2015
Maharashtra,SOLAPUR,Soyabean,2013-14,Kharif,5500.0,Hectare,9900.0,Tonnes,1800.0,Madhya Maharashtra,2013
Maharashtra,SOLAPUR,Soyabean,2014-15,Kharif,6300.0,Hectare,7400.0,Tonnes,1174.6031746031747,Madhya Maharashtra,2014
Maharashtra,WARDHA,Soyabean,2013-14,Kharif,185600.0,Hectare,121700.0,Tonnes,655.7112068965517,Vidarbha,2013
Maharashtra,WARDHA,Soyabean,2014-15,Kharif,154200.0,Hectare,67100.0,Tonnes,435.1491569390402,Vidarbha,2014
Maharashtra,WARDHA,Soyabean,2015-16,Kharif,139800.0,Hectare,61500.0,Tonnes,439.9141630901287,Vidarbha,2015
Maharashtra,WASHIM,Soyabean,2013-14,Kharif,276300.0,Hectare,232300.0,Tonnes,840.7528049221861,Vidarbha,2013
Maharashtra,WASHIM,Soyabean,2014-15,Kharif,296500.0,Hectare,121300.0,Tonnes,409.106239460371,Vidarbha,2014
Maharashtra,WASHIM,Soyabean,2015-16,Kharif,302300.0,Hectare,168200.0,Tonnes,556.4009262322196,Vidarbha,2015
Maharashtra,YAVATMAL,Soyabean,2013-14,Kharif,285600.0,Hectare,156600.0,Tonnes,548.3193277310925,Vidarbha,2013
Maharashtra,YAVATMAL,Soyabean,2015-16,Kharif,293100.0,Hectare,140900.0,Tonnes,480.72330262708965,Vidarbha,2015
Maharashtra,AHMEDNAGAR,Soyabean,2016-17,Kharif,52000.0,Hectare,41700.0,Tonnes,801.9230769230769,Madhya Maharashtra,2016
Maharashtra,AHMEDNAGAR,Soyabean,2017-18,Kharif,59284.0,Hectare,86900.0,Tonnes,1465.8255178462991,Madhya Maharashtra,2017
Maharashtra,AHMEDNAGAR,Soyabean,2018-19,Kharif,60627.0,Hectare,38254.0,Tonnes,630.9729988289046,Madhya Maharashtra,2018
Maharashtra,AKOLA,Soyabean,2016-17,Kharif,216600.0,Hectare,305700.0,Tonnes,1411.3573407202216,Vidarbha,2016
Maharashtra,AKOLA,Soyabean,2017-18,Kharif,204700.0,Hectare,144000.0,Tonnes,703.4684904738642,Vidarbha,2017
Maharashtra,AKOLA,Soyabean,2018-19,Kharif,212808.0,Hectare,298804.0,Tonnes,1404.1013495733243,Vidarbha,2018
Maharashtra,AMRAVATI,Soyabean,2016-17,Kharif,362900.0,Hectare,483400.0,Tonnes,1332.047395976853,Vidarbha,2016
Maharashtra,AMRAVATI,Soyabean,2017-18,Kharif,287100.0,Hectare,265200.0,Tonnes,923.7199582027168,Vidarbha,2017
Maharashtra,AMRAVATI,Soyabean,2018-19,Kharif,291642.0,Hectare,351621.0,Tonnes,1205.6596786471084,Vidarbha,2018
Maharashtra,AURANGABAD,Soyabean,2016-17,Kharif,29300.0,Hectare,31100.0,Tonnes,1061.4334470989759,Matathwada,2016
Maharashtra,AURANGABAD,Soyabean,2017-18,Kharif,26200.0,Hectare,11500.0,Tonnes,438.9312977099237,Matathwada,2017
Maharashtra,AURANGABAD,Soyabean,2018-19,Kharif,14022.0,Hectare,9054.0,Tonnes,645.6996148908858,Matathwada,2018
Maharashtra,BEED,Soyabean,2016-17,Kharif,169200.0,Hectare,132350.0,Tonnes,782.2104018912529,Matathwada,2016
Maharashtra,BEED,Soyabean,2017-18,Kharif,181300.0,Hectare,128300.0,Tonnes,707.6668505239934,Matathwada,2017
Maharashtra,BHANDARA,Soyabean,2016-17,Kharif,11800.0,Hectare,13300.0,Tonnes,1127.1186440677968,Vidarbha,2016
Maharashtra,BHANDARA,Soyabean,2017-18,Kharif,5300.0,Hectare,6400.0,Tonnes,1207.5471698113206,Vidarbha,2017
Maharashtra,BHANDARA,Soyabean,2018-19,Kharif,4111.0,Hectare,4649.0,Tonnes,1130.8684018486983,Vidarbha,2018
Maharashtra,BULDHANA,Soyabean,2016-17,Kharif,365010.0,Hectare,703600.0,Tonnes,1927.618421413112,Vidarbha,2016
Maharashtra,BULDHANA,Soyabean,2017-18,Kharif,370290.0,Hectare,439600.0,Tonnes,1187.1776175430068,Vidarbha,2017
Maharashtra,BULDHANA,Soyabean,2018-19,Kharif,404209.0,Hectare,448429.0,Tonnes,1109.3988505946181,Vidarbha,2018
Maharashtra,CHANDRAPUR,Soyabean,2016-17,Kharif,108500.0,Hectare,108300.0,Tonnes,998.1566820276496,Vidarbha,2016
Maharashtra,CHANDRAPUR,Soyabean,2017-18,Kharif,65900.0,Hectare,62000.0,Tonnes,940.8194233687403,Vidarbha,2017
Maharashtra,CHANDRAPUR,Soyabean,2018-19,Kharif,75376.0,Hectare,120538.0,Tonnes,1599.1562300997666,Vidarbha,2018
Maharashtra,DHULE,Soyabean,2016-17,Kharif,18300.0,Hectare,25300.0,Tonnes,1382.5136612021859,Madhya Maharashtra,2016
Maharashtra,DHULE,Soyabean,2017-18,Kharif,18456.0,Hectare,32700.0,Tonnes,1771.781534460338,Madhya Maharashtra,2017
Maharashtra,DHULE,Soyabean,2018-19,Kharif,20076.0,Hectare,31835.000000000004,Tonnes,1585.7242478581393,Madhya Maharashtra,2018
Maharashtra,GADCHIROLI,Soyabean,2016-17,Kharif,2100.0,Hectare,1800.0,Tonnes,857.1428571428571,Vidarbha,2016
Maharashtra,GADCHIROLI,Soyabean,2017-18,Kharif,200.0,Hectare,300.0,Tonnes,1500.0,Vidarbha,2017
Maharashtra,HINGOLI,Soyabean,2016-17,Kharif,171600.0,Hectare,184000.0,Tonnes,1072.2610722610723,Matathwada,2016
Maharashtra,HINGOLI,Soyabean,2017-18,Kharif,175800.0,Hectare,199400.0,Tonnes,1134.2434584755404,Matathwada,2017
Maharashtra,HINGOLI,Soyabean,2018-19,Kharif,215800.0,Hectare,300739.0,Tonnes,1393.6005560704357,Matathwada,2018
Maharashtra,JALGAON,Soyabean,2016-17,Kharif,33900.0,Hectare,63600.0,Tonnes,1876.1061946902653,Madhya Maharashtra,2016
Maharashtra,JALGAON,Soyabean,2017-18,Kharif,34139.0,Hectare,55900.0,Tonnes,1637.4234746184718,Madhya Maharashtra,2017
Maharashtra,JALGAON,Soyabean,2018-19,Kharif,32232.0,Hectare,46823.0,Tonnes,1452.686770910896,Madhya Maharashtra,2018
Maharashtra,JALNA,Soyabean,2016-17,Kharif,112800.0,Hectare,171500.0,Tonnes,1520.3900709219856,Matathwada,2016
Maharashtra,JALNA,Soyabean,2017-18,Kharif,115400.0,Hectare,80500.0,Tonnes,697.5736568457539,Matathwada,2017
Maharashtra,JALNA,Soyabean,2018-19,Kharif,135760.0,Hectare,122115.0,Tonnes,899.4917501473188,Matathwada,2018
Maharashtra,KOLHAPUR,Soyabean,2017-18,Kharif,51300.0,Hectare,109700.0,Tonnes,2138.401559454191,Madhya Maharashtra,2017
Maharashtra,LATUR,Soyabean,2016-17,Kharif,370300.0,Hectare,297900.0,Tonnes,804.4828517418309,Matathwada,2016
Maharashtra,LATUR,Soyabean,2017-18,Kharif,392800.0,Hectare,465000.0,Tonnes,1183.8085539714868,Matathwada,2017
Maharashtra,LATUR,Soyabean,2018-19,Kharif,435969.0,Hectare,445480.0,Tonnes,1021.8157713048406,Matathwada,2018
Maharashtra,NAGPUR,Soyabean,2016-17,Kharif,172400.0,Hectare,203900.0,Tonnes,1182.7146171693737,Vidarbha,2016
Maharashtra,NAGPUR,Soyabean,2017-18,Kharif,151100.0,Hectare,172400.0,Tonnes,1140.9662475182001,Vidarbha,2017
Maharashtra,NAGPUR,Soyabean,2018-19,Kharif,133267.0,Hectare,108020.0,Tonnes,810.5532502419954,Vidarbha,2018
Maharashtra,NANDED,Soyabean,2017-18,Kharif,273500.0,Hectare,190400.0,Tonnes,696.1608775137112,Matathwada,2017
Maharashtra,NANDED,Soyabean,2018-19,Kharif,354966.0,Hectare,493296.0,Tonnes,1389.6992951437603,Matathwada,2018
Maharashtra,NANDURBAR,Soyabean,2016-17,Kharif,28000.0,Hectare,45900.0,Tonnes,1639.2857142857142,Madhya Maharashtra,2016
Maharashtra,NANDURBAR,Soyabean,2017-18,Kharif,27174.0,Hectare,39100.0,Tonnes,1438.8753955987338,Madhya Maharashtra,2017
Maharashtra,NANDURBAR,Soyabean,2018-19,Kharif,26046.0,Hectare,32808.0,Tonnes,1259.6175996314216,Madhya Maharashtra,2018
Maharashtra,NASHIK,Soyabean,2016-17,Kharif,68700.0,Hectare,103000.0,Tonnes,1499.2721979621545,Madhya Maharashtra,2016
Maharashtra,NASHIK,Soyabean,2017-18,Kharif,67497.0,Hectare,137600.0,Tonnes,2038.6091233684458,Madhya Maharashtra,2017
Maharashtra,NASHIK,Soyabean,2018-19,Kharif,71168.0,Hectare,65160.0,Tonnes,915.5800359712232,Madhya Maharashtra,2018
Maharashtra,OSMANABAD,Soyabean,2017-18,Kharif,115400.0,Hectare,79400.0,Tonnes,688.0415944540728,Matathwada,2017
Maharashtra,OSMANABAD,Soyabean,2018-19,Kharif,214165.0,Hectare,117791.0,Tonnes,550.0011673242594,Matathwada,2018
Maharashtra,PARBHANI,Soyabean,2016-17,Kharif,237230.0,Hectare,240095.0,Tonnes,1012.0768874088435,Matathwada,2016
Maharashtra,PARBHANI,Soyabean,2017-18,Kharif,229670.0,Hectare,201684.0,Tonnes,878.1469064309663,Matathwada,2017
Maharashtra,PARBHANI,Soyabean,2018-19,Kharif,245041.0,Hectare,272191.0,Tonnes,1110.7977848604926,Matathwada,2018
Maharashtra,PUNE,Soyabean,2016-17,Kharif,18000.0,Hectare,38300.0,Tonnes,2127.777777777778,Madhya Maharashtra,2016
Maharashtra,PUNE,Soyabean,2017-18,Kharif,20231.0,Hectare,40900.0,Tonnes,2021.649943156542,Madhya Maharashtra,2017
Maharashtra,PUNE,Soyabean,2018-19,Kharif,20329.0,Hectare,32523.0,Tonnes,1599.832751242068,Madhya Maharashtra,2018
Maharashtra,SANGLI,Soyabean,2017-18,Kharif,47300.0,Hectare,78800.0,Tonnes,1665.9619450317125,Madhya Maharashtra,2017
Maharashtra,SANGLI,Soyabean,2018-19,Kharif,42534.0,Hectare,92010.0,Tonnes,2163.210607984201,Madhya Maharashtra,2018
Maharashtra,SATARA,Soyabean,2016-17,Kharif,67200.0,Hectare,121800.0,Tonnes,1812.5,Madhya Maharashtra,2016
Maharashtra,SATARA,Soyabean,2017-18,Kharif,69700.0,Hectare,128500.0,Tonnes,1843.615494978479,Madhya Maharashtra,2017
Maharashtra,SATARA,Soyabean,2018-19,Kharif,65692.0,Hectare,112215.0,Tonnes,1708.1988674420024,Madhya Maharashtra,2018
Maharashtra,SOLAPUR,Soyabean,2016-17,Kharif,27700.0,Hectare,10170.0,Tonnes,367.1480144404332,Madhya Maharashtra,2016
Maharashtra,SOLAPUR,Soyabean,2017-18,Kharif,33588.0,Hectare,38560.0,Tonnes,1148.0290579969037,Madhya Maharashtra,2017
Maharashtra,WARDHA,Soyabean,2016-17,Kharif,127200.0,Hectare,150400.0,Tonnes,1182.3899371069183,Vidarbha,2016
Maharashtra,WARDHA,Soyabean,2017-18,Kharif,116100.0,Hectare,177400.0,Tonnes,1527.9931093884582,Vidarbha,2017
Maharashtra,WARDHA,Soyabean,2018-19,Kharif,118508.0,Hectare,155169.0,Tonnes,1309.3546427245415,Vidarbha,2018
Maharashtra,WASHIM,Soyabean,2016-17,Kharif,300800.0,Hectare,446100.0,Tonnes,1483.0452127659578,Vidarbha,2016
Maharashtra,WASHIM,Soyabean,2017-18,Kharif,299800.0,Hectare,227100.0,Tonnes,757.505003335557,Vidarbha,2017
Maharashtra,WASHIM,Soyabean,2018-19,Kharif,302685.0,Hectare,414398.0,Tonnes,1369.0734592067658,Vidarbha,2018
Maharashtra,YAVATMAL,Soyabean,2016-17,Kharif,253000.0,Hectare,282400.0,Tonnes,1116.205533596838,Vidarbha,2016
Maharashtra,YAVATMAL,Soyabean,2017-18,Kharif,254500.0,Hectare,206300.0,Tonnes,810.6090373280944,Vidarbha,2017
Maharashtra,YAVATMAL,Soyabean,2018-19,Kharif,277504.0,Hectare,327206.0,Tonnes,1179.1037246309963,Vidarbha,2018
Maharashtra,AHMEDNAGAR,Soyabean,2019-20,Kharif,70951.0,Hectare,40505.0,Tonnes,570.8869501486942,Madhya Maharashtra,2019
Maharashtra,AKOLA,Soyabean,2019-20,Kharif,209650.0,Hectare,190226.0,Tonnes,907.3503458144526,Vidarbha,2019
Maharashtra,AMRAVATI,Soyabean,2019-20,Kharif,238726.00000000003,Hectare,198940.0,Tonnes,833.3403148379313,Vidarbha,2019
Maharashtra,AURANGABAD,Soyabean,2019-20,Kharif,19024.0,Hectare,15551.0,Tonnes,817.4411269974769,Matathwada,2019
Maharashtra,BEED,Soyabean,2019-20,Kharif,245565.0,Hectare,190397.0,Tonnes,775.3425773216868,Matathwada,2019
Maharashtra,BHANDARA,Soyabean,2019-20,Kharif,269.0,Hectare,280.0,Tonnes,1040.8921933085503,Vidarbha,2019
Maharashtra,BULDHANA,Soyabean,2019-20,Kharif,396413.0,Hectare,535844.0,Tonnes,1351.7316536036913,Vidarbha,2019
Maharashtra,CHANDRAPUR,Soyabean,2019-20,Kharif,75499.0,Hectare,66209.0,Tonnes,876.9520126094386,Vidarbha,2019
Maharashtra,DHULE,Soyabean,2019-20,Kharif,19328.0,Hectare,14861.000000000002,Tonnes,768.8845198675498,Madhya Maharashtra,2019
Maharashtra,HINGOLI,Soyabean,2019-20,Kharif,234176.00000000003,Hectare,463500.0,Tonnes,1979.2805411314564,Matathwada,2019
Maharashtra,JALGAON,Soyabean,2019-20,Kharif,32790.0,Hectare,18001.0,Tonnes,548.9783470570296,Madhya Maharashtra,2019
Maharashtra,JALNA,Soyabean,2019-20,Kharif,144771.0,Hectare,248095.0,Tonnes,1713.7064743629594,Matathwada,2019
Maharashtra,KOLHAPUR,Soyabean,2019-20,Kharif,51583.00000000001,Hectare,102952.0,Tonnes,1995.851346373805,Madhya Maharashtra,2019
Maharashtra,LATUR,Soyabean,2019-20,Kharif,413012.0,Hectare,455564.00000000006,Tonnes,1103.0284834338956,Matathwada,2019
Maharashtra,NAGPUR,Soyabean,2019-20,Kharif,133784.0,Hectare,223698.0,Tonnes,1672.083358249118,Vidarbha,2019
Maharashtra,NANDED,Soyabean,2019-20,Kharif,383707.0,Hectare,520543.0,Tonnes,1356.6158553271116,Matathwada,2019
Maharashtra,NANDURBAR,Soyabean,2019-20,Kharif,26670.0,Hectare,38953.0,Tonnes,1460.5549306336707,Madhya Maharashtra,2019
Maharashtra,NASHIK,Soyabean,2019-20,Kharif,74792.0,Hectare,75225.0,Tonnes,1005.7893892394909,Madhya Maharashtra,2019
Maharashtra,OSMANABAD,Soyabean,2019-20,Kharif,229766.0,Hectare,276894.0,Tonnes,1205.1130280372204,Matathwada,2019
Maharashtra,PARBHANI,Soyabean,2019-20,Kharif,257885.0,Hectare,264903.0,Tonnes,1027.2136805165094,Matathwada,2019
Maharashtra,PUNE,Soyabean,2019-20,Kharif,22295.0,Hectare,18128.0,Tonnes,813.097106974658,Madhya Maharashtra,2019
Maharashtra,SANGLI,Soyabean,2019-20,Kharif,42708.0,Hectare,36583.0,Tonnes,856.5842465111923,Madhya Maharashtra,2019
Maharashtra,SATARA,Soyabean,2019-20,Kharif,70605.0,Hectare,101747.0,Tonnes,1441.0735783584732,Madhya Maharashtra,2019
Maharashtra,SOLAPUR,Soyabean,2019-20,Kharif,34910.0,Hectare,22193.0,Tonnes,635.720423947293,Madhya Maharashtra,2019
Maharashtra,WARDHA,Soyabean,2019-20,Kharif,113028.0,Hectare,147410.0,Tonnes,1304.1901121845913,Vidarbha,2019
Maharashtra,WASHIM,Soyabean,2019-20,Kharif,296831.0,Hectare,323720.0,Tonnes,1090.5868996162799,Vidarbha,2019
Maharashtra,YAVATMAL,Soyabean,2019-20,Kharif,285069.0,Hectare,234467.0,Tonnes,822.492098404246,Vidarbha,2019
Maharashtra,AHMEDNAGAR,Soyabean,1998-99,Kharif,4600.0,Hectare,5500.0,Tonnes,1195.6521739130437,Madhya Maharashtra,1998
Maharashtra,AHMEDNAGAR,Soyabean,1999-00,Kharif,7500.0,Hectare,10400.0,Tonnes,1386.6666666666667,Madhya Maharashtra,1999
Maharashtra,AHMEDNAGAR,Soyabean,2000-01,Kharif,7200.0,Hectare,6200.0,Tonnes,861.1111111111112,Madhya Maharashtra,2000
Maharashtra,AKOLA,Soyabean,1998-99,Kharif,77800.0,Hectare,105900.0,Tonnes,1361.1825192802057,Vidarbha,1998
Maharashtra,AKOLA,Soyabean,1999-00,Kharif,28400.0,Hectare,39900.0,Tonnes,1404.9295774647887,Vidarbha,1999
Maharashtra,AKOLA,Soyabean,2000-01,Kharif,28900.0,Hectare,31200.0,Tonnes,1079.5847750865053,Vidarbha,2000
Maharashtra,AMRAVATI,Soyabean,1998-99,Kharif,175200.0,Hectare,230200.0,Tonnes,1313.9269406392696,Vidarbha,1998
Maharashtra,AMRAVATI,Soyabean,1999-00,Kharif,186800.0,Hectare,142700.0,Tonnes,763.9186295503212,Vidarbha,1999
Maharashtra,AMRAVATI,Soyabean,2000-01,Kharif,180300.0,Hectare,125100.0,Tonnes,693.8435940099835,Vidarbha,2000
Maharashtra,AURANGABAD,Soyabean,1998-99,Kharif,3400.0,Hectare,2100.0,Tonnes,617.6470588235294,Matathwada,1998
Maharashtra,AURANGABAD,Soyabean,1999-00,Kharif,3300.0,Hectare,5700.0,Tonnes,1727.2727272727273,Matathwada,1999
Maharashtra,AURANGABAD,Soyabean,2000-01,Kharif,4300.0,Hectare,3200.0,Tonnes,744.1860465116279,Matathwada,2000
Maharashtra,BEED,Soyabean,1998-99,Kharif,1100.0,Hectare,1300.0,Tonnes,1181.8181818181822,Matathwada,1998
Maharashtra,BEED,Soyabean,1999-00,Kharif,2000.0,Hectare,3300.0,Tonnes,1650.0,Matathwada,1999
Maharashtra,BEED,Soyabean,2000-01,Kharif,3300.0,Hectare,4400.0,Tonnes,1333.3333333333333,Matathwada,2000
Maharashtra,BHANDARA,Soyabean,1998-99,Kharif,11900.0,Hectare,20000.0,Tonnes,1680.672268907563,Vidarbha,1998
Maharashtra,BHANDARA,Soyabean,1999-00,Kharif,11600.0,Hectare,15700.0,Tonnes,1353.4482758620688,Vidarbha,1999
Maharashtra,BHANDARA,Soyabean,2000-01,Kharif,9700.0,Hectare,7700.0,Tonnes,793.8144329896907,Vidarbha,2000
Maharashtra,BULDHANA,Soyabean,1998-99,Kharif,37300.0,Hectare,41000.0,Tonnes,1099.195710455764,Vidarbha,1998
Maharashtra,BULDHANA,Soyabean,1999-00,Kharif,69500.0,Hectare,99900.0,Tonnes,1437.4100719424462,Vidarbha,1999
Maharashtra,BULDHANA,Soyabean,2000-01,Kharif,68100.0,Hectare,51400.0,Tonnes,754.7723935389133,Vidarbha,2000
Maharashtra,CHANDRAPUR,Soyabean,1998-99,Kharif,113300.0,Hectare,234300.0,Tonnes,2067.961165048544,Vidarbha,1998
Maharashtra,CHANDRAPUR,Soyabean,1999-00,Kharif,125900.0,Hectare,191200.0,Tonnes,1518.6656076250993,Vidarbha,1999
Maharashtra,CHANDRAPUR,Soyabean,2000-01,Kharif,116100.0,Hectare,138900.0,Tonnes,1196.3824289405684,Vidarbha,2000
Maharashtra,DHULE,Soyabean,1998-99,Kharif,4000.0,Hectare,5700.0,Tonnes,1425.0,Madhya Maharashtra,1998
Maharashtra,DHULE,Soyabean,1999-00,Kharif,2200.0,Hectare,2700.0,Tonnes,1227.2727272727273,Madhya Maharashtra,1999
Maharashtra,DHULE,Soyabean,2000-01,Kharif,2200.0,Hectare,1300.0,Tonnes,590.909090909091,Madhya Maharashtra,2000
Maharashtra,GADCHIROLI,Soyabean,1998-99,Kharif,1400.0,Hectare,1700.0,Tonnes,1214.2857142857142,Vidarbha,1998
Maharashtra,GADCHIROLI,Soyabean,1999-00,Kharif,1600.0,Hectare,1700.0,Tonnes,1062.5,Vidarbha,1999
Maharashtra,GADCHIROLI,Soyabean,2000-01,Kharif,1800.0,Hectare,1800.0,Tonnes,1000.0,Vidarbha,2000
Maharashtra,GONDIA,Soyabean,1999-00,Kharif,100.0,Hectare,100.0,Tonnes,1000.0,Vidarbha,1999
Maharashtra,HINGOLI,Soyabean,1999-00,Kharif,15700.0,Hectare,22100.0,Tonnes,1407.6433121019109,Matathwada,1999
Maharashtra,HINGOLI,Soyabean,2000-01,Kharif,20400.0,Hectare,24500.0,Tonnes,1200.9803921568628,Matathwada,2000
Maharashtra,JALGAON,Soyabean,1998-99,Kharif,2400.0,Hectare,3600.0,Tonnes,1500.0,Madhya Maharashtra,1998
Maharashtra,JALGAON,Soyabean,1999-00,Kharif,3000.0,Hectare,4100.0,Tonnes,1366.6666666666667,Madhya Maharashtra,1999
Maharashtra,JALGAON,Soyabean,2000-01,Kharif,2900.0,Hectare,2900.0,Tonnes,1000.0,Madhya Maharashtra,2000
Maharashtra,JALNA,Soyabean,1998-99,Kharif,4500.0,Hectare,6800.0,Tonnes,1511.111111111111,Matathwada,1998
Maharashtra,JALNA,Soyabean,1999-00,Kharif,4400.0,Hectare,5600.0,Tonnes,1272.7272727272727,Matathwada,1999
Maharashtra,JALNA,Soyabean,2000-01,Kharif,4700.0,Hectare,2300.0,Tonnes,489.3617021276595,Matathwada,2000
Maharashtra,KOLHAPUR,Soyabean,1998-99,Kharif,63000.0,Hectare,132000.0,Tonnes,2095.238095238096,Madhya Maharashtra,1998
Maharashtra,KOLHAPUR,Soyabean,2000-01,Kharif,62900.0,Hectare,121900.0,Tonnes,1937.9968203497613,Madhya Maharashtra,2000
Maharashtra,LATUR,Soyabean,1998-99,Kharif,4900.0,Hectare,5800.0,Tonnes,1183.6734693877552,Matathwada,1998
Maharashtra,LATUR,Soyabean,1999-00,Kharif,6000.0,Hectare,8100.0,Tonnes,1350.0,Matathwada,1999
Maharashtra,LATUR,Soyabean,2000-01,Kharif,7000.0,Hectare,8400.0,Tonnes,1200.0,Matathwada,2000
Maharashtra,NAGPUR,Soyabean,1998-99,Kharif,253300.0,Hectare,234600.0,Tonnes,926.1744966442952,Vidarbha,1998
Maharashtra,NAGPUR,Soyabean,1999-00,Kharif,239900.0,Hectare,226500.0,Tonnes,944.14339308045,Vidarbha,1999
Maharashtra,NAGPUR,Soyabean,2000-01,Kharif,221800.0,Hectare,173900.0,Tonnes,784.0396753832282,Vidarbha,2000
Maharashtra,NANDED,Soyabean,1998-99,Kharif,6100.0,Hectare,5800.0,Tonnes,950.8196721311476,Matathwada,1998
Maharashtra,NANDED,Soyabean,1999-00,Kharif,5200.0,Hectare,8400.0,Tonnes,1615.3846153846155,Matathwada,1999
Maharashtra,NANDED,Soyabean,2000-01,Kharif,10100.0,Hectare,9100.0,Tonnes,900.990099009901,Matathwada,2000
Maharashtra,NANDURBAR,Soyabean,1999-00,Kharif,2400.0,Hectare,3100.0,Tonnes,1291.6666666666667,Madhya Maharashtra,1999
Maharashtra,NANDURBAR,Soyabean,2000-01,Kharif,2000.0,Hectare,2200.0,Tonnes,1100.0,Madhya Maharashtra,2000
Maharashtra,NASHIK,Soyabean,1998-99,Kharif,5900.0,Hectare,8600.0,Tonnes,1457.6271186440677,Madhya Maharashtra,1998
Maharashtra,NASHIK,Soyabean,1999-00,Kharif,8300.0,Hectare,13300.0,Tonnes,1602.4096385542168,Madhya Maharashtra,1999
Maharashtra,NASHIK,Soyabean,2000-01,Kharif,7500.0,Hectare,8800.0,Tonnes,1173.333333333333,Madhya Maharashtra,2000
Maharashtra,OSMANABAD,Soyabean,1998-99,Kharif,1900.0,Hectare,700.0,Tonnes,368.4210526315789,Matathwada,1998
Maharashtra,OSMANABAD,Soyabean,1999-00,Kharif,2800.0,Hectare,2400.0,Tonnes,857.1428571428571,Matathwada,1999
Maharashtra,OSMANABAD,Soyabean,2000-01,Kharif,2100.0,Hectare,1700.0,Tonnes,809.5238095238095,Matathwada,2000
Maharashtra,PARBHANI,Soyabean,1998-99,Kharif,9000.0,Hectare,8500.0,Tonnes,944.4444444444445,Matathwada,1998
Maharashtra,PARBHANI,Soyabean,2000-01,Kharif,11400.0,Hectare,12200.0,Tonnes,1070.1754385964912,Matathwada,2000
Maharashtra,PUNE,Soyabean,1998-99,Kharif,400.0,Hectare,500.0,Tonnes,1250.0,Madhya Maharashtra,1998
Maharashtra,PUNE,Soyabean,1999-00,Kharif,600.0,Hectare,1200.0,Tonnes,2000.0,Madhya Maharashtra,1999
Maharashtra,PUNE,Soyabean,2000-01,Kharif,700.0,Hectare,600.0,Tonnes,857.1428571428571,Madhya Maharashtra,2000
Maharashtra,SANGLI,Soyabean,1998-99,Kharif,56200.0,Hectare,99100.0,Tonnes,1763.3451957295374,Madhya Maharashtra,1998
Maharashtra,SATARA,Soyabean,1998-99,Kharif,11400.0,Hectare,17800.0,Tonnes,1561.4035087719299,Madhya Maharashtra,1998
Maharashtra,SATARA,Soyabean,1999-00,Kharif,13400.0,Hectare,26000.0,Tonnes,1940.2985074626863,Madhya Maharashtra,1999
Maharashtra,SOLAPUR,Soyabean,1998-99,Kharif,800.0,Hectare,1000.0,Tonnes,1250.0,Madhya Maharashtra,1998
Maharashtra,SOLAPUR,Soyabean,1999-00,Kharif,1000.0,Hectare,1400.0,Tonnes,1400.0,Madhya Maharashtra,1999
Maharashtra,SOLAPUR,Soyabean,2000-01,Kharif,600.0,Hectare,1000.0,Tonnes,1666.6666666666667,Madhya Maharashtra,2000
Maharashtra,WARDHA,Soyabean,1998-99,Kharif,131600.0,Hectare,132300.0,Tonnes,1005.3191489361699,Vidarbha,1998
Maharashtra,WARDHA,Soyabean,1999-00,Kharif,138500.0,Hectare,194900.0,Tonnes,1407.2202166064983,Vidarbha,1999
Maharashtra,WARDHA,Soyabean,2000-01,Kharif,135400.0,Hectare,160000.0,Tonnes,1181.6838995568685,Vidarbha,2000
Maharashtra,WASHIM,Soyabean,2000-01,Kharif,81900.0,Hectare,86900.0,Tonnes,1061.050061050061,Vidarbha,2000
Maharashtra,YAVATMAL,Soyabean,1999-00,Kharif,77700.0,Hectare,100900.0,Tonnes,1298.5842985842985,Vidarbha,1999
Maharashtra,YAVATMAL,Soyabean,2000-01,Kharif,75900.0,Hectare,90100.0,Tonnes,1187.0882740447962,Vidarbha,2000
Maharashtra,AHMEDNAGAR,Sugarcane,2001-02,Whole Year,52000.0,Hectare,3596300.0,Tonnes,69159.61538461538,Madhya Maharashtra,2001
Maharashtra,AHMEDNAGAR,Sugarcane,2002-03,Whole Year,49400.0,Hectare,3303000.0,Tonnes,66862.34817813765,Madhya Maharashtra,2002
Maharashtra,AHMEDNAGAR,Sugarcane,2003-04,Whole Year,31200.0,Hectare,1486800.0,Tonnes,47653.846153846156,Madhya Maharashtra,2003
Maharashtra,AKOLA,Sugarcane,2001-02,Whole Year,600.0,Hectare,44100.0,Tonnes,73500.0,Vidarbha,2001
Maharashtra,AKOLA,Sugarcane,2002-03,Whole Year,400.0,Hectare,28000.0,Tonnes,70000.0,Vidarbha,2002
Maharashtra,AKOLA,Sugarcane,2003-04,Whole Year,800.0,Hectare,48000.0,Tonnes,60000.0,Vidarbha,2003
Maharashtra,AMRAVATI,Sugarcane,2001-02,Whole Year,3000.0,Hectare,204100.0,Tonnes,68033.33333333333,Vidarbha,2001
Maharashtra,AMRAVATI,Sugarcane,2002-03,Whole Year,2300.0,Hectare,124000.0,Tonnes,53913.043478260865,Vidarbha,2002
Maharashtra,AMRAVATI,Sugarcane,2003-04,Whole Year,2500.0,Hectare,155300.0,Tonnes,62120.0,Vidarbha,2003
Maharashtra,AURANGABAD,Sugarcane,2001-02,Whole Year,10300.0,Hectare,521500.0,Tonnes,50631.06796116505,Matathwada,2001
Maharashtra,AURANGABAD,Sugarcane,2002-03,Whole Year,11800.0,Hectare,735000.0,Tonnes,62288.13559322034,Matathwada,2002
Maharashtra,AURANGABAD,Sugarcane,2003-04,Whole Year,8400.0,Hectare,377300.0,Tonnes,44916.66666666666,Matathwada,2003
Maharashtra,BEED,Sugarcane,2001-02,Whole Year,34700.0,Hectare,2306000.0,Tonnes,66455.33141210374,Matathwada,2001
Maharashtra,BEED,Sugarcane,2002-03,Whole Year,34000.0,Hectare,2215000.0,Tonnes,65147.058823529405,Matathwada,2002
Maharashtra,BEED,Sugarcane,2003-04,Whole Year,21600.0,Hectare,849000.0,Tonnes,39305.555555555555,Matathwada,2003
Maharashtra,BHANDARA,Sugarcane,2002-03,Whole Year,1400.0,Hectare,67000.0,Tonnes,47857.14285714285,Vidarbha,2002
Maharashtra,BHANDARA,Sugarcane,2003-04,Whole Year,1500.0,Hectare,71000.0,Tonnes,47333.333333333336,Vidarbha,2003
Maharashtra,BULDHANA,Sugarcane,2001-02,Whole Year,1100.0,Hectare,89400.0,Tonnes,81272.72727272726,Vidarbha,2001
Maharashtra,BULDHANA,Sugarcane,2002-03,Whole Year,1300.0,Hectare,84000.0,Tonnes,64615.38461538461,Vidarbha,2002
Maharashtra,BULDHANA,Sugarcane,2003-04,Whole Year,1000.0,Hectare,69200.0,Tonnes,69200.0,Vidarbha,2003
Maharashtra,DHULE,Sugarcane,2001-02,Whole Year,4400.0,Hectare,281900.0,Tonnes,64068.181818181816,Madhya Maharashtra,2001
Maharashtra,DHULE,Sugarcane,2002-03,Whole Year,4800.0,Hectare,292000.0,Tonnes,60833.333333333336,Madhya Maharashtra,2002
Maharashtra,DHULE,Sugarcane,2003-04,Whole Year,5000.0,Hectare,311600.0,Tonnes,62320.0,Madhya Maharashtra,2003
Maharashtra,GONDIA,Sugarcane,2001-02,Whole Year,500.0,Hectare,24200.0,Tonnes,48400.0,Vidarbha,2001
Maharashtra,GONDIA,Sugarcane,2002-03,Whole Year,500.0,Hectare,23000.0,Tonnes,46000.0,Vidarbha,2002
Maharashtra,GONDIA,Sugarcane,2003-04,Whole Year,500.0,Hectare,28800.0,Tonnes,57600.0,Vidarbha,2003
Maharashtra,HINGOLI,Sugarcane,2001-02,Whole Year,16400.0,Hectare,1274500.0,Tonnes,77713.41463414635,Matathwada,2001
Maharashtra,HINGOLI,Sugarcane,2002-03,Whole Year,16300.0,Hectare,1230000.0,Tonnes,75460.1226993865,Matathwada,2002
Maharashtra,HINGOLI,Sugarcane,2003-04,Whole Year,13800.0,Hectare,807600.0,Tonnes,58521.739130434784,Matathwada,2003
Maharashtra,JALGAON,Sugarcane,2001-02,Whole Year,13500.0,Hectare,1007400.0,Tonnes,74622.22222222222,Madhya Maharashtra,2001
Maharashtra,JALGAON,Sugarcane,2002-03,Whole Year,12000.0,Hectare,855000.0,Tonnes,71250.0,Madhya Maharashtra,2002
Maharashtra,JALNA,Sugarcane,2001-02,Whole Year,12700.0,Hectare,797200.0,Tonnes,62771.65354330709,Matathwada,2001
Maharashtra,JALNA,Sugarcane,2002-03,Whole Year,16200.0,Hectare,1122000.0,Tonnes,69259.25925925926,Matathwada,2002
Maharashtra,JALNA,Sugarcane,2003-04,Whole Year,7300.0,Hectare,339700.0,Tonnes,46534.24657534247,Matathwada,2003
Maharashtra,KOLHAPUR,Sugarcane,2001-02,Whole Year,101900.0,Hectare,9196600.0,Tonnes,90251.22669283612,Madhya Maharashtra,2001
Maharashtra,KOLHAPUR,Sugarcane,2002-03,Whole Year,98400.0,Hectare,8421000.0,Tonnes,85579.26829268293,Madhya Maharashtra,2002
Maharashtra,KOLHAPUR,Sugarcane,2003-04,Whole Year,86900.0,Hectare,4918400.0,Tonnes,56598.388952819325,Madhya Maharashtra,2003
Maharashtra,LATUR,Sugarcane,2001-02,Whole Year,36100.0,Hectare,2107300.0,Tonnes,58373.961218836565,Matathwada,2001
Maharashtra,LATUR,Sugarcane,2002-03,Whole Year,31300.0,Hectare,1540000.0,Tonnes,49201.27795527157,Matathwada,2002
Maharashtra,LATUR,Sugarcane,2003-04,Whole Year,19400.0,Hectare,1023900.0,Tonnes,52778.35051546392,Matathwada,2003
Maharashtra,NAGPUR,Sugarcane,2001-02,Whole Year,900.0,Hectare,52400.0,Tonnes,58222.22222222222,Vidarbha,2001
Maharashtra,NAGPUR,Sugarcane,2002-03,Whole Year,1300.0,Hectare,49000.0,Tonnes,37692.307692307695,Vidarbha,2002
Maharashtra,NAGPUR,Sugarcane,2003-04,Whole Year,900.0,Hectare,52900.0,Tonnes,58777.77777777778,Vidarbha,2003
Maharashtra,NANDED,Sugarcane,2001-02,Whole Year,14700.0,Hectare,920000.0,Tonnes,62585.03401360544,Matathwada,2001
Maharashtra,NANDED,Sugarcane,2002-03,Whole Year,14500.0,Hectare,1060000.0,Tonnes,73103.44827586206,Matathwada,2002
Maharashtra,NANDED,Sugarcane,2003-04,Whole Year,14200.0,Hectare,1007300.0,Tonnes,70936.61971830986,Matathwada,2003
Maharashtra,NANDURBAR,Sugarcane,2001-02,Whole Year,5900.0,Hectare,356100.0,Tonnes,60355.93220338984,Madhya Maharashtra,2001
Maharashtra,NANDURBAR,Sugarcane,2002-03,Whole Year,6000.0,Hectare,418000.0,Tonnes,69666.66666666667,Madhya Maharashtra,2002
Maharashtra,NANDURBAR,Sugarcane,2003-04,Whole Year,4000.0,Hectare,248100.0,Tonnes,62025.0,Madhya Maharashtra,2003
Maharashtra,NASHIK,Sugarcane,2001-02,Whole Year,23600.0,Hectare,1846900.0,Tonnes,78258.47457627118,Madhya Maharashtra,2001
Maharashtra,NASHIK,Sugarcane,2002-03,Whole Year,23300.0,Hectare,1653000.0,Tonnes,70944.20600858369,Madhya Maharashtra,2002
Maharashtra,NASHIK,Sugarcane,2003-04,Whole Year,20400.0,Hectare,1159400.0,Tonnes,56833.333333333336,Madhya Maharashtra,2003
Maharashtra,OSMANABAD,Sugarcane,2001-02,Whole Year,27100.0,Hectare,1662800.0,Tonnes,61357.93357933579,Matathwada,2001
Maharashtra,OSMANABAD,Sugarcane,2002-03,Whole Year,24600.0,Hectare,1277000.0,Tonnes,51910.56910569106,Matathwada,2002
Maharashtra,PARBHANI,Sugarcane,2001-02,Whole Year,12100.0,Hectare,1071300.0,Tonnes,88537.19008264462,Matathwada,2001
Maharashtra,PARBHANI,Sugarcane,2002-03,Whole Year,15800.0,Hectare,902000.0,Tonnes,57088.60759493671,Matathwada,2002
Maharashtra,PARBHANI,Sugarcane,2003-04,Whole Year,13400.0,Hectare,854500.0,Tonnes,63768.65671641791,Matathwada,2003
Maharashtra,PUNE,Sugarcane,2001-02,Whole Year,48700.0,Hectare,4161000.0,Tonnes,85441.47843942506,Madhya Maharashtra,2001
Maharashtra,PUNE,Sugarcane,2002-03,Whole Year,53500.0,Hectare,4690000.0,Tonnes,87663.55140186916,Madhya Maharashtra,2002
Maharashtra,PUNE,Sugarcane,2003-04,Whole Year,39600.0,Hectare,2756000.0,Tonnes,69595.9595959596,Madhya Maharashtra,2003
Maharashtra,SANGLI,Sugarcane,2002-03,Whole Year,47400.0,Hectare,4206000.0,Tonnes,88734.17721518988,Madhya Maharashtra,2002
Maharashtra,SANGLI,Sugarcane,2003-04,Whole Year,35100.0,Hectare,2795500.0,Tonnes,79643.87464387465,Madhya Maharashtra,2003
Maharashtra,SATARA,Sugarcane,2002-03,Whole Year,38000.0,Hectare,3536000.0,Tonnes,93052.63157894736,Madhya Maharashtra,2002
Maharashtra,SATARA,Sugarcane,2003-04,Whole Year,31300.0,Hectare,2106100.0,Tonnes,67287.53993610223,Madhya Maharashtra,2003
Maharashtra,SOLAPUR,Sugarcane,2001-02,Whole Year,59800.0,Hectare,4533500.0,Tonnes,75811.03678929766,Madhya Maharashtra,2001
Maharashtra,SOLAPUR,Sugarcane,2002-03,Whole Year,56400.0,Hectare,4052000.0,Tonnes,71843.97163120567,Madhya Maharashtra,2002
Maharashtra,SOLAPUR,Sugarcane,2003-04,Whole Year,48600.0,Hectare,2831500.0,Tonnes,58261.31687242798,Madhya Maharashtra,2003
Maharashtra,WARDHA,Sugarcane,2001-02,Whole Year,3200.0,Hectare,191400.0,Tonnes,59812.5,Vidarbha,2001
Maharashtra,WARDHA,Sugarcane,2002-03,Whole Year,3900.0,Hectare,232000.0,Tonnes,59487.17948717949,Vidarbha,2002
Maharashtra,WARDHA,Sugarcane,2003-04,Whole Year,2900.0,Hectare,171700.0,Tonnes,59206.89655172414,Vidarbha,2003
Maharashtra,WASHIM,Sugarcane,2001-02,Whole Year,2400.0,Hectare,142500.0,Tonnes,59375.0,Vidarbha,2001
Maharashtra,WASHIM,Sugarcane,2002-03,Whole Year,1100.0,Hectare,55000.0,Tonnes,50000.0,Vidarbha,2002
Maharashtra,WASHIM,Sugarcane,2003-04,Whole Year,1200.0,Hectare,65400.0,Tonnes,54500.0,Vidarbha,2003
Maharashtra,YAVATMAL,Sugarcane,2001-02,Whole Year,6900.0,Hectare,499200.0,Tonnes,72347.82608695651,Vidarbha,2001
Maharashtra,YAVATMAL,Sugarcane,2002-03,Whole Year,7200.0,Hectare,448000.0,Tonnes,62222.22222222222,Vidarbha,2002
Maharashtra,YAVATMAL,Sugarcane,2003-04,Whole Year,5600.0,Hectare,350000.0,Tonnes,62500.0,Vidarbha,2003
Maharashtra,AHMEDNAGAR,Sugarcane,2004-05,Whole Year,17000.0,Hectare,1001800.0,Tonnes,58929.41176470588,Madhya Maharashtra,2004
Maharashtra,AHMEDNAGAR,Sugarcane,2005-06,Whole Year,56600.0,Hectare,4395300.0,Tonnes,77655.47703180212,Madhya Maharashtra,2005
Maharashtra,AHMEDNAGAR,Sugarcane,2006-07,Whole Year,93500.0,Hectare,6137800.0,Tonnes,65644.91978609626,Madhya Maharashtra,2006
Maharashtra,AKOLA,Sugarcane,2004-05,Whole Year,500.0,Hectare,19200.0,Tonnes,38400.0,Vidarbha,2004
Maharashtra,AKOLA,Sugarcane,2005-06,Whole Year,300.0,Hectare,20900.0,Tonnes,69666.66666666667,Vidarbha,2005
Maharashtra,AKOLA,Sugarcane,2006-07,Whole Year,300.0,Hectare,22700.0,Tonnes,75666.66666666667,Vidarbha,2006
Maharashtra,AMRAVATI,Sugarcane,2004-05,Whole Year,1400.0,Hectare,58700.0,Tonnes,41928.57142857143,Vidarbha,2004
Maharashtra,AMRAVATI,Sugarcane,2005-06,Whole Year,1100.0,Hectare,72500.0,Tonnes,65909.09090909091,Vidarbha,2005
Maharashtra,AMRAVATI,Sugarcane,2006-07,Whole Year,700.0,Hectare,39700.0,Tonnes,56714.285714285725,Vidarbha,2006
Maharashtra,AURANGABAD,Sugarcane,2004-05,Whole Year,6400.0,Hectare,509500.0,Tonnes,79609.375,Matathwada,2004
Maharashtra,AURANGABAD,Sugarcane,2005-06,Whole Year,10600.0,Hectare,646600.0,Tonnes,61000.0,Matathwada,2005
Maharashtra,BEED,Sugarcane,2004-05,Whole Year,13100.0,Hectare,875500.0,Tonnes,66832.06106870229,Matathwada,2004
Maharashtra,BEED,Sugarcane,2005-06,Whole Year,23400.0,Hectare,1613000.0,Tonnes,68931.62393162394,Matathwada,2005
Maharashtra,BEED,Sugarcane,2006-07,Whole Year,46700.0,Hectare,3121400.0,Tonnes,66839.40042826552,Matathwada,2006
Maharashtra,BHANDARA,Sugarcane,2004-05,Whole Year,1000.0,Hectare,58500.0,Tonnes,58500.0,Vidarbha,2004
Maharashtra,BHANDARA,Sugarcane,2005-06,Whole Year,500.0,Hectare,19000.0,Tonnes,38000.0,Vidarbha,2005
Maharashtra,BHANDARA,Sugarcane,2006-07,Whole Year,1600.0,Hectare,90100.0,Tonnes,56312.5,Vidarbha,2006
Maharashtra,BULDHANA,Sugarcane,2004-05,Whole Year,700.0,Hectare,57100.0,Tonnes,81571.42857142857,Vidarbha,2004
Maharashtra,BULDHANA,Sugarcane,2005-06,Whole Year,300.0,Hectare,11600.0,Tonnes,38666.66666666666,Vidarbha,2005
Maharashtra,BULDHANA,Sugarcane,2006-07,Whole Year,1400.0,Hectare,95200.0,Tonnes,68000.0,Vidarbha,2006
Maharashtra,DHULE,Sugarcane,2004-05,Whole Year,3500.0,Hectare,205700.0,Tonnes,58771.42857142857,Madhya Maharashtra,2004
Maharashtra,DHULE,Sugarcane,2005-06,Whole Year,5700.0,Hectare,355000.0,Tonnes,62280.70175438597,Madhya Maharashtra,2005
Maharashtra,DHULE,Sugarcane,2006-07,Whole Year,9700.0,Hectare,627700.0,Tonnes,64711.34020618557,Madhya Maharashtra,2006
Maharashtra,GONDIA,Sugarcane,2004-05,Whole Year,400.0,Hectare,26900.0,Tonnes,67250.0,Vidarbha,2004
Maharashtra,GONDIA,Sugarcane,2006-07,Whole Year,400.0,Hectare,26000.0,Tonnes,65000.0,Vidarbha,2006
Maharashtra,HINGOLI,Sugarcane,2004-05,Whole Year,6900.0,Hectare,424600.0,Tonnes,61536.23188405797,Matathwada,2004
Maharashtra,HINGOLI,Sugarcane,2005-06,Whole Year,7700.0,Hectare,549300.0,Tonnes,71337.66233766233,Matathwada,2005
Maharashtra,HINGOLI,Sugarcane,2006-07,Whole Year,14700.0,Hectare,978300.0,Tonnes,66551.02040816327,Matathwada,2006
Maharashtra,JALGAON,Sugarcane,2004-05,Whole Year,14900.0,Hectare,922600.0,Tonnes,61919.46308724832,Madhya Maharashtra,2004
Maharashtra,JALGAON,Sugarcane,2005-06,Whole Year,17000.0,Hectare,1099000.0,Tonnes,64647.058823529405,Madhya Maharashtra,2005
Maharashtra,JALGAON,Sugarcane,2006-07,Whole Year,18800.0,Hectare,1238400.0,Tonnes,65872.34042553192,Madhya Maharashtra,2006
Maharashtra,JALNA,Sugarcane,2004-05,Whole Year,4600.0,Hectare,356000.0,Tonnes,77391.3043478261,Matathwada,2004
Maharashtra,JALNA,Sugarcane,2005-06,Whole Year,10400.0,Hectare,723800.0,Tonnes,69596.15384615384,Matathwada,2005
Maharashtra,JALNA,Sugarcane,2006-07,Whole Year,17500.0,Hectare,1448200.0,Tonnes,82754.28571428571,Matathwada,2006
Maharashtra,KOLHAPUR,Sugarcane,2004-05,Whole Year,76300.0,Hectare,6529400.0,Tonnes,85575.36041939711,Madhya Maharashtra,2004
Maharashtra,KOLHAPUR,Sugarcane,2005-06,Whole Year,94500.0,Hectare,7229300.0,Tonnes,76500.52910052911,Madhya Maharashtra,2005
Maharashtra,KOLHAPUR,Sugarcane,2006-07,Whole Year,106300.0,Hectare,8573300.0,Tonnes,80651.92850423329,Madhya Maharashtra,2006
Maharashtra,LATUR,Sugarcane,2004-05,Whole Year,15500.0,Hectare,834400.0,Tonnes,53832.25806451613,Matathwada,2004
Maharashtra,LATUR,Sugarcane,2005-06,Whole Year,18300.0,Hectare,1415200.0,Tonnes,77333.33333333333,Matathwada,2005
Maharashtra,LATUR,Sugarcane,2006-07,Whole Year,45800.0,Hectare,3223400.0,Tonnes,70379.91266375546,Matathwada,2006
Maharashtra,NAGPUR,Sugarcane,2004-05,Whole Year,400.0,Hectare,29600.0,Tonnes,74000.0,Vidarbha,2004
Maharashtra,NANDED,Sugarcane,2004-05,Whole Year,9600.0,Hectare,471700.0,Tonnes,49135.41666666666,Matathwada,2004
Maharashtra,NANDED,Sugarcane,2005-06,Whole Year,9900.0,Hectare,661200.0,Tonnes,66787.87878787878,Matathwada,2005
Maharashtra,NANDED,Sugarcane,2006-07,Whole Year,27200.0,Hectare,1701200.0,Tonnes,62544.117647058825,Matathwada,2006
Maharashtra,NANDURBAR,Sugarcane,2004-05,Whole Year,4200.0,Hectare,256600.0,Tonnes,61095.23809523809,Madhya Maharashtra,2004
Maharashtra,NANDURBAR,Sugarcane,2005-06,Whole Year,5600.0,Hectare,356000.0,Tonnes,63571.42857142857,Madhya Maharashtra,2005
Maharashtra,NANDURBAR,Sugarcane,2006-07,Whole Year,13800.0,Hectare,915800.0,Tonnes,66362.3188405797,Madhya Maharashtra,2006
Maharashtra,NASHIK,Sugarcane,2004-05,Whole Year,12100.0,Hectare,672900.0,Tonnes,55611.570247933894,Madhya Maharashtra,2004
Maharashtra,NASHIK,Sugarcane,2005-06,Whole Year,14300.0,Hectare,729500.0,Tonnes,51013.98601398601,Madhya Maharashtra,2005
Maharashtra,NASHIK,Sugarcane,2006-07,Whole Year,28500.0,Hectare,1959900.0,Tonnes,68768.42105263159,Madhya Maharashtra,2006
Maharashtra,OSMANABAD,Sugarcane,2004-05,Whole Year,4200.0,Hectare,224600.0,Tonnes,53476.19047619048,Matathwada,2004
Maharashtra,OSMANABAD,Sugarcane,2005-06,Whole Year,10900.0,Hectare,723400.0,Tonnes,66366.97247706422,Matathwada,2005
Maharashtra,OSMANABAD,Sugarcane,2006-07,Whole Year,39600.0,Hectare,3120700.0,Tonnes,78805.55555555556,Matathwada,2006
Maharashtra,PARBHANI,Sugarcane,2004-05,Whole Year,8900.0,Hectare,496600.0,Tonnes,55797.752808988764,Matathwada,2004
Maharashtra,PARBHANI,Sugarcane,2005-06,Whole Year,11000.0,Hectare,740000.0,Tonnes,67272.72727272726,Matathwada,2005
Maharashtra,PARBHANI,Sugarcane,2006-07,Whole Year,20900.0,Hectare,1758300.0,Tonnes,84129.18660287082,Matathwada,2006
Maharashtra,PUNE,Sugarcane,2004-05,Whole Year,28200.0,Hectare,2361900.0,Tonnes,83755.31914893616,Madhya Maharashtra,2004
Maharashtra,PUNE,Sugarcane,2005-06,Whole Year,53800.0,Hectare,5036100.0,Tonnes,93607.80669144979,Madhya Maharashtra,2005
Maharashtra,PUNE,Sugarcane,2006-07,Whole Year,78200.0,Hectare,6872600.0,Tonnes,87884.9104859335,Madhya Maharashtra,2006
Maharashtra,SANGLI,Sugarcane,2004-05,Whole Year,31600.0,Hectare,2651500.0,Tonnes,83908.22784810126,Madhya Maharashtra,2004
Maharashtra,SANGLI,Sugarcane,2005-06,Whole Year,36800.0,Hectare,2996400.0,Tonnes,81423.91304347827,Madhya Maharashtra,2005
Maharashtra,SANGLI,Sugarcane,2006-07,Whole Year,53400.0,Hectare,4973000.0,Tonnes,93127.34082397005,Madhya Maharashtra,2006
Maharashtra,SATARA,Sugarcane,2004-05,Whole Year,23200.0,Hectare,1875300.0,Tonnes,80831.89655172414,Madhya Maharashtra,2004
Maharashtra,SATARA,Sugarcane,2005-06,Whole Year,38900.0,Hectare,3453800.0,Tonnes,88786.6323907455,Madhya Maharashtra,2005
Maharashtra,SATARA,Sugarcane,2006-07,Whole Year,53600.0,Hectare,4485400.0,Tonnes,83682.83582089552,Madhya Maharashtra,2006
Maharashtra,SOLAPUR,Sugarcane,2004-05,Whole Year,36400.0,Hectare,2632800.0,Tonnes,72329.67032967033,Madhya Maharashtra,2004
Maharashtra,SOLAPUR,Sugarcane,2005-06,Whole Year,68300.0,Hectare,5660500.0,Tonnes,82877.01317715959,Madhya Maharashtra,2005
Maharashtra,SOLAPUR,Sugarcane,2006-07,Whole Year,143600.0,Hectare,12223700.0,Tonnes,85123.2590529248,Madhya Maharashtra,2006
Maharashtra,WARDHA,Sugarcane,2004-05,Whole Year,1600.0,Hectare,72000.0,Tonnes,45000.0,Vidarbha,2004
Maharashtra,WARDHA,Sugarcane,2005-06,Whole Year,1600.0,Hectare,88500.0,Tonnes,55312.5,Vidarbha,2005
Maharashtra,WARDHA,Sugarcane,2006-07,Whole Year,3400.0,Hectare,229300.0,Tonnes,67441.17647058824,Vidarbha,2006
Maharashtra,WASHIM,Sugarcane,2004-05,Whole Year,1300.0,Hectare,88700.0,Tonnes,68230.76923076922,Vidarbha,2004
Maharashtra,WASHIM,Sugarcane,2005-06,Whole Year,300.0,Hectare,20100.0,Tonnes,67000.0,Vidarbha,2005
Maharashtra,WASHIM,Sugarcane,2006-07,Whole Year,100.0,Hectare,5000.0,Tonnes,50000.0,Vidarbha,2006
Maharashtra,YAVATMAL,Sugarcane,2004-05,Whole Year,3000.0,Hectare,199600.0,Tonnes,66533.33333333333,Vidarbha,2004
Maharashtra,YAVATMAL,Sugarcane,2005-06,Whole Year,2700.0,Hectare,192300.0,Tonnes,71222.22222222223,Vidarbha,2005
Maharashtra,YAVATMAL,Sugarcane,2006-07,Whole Year,11300.0,Hectare,717700.0,Tonnes,63513.27433628319,Vidarbha,2006
Maharashtra,AHMEDNAGAR,Sugarcane,2007-08,Whole Year,133300.0,Hectare,10432000.0,Tonnes,78259.5648912228,Madhya Maharashtra,2007
Maharashtra,AHMEDNAGAR,Sugarcane,2008-09,Whole Year,77500.0,Hectare,5564800.0,Tonnes,71803.87096774192,Madhya Maharashtra,2008
Maharashtra,AHMEDNAGAR,Sugarcane,2009-10,Whole Year,75600.0,Hectare,6339000.0,Tonnes,83849.20634920636,Madhya Maharashtra,2009
Maharashtra,AKOLA,Sugarcane,2007-08,Whole Year,300.0,Hectare,16100.0,Tonnes,53666.66666666666,Vidarbha,2007
Maharashtra,AKOLA,Sugarcane,2008-09,Whole Year,200.0,Hectare,9000.0,Tonnes,45000.0,Vidarbha,2008
Maharashtra,AKOLA,Sugarcane,2009-10,Whole Year,200.0,Hectare,15700.0,Tonnes,78500.0,Vidarbha,2009
Maharashtra,AMRAVATI,Sugarcane,2007-08,Whole Year,1200.0,Hectare,95900.0,Tonnes,79916.66666666667,Vidarbha,2007
Maharashtra,AMRAVATI,Sugarcane,2008-09,Whole Year,800.0,Hectare,43900.0,Tonnes,54875.0,Vidarbha,2008
Maharashtra,AMRAVATI,Sugarcane,2009-10,Whole Year,200.0,Hectare,14000.0,Tonnes,70000.0,Vidarbha,2009
Maharashtra,AURANGABAD,Sugarcane,2007-08,Whole Year,34300.0,Hectare,2711500.0,Tonnes,79052.47813411079,Matathwada,2007
Maharashtra,AURANGABAD,Sugarcane,2008-09,Whole Year,17500.0,Hectare,1315700.0,Tonnes,75182.85714285714,Matathwada,2008
Maharashtra,AURANGABAD,Sugarcane,2009-10,Whole Year,13600.0,Hectare,1154500.0,Tonnes,84889.70588235294,Matathwada,2009
Maharashtra,BEED,Sugarcane,2007-08,Whole Year,74000.0,Hectare,6497900.0,Tonnes,87809.45945945947,Matathwada,2007
Maharashtra,BEED,Sugarcane,2008-09,Whole Year,44400.0,Hectare,4065400.0,Tonnes,91563.06306306308,Matathwada,2008
Maharashtra,BEED,Sugarcane,2009-10,Whole Year,43200.0,Hectare,3195300.0,Tonnes,73965.27777777777,Matathwada,2009
Maharashtra,BHANDARA,Sugarcane,2007-08,Whole Year,1800.0,Hectare,84600.0,Tonnes,47000.0,Vidarbha,2007
Maharashtra,BHANDARA,Sugarcane,2008-09,Whole Year,2500.0,Hectare,114900.0,Tonnes,45960.0,Vidarbha,2008
Maharashtra,BHANDARA,Sugarcane,2009-10,Whole Year,1200.0,Hectare,54900.0,Tonnes,45750.0,Vidarbha,2009
Maharashtra,BULDHANA,Sugarcane,2007-08,Whole Year,2800.0,Hectare,165300.0,Tonnes,59035.71428571428,Vidarbha,2007
Maharashtra,BULDHANA,Sugarcane,2008-09,Whole Year,2200.0,Hectare,122900.0,Tonnes,55863.63636363637,Vidarbha,2008
Maharashtra,BULDHANA,Sugarcane,2009-10,Whole Year,1400.0,Hectare,97400.0,Tonnes,69571.42857142857,Vidarbha,2009
Maharashtra,DHULE,Sugarcane,2007-08,Whole Year,12800.0,Hectare,820100.0,Tonnes,64070.3125,Madhya Maharashtra,2007
Maharashtra,DHULE,Sugarcane,2008-09,Whole Year,7900.0,Hectare,442800.0,Tonnes,56050.63291139241,Madhya Maharashtra,2008
Maharashtra,DHULE,Sugarcane,2009-10,Whole Year,4600.0,Hectare,350400.0,Tonnes,76173.91304347827,Madhya Maharashtra,2009
Maharashtra,GONDIA,Sugarcane,2007-08,Whole Year,400.0,Hectare,26900.0,Tonnes,67250.0,Vidarbha,2007
Maharashtra,GONDIA,Sugarcane,2008-09,Whole Year,400.0,Hectare,17800.0,Tonnes,44500.0,Vidarbha,2008
Maharashtra,GONDIA,Sugarcane,2009-10,Whole Year,300.0,Hectare,23800.0,Tonnes,79333.33333333333,Vidarbha,2009
Maharashtra,HINGOLI,Sugarcane,2007-08,Whole Year,17700.0,Hectare,1159300.0,Tonnes,65497.17514124294,Matathwada,2007
Maharashtra,HINGOLI,Sugarcane,2009-10,Whole Year,7900.0,Hectare,469500.0,Tonnes,59430.37974683544,Matathwada,2009
Maharashtra,JALGAON,Sugarcane,2007-08,Whole Year,22400.0,Hectare,1488400.0,Tonnes,66446.42857142857,Madhya Maharashtra,2007
Maharashtra,JALGAON,Sugarcane,2008-09,Whole Year,11700.0,Hectare,764800.0,Tonnes,65367.52136752136,Madhya Maharashtra,2008
Maharashtra,JALGAON,Sugarcane,2009-10,Whole Year,9600.0,Hectare,675400.0,Tonnes,70354.16666666667,Madhya Maharashtra,2009
Maharashtra,JALNA,Sugarcane,2007-08,Whole Year,25100.0,Hectare,1901400.0,Tonnes,75752.98804780877,Matathwada,2007
Maharashtra,JALNA,Sugarcane,2008-09,Whole Year,20400.0,Hectare,1452400.0,Tonnes,71196.07843137256,Matathwada,2008
Maharashtra,JALNA,Sugarcane,2009-10,Whole Year,18200.0,Hectare,1693700.0,Tonnes,93060.43956043957,Matathwada,2009
Maharashtra,KOLHAPUR,Sugarcane,2007-08,Whole Year,113900.0,Hectare,9742600.0,Tonnes,85536.43546971027,Madhya Maharashtra,2007
Maharashtra,KOLHAPUR,Sugarcane,2008-09,Whole Year,102500.0,Hectare,8461300.0,Tonnes,82549.26829268293,Madhya Maharashtra,2008
Maharashtra,KOLHAPUR,Sugarcane,2009-10,Whole Year,112700.0,Hectare,9810000.0,Tonnes,87045.25288376221,Madhya Maharashtra,2009
Maharashtra,LATUR,Sugarcane,2007-08,Whole Year,67900.0,Hectare,4269800.0,Tonnes,62883.65243004418,Matathwada,2007
Maharashtra,LATUR,Sugarcane,2008-09,Whole Year,38400.0,Hectare,2074600.0,Tonnes,54026.04166666666,Matathwada,2008
Maharashtra,LATUR,Sugarcane,2009-10,Whole Year,39900.0,Hectare,3031400.0,Tonnes,75974.9373433584,Matathwada,2009
Maharashtra,NAGPUR,Sugarcane,2007-08,Whole Year,300.0,Hectare,22900.0,Tonnes,76333.33333333333,Vidarbha,2007
Maharashtra,NAGPUR,Sugarcane,2008-09,Whole Year,200.0,Hectare,11500.0,Tonnes,57500.0,Vidarbha,2008
Maharashtra,NAGPUR,Sugarcane,2009-10,Whole Year,200.0,Hectare,14100.0,Tonnes,70500.0,Vidarbha,2009
Maharashtra,NANDED,Sugarcane,2007-08,Whole Year,33800.0,Hectare,2298500.0,Tonnes,68002.95857988166,Matathwada,2007
Maharashtra,NANDED,Sugarcane,2008-09,Whole Year,19200.0,Hectare,1113900.0,Tonnes,58015.625,Matathwada,2008
Maharashtra,NANDED,Sugarcane,2009-10,Whole Year,12900.0,Hectare,621300.0,Tonnes,48162.79069767442,Matathwada,2009
Maharashtra,NANDURBAR,Sugarcane,2007-08,Whole Year,24300.0,Hectare,1794200.0,Tonnes,73835.39094650206,Madhya Maharashtra,2007
Maharashtra,NANDURBAR,Sugarcane,2008-09,Whole Year,11000.0,Hectare,810900.0,Tonnes,73718.18181818182,Madhya Maharashtra,2008
Maharashtra,NANDURBAR,Sugarcane,2009-10,Whole Year,9700.0,Hectare,675400.0,Tonnes,69628.86597938144,Madhya Maharashtra,2009
Maharashtra,NASHIK,Sugarcane,2007-08,Whole Year,50200.0,Hectare,4306300.0,Tonnes,85782.86852589643,Madhya Maharashtra,2007
Maharashtra,NASHIK,Sugarcane,2008-09,Whole Year,38300.0,Hectare,2674400.0,Tonnes,69827.67624020888,Madhya Maharashtra,2008
Maharashtra,NASHIK,Sugarcane,2009-10,Whole Year,31100.0,Hectare,2268100.0,Tonnes,72929.26045016077,Madhya Maharashtra,2009
Maharashtra,OSMANABAD,Sugarcane,2007-08,Whole Year,53800.0,Hectare,3586100.0,Tonnes,66656.13382899629,Matathwada,2007
Maharashtra,OSMANABAD,Sugarcane,2008-09,Whole Year,35700.0,Hectare,2354500.0,Tonnes,65952.38095238095,Matathwada,2008
Maharashtra,OSMANABAD,Sugarcane,2009-10,Whole Year,38200.0,Hectare,3192200.0,Tonnes,83565.44502617801,Matathwada,2009
Maharashtra,PARBHANI,Sugarcane,2007-08,Whole Year,18900.0,Hectare,1445800.0,Tonnes,76497.35449735449,Matathwada,2007
Maharashtra,PARBHANI,Sugarcane,2008-09,Whole Year,12300.0,Hectare,939400.0,Tonnes,76373.9837398374,Matathwada,2008
Maharashtra,PARBHANI,Sugarcane,2009-10,Whole Year,11000.0,Hectare,856600.0,Tonnes,77872.72727272728,Matathwada,2009
Maharashtra,SANGLI,Sugarcane,2008-09,Whole Year,55400.0,Hectare,5037100.0,Tonnes,90922.38267148017,Madhya Maharashtra,2008
Maharashtra,SANGLI,Sugarcane,2009-10,Whole Year,63200.0,Hectare,5419700.0,Tonnes,85754.74683544305,Madhya Maharashtra,2009
Maharashtra,SATARA,Sugarcane,2007-08,Whole Year,60800.0,Hectare,5135600.0,Tonnes,84467.1052631579,Madhya Maharashtra,2007
Maharashtra,SATARA,Sugarcane,2008-09,Whole Year,50400.0,Hectare,4230000.0,Tonnes,83928.57142857143,Madhya Maharashtra,2008
Maharashtra,SATARA,Sugarcane,2009-10,Whole Year,53800.0,Hectare,4812200.0,Tonnes,89446.0966542751,Madhya Maharashtra,2009
Maharashtra,SOLAPUR,Sugarcane,2007-08,Whole Year,154500.0,Hectare,12247900.0,Tonnes,79274.43365695793,Madhya Maharashtra,2007
Maharashtra,SOLAPUR,Sugarcane,2008-09,Whole Year,117500.0,Hectare,9954400.0,Tonnes,84718.29787234042,Madhya Maharashtra,2008
Maharashtra,SOLAPUR,Sugarcane,2009-10,Whole Year,107300.0,Hectare,9932600.0,Tonnes,92568.49953401678,Madhya Maharashtra,2009
Maharashtra,WARDHA,Sugarcane,2007-08,Whole Year,5500.0,Hectare,319200.0,Tonnes,58036.36363636364,Vidarbha,2007
Maharashtra,WARDHA,Sugarcane,2008-09,Whole Year,1900.0,Hectare,72300.0,Tonnes,38052.63157894737,Vidarbha,2008
Maharashtra,WARDHA,Sugarcane,2009-10,Whole Year,1800.0,Hectare,148600.0,Tonnes,82555.55555555556,Vidarbha,2009
Maharashtra,WASHIM,Sugarcane,2007-08,Whole Year,600.0,Hectare,48600.0,Tonnes,81000.0,Vidarbha,2007
Maharashtra,WASHIM,Sugarcane,2008-09,Whole Year,100.0,Hectare,6500.0,Tonnes,65000.0,Vidarbha,2008
Maharashtra,WASHIM,Sugarcane,2009-10,Whole Year,200.0,Hectare,14200.0,Tonnes,71000.0,Vidarbha,2009
Maharashtra,YAVATMAL,Sugarcane,2007-08,Whole Year,13300.0,Hectare,1112600.0,Tonnes,83654.13533834586,Vidarbha,2007
Maharashtra,YAVATMAL,Sugarcane,2008-09,Whole Year,6300.0,Hectare,357300.0,Tonnes,56714.285714285725,Vidarbha,2008
Maharashtra,YAVATMAL,Sugarcane,2009-10,Whole Year,2300.0,Hectare,167200.0,Tonnes,72695.65217391304,Vidarbha,2009
Maharashtra,AHMEDNAGAR,Sugarcane,2010-11,Whole Year,126000.0,Hectare,11516400.0,Tonnes,91400.0,Madhya Maharashtra,2010
Maharashtra,AHMEDNAGAR,Sugarcane,2011-12,Whole Year,129500.0,Hectare,11879200.0,Tonnes,91731.27413127411,Madhya Maharashtra,2011
Maharashtra,AHMEDNAGAR,Sugarcane,2012-13,Whole Year,115500.0,Hectare,8235700.0,Tonnes,71304.76190476191,Madhya Maharashtra,2012
Maharashtra,AKOLA,Sugarcane,2010-11,Whole Year,300.0,Hectare,20000.0,Tonnes,66666.66666666667,Vidarbha,2010
Maharashtra,AKOLA,Sugarcane,2011-12,Whole Year,100.0,Hectare,6300.0,Tonnes,63000.0,Vidarbha,2011
Maharashtra,AMRAVATI,Sugarcane,2010-11,Whole Year,300.0,Hectare,20700.0,Tonnes,69000.0,Vidarbha,2010
Maharashtra,AMRAVATI,Sugarcane,2011-12,Whole Year,400.0,Hectare,28700.0,Tonnes,71750.0,Vidarbha,2011
Maharashtra,AMRAVATI,Sugarcane,2012-13,Whole Year,300.0,Hectare,16700.0,Tonnes,55666.66666666666,Vidarbha,2012
Maharashtra,AURANGABAD,Sugarcane,2010-11,Whole Year,23300.0,Hectare,1959500.0,Tonnes,84098.71244635193,Matathwada,2010
Maharashtra,AURANGABAD,Sugarcane,2011-12,Whole Year,20100.0,Hectare,1705200.0,Tonnes,84835.82089552238,Matathwada,2011
Maharashtra,AURANGABAD,Sugarcane,2012-13,Whole Year,14800.0,Hectare,630900.0,Tonnes,42628.37837837838,Matathwada,2012
Maharashtra,BEED,Sugarcane,2010-11,Whole Year,58800.0,Hectare,3874900.0,Tonnes,65899.65986394558,Matathwada,2010
Maharashtra,BEED,Sugarcane,2011-12,Whole Year,53600.0,Hectare,3487500.0,Tonnes,65065.298507462685,Matathwada,2011
Maharashtra,BEED,Sugarcane,2012-13,Whole Year,51400.0,Hectare,2817000.0,Tonnes,54805.44747081712,Matathwada,2012
Maharashtra,BHANDARA,Sugarcane,2010-11,Whole Year,1100.0,Hectare,59600.0,Tonnes,54181.81818181818,Vidarbha,2010
Maharashtra,BHANDARA,Sugarcane,2011-12,Whole Year,3000.0,Hectare,231700.0,Tonnes,77233.33333333333,Vidarbha,2011
Maharashtra,BHANDARA,Sugarcane,2012-13,Whole Year,2900.0,Hectare,191300.0,Tonnes,65965.51724137932,Vidarbha,2012
Maharashtra,BULDHANA,Sugarcane,2010-11,Whole Year,1000.0,Hectare,61000.0,Tonnes,61000.0,Vidarbha,2010
Maharashtra,BULDHANA,Sugarcane,2011-12,Whole Year,300.0,Hectare,17500.0,Tonnes,58333.333333333336,Vidarbha,2011
Maharashtra,BULDHANA,Sugarcane,2012-13,Whole Year,100.0,Hectare,4400.0,Tonnes,44000.0,Vidarbha,2012
Maharashtra,DHULE,Sugarcane,2010-11,Whole Year,5300.0,Hectare,442600.0,Tonnes,83509.43396226416,Madhya Maharashtra,2010
Maharashtra,DHULE,Sugarcane,2011-12,Whole Year,5200.0,Hectare,359600.0,Tonnes,69153.84615384616,Madhya Maharashtra,2011
Maharashtra,DHULE,Sugarcane,2012-13,Whole Year,5300.0,Hectare,434100.0,Tonnes,81905.6603773585,Madhya Maharashtra,2012
Maharashtra,GONDIA,Sugarcane,2010-11,Whole Year,400.0,Hectare,21600.0,Tonnes,54000.0,Vidarbha,2010
Maharashtra,GONDIA,Sugarcane,2011-12,Whole Year,400.0,Hectare,25400.0,Tonnes,63500.0,Vidarbha,2011
Maharashtra,GONDIA,Sugarcane,2012-13,Whole Year,200.0,Hectare,16600.0,Tonnes,83000.0,Vidarbha,2012
Maharashtra,HINGOLI,Sugarcane,2010-11,Whole Year,4600.0,Hectare,303600.0,Tonnes,66000.0,Matathwada,2010
Maharashtra,HINGOLI,Sugarcane,2011-12,Whole Year,8400.0,Hectare,556800.0,Tonnes,66285.71428571429,Matathwada,2011
Maharashtra,HINGOLI,Sugarcane,2012-13,Whole Year,9000.0,Hectare,678500.0,Tonnes,75388.88888888889,Matathwada,2012
Maharashtra,JALGAON,Sugarcane,2010-11,Whole Year,11200.0,Hectare,877000.0,Tonnes,78303.57142857143,Madhya Maharashtra,2010
Maharashtra,JALGAON,Sugarcane,2011-12,Whole Year,11200.0,Hectare,820000.0,Tonnes,73214.28571428571,Madhya Maharashtra,2011
Maharashtra,JALGAON,Sugarcane,2012-13,Whole Year,11000.0,Hectare,759100.0,Tonnes,69009.09090909091,Madhya Maharashtra,2012
Maharashtra,JALNA,Sugarcane,2010-11,Whole Year,19300.0,Hectare,1192700.0,Tonnes,61797.9274611399,Matathwada,2010
Maharashtra,JALNA,Sugarcane,2011-12,Whole Year,18700.0,Hectare,1306400.0,Tonnes,69860.96256684492,Matathwada,2011
Maharashtra,JALNA,Sugarcane,2012-13,Whole Year,12800.0,Hectare,802600.0,Tonnes,62703.125,Matathwada,2012
Maharashtra,KOLHAPUR,Sugarcane,2010-11,Whole Year,139900.0,Hectare,12591000.0,Tonnes,90000.0,Madhya Maharashtra,2010
Maharashtra,KOLHAPUR,Sugarcane,2011-12,Whole Year,146100.0,Hectare,12847200.0,Tonnes,87934.29158110882,Madhya Maharashtra,2011
Maharashtra,LATUR,Sugarcane,2010-11,Whole Year,33000.0,Hectare,2263800.0,Tonnes,68600.0,Matathwada,2010
Maharashtra,LATUR,Sugarcane,2011-12,Whole Year,42900.0,Hectare,3113200.0,Tonnes,72568.76456876457,Matathwada,2011
Maharashtra,LATUR,Sugarcane,2012-13,Whole Year,46400.0,Hectare,3051100.0,Tonnes,65756.46551724138,Matathwada,2012
Maharashtra,NAGPUR,Sugarcane,2011-12,Whole Year,700.0,Hectare,48000.0,Tonnes,68571.42857142857,Vidarbha,2011
Maharashtra,NAGPUR,Sugarcane,2012-13,Whole Year,300.0,Hectare,22100.0,Tonnes,73666.66666666667,Vidarbha,2012
Maharashtra,NANDED,Sugarcane,2010-11,Whole Year,13700.0,Hectare,827500.0,Tonnes,60401.459854014596,Matathwada,2010
Maharashtra,NANDED,Sugarcane,2011-12,Whole Year,23900.0,Hectare,1752000.0,Tonnes,73305.43933054393,Matathwada,2011
Maharashtra,NANDED,Sugarcane,2012-13,Whole Year,12800.0,Hectare,1047900.0,Tonnes,81867.1875,Matathwada,2012
Maharashtra,NANDURBAR,Sugarcane,2010-11,Whole Year,10200.0,Hectare,738500.0,Tonnes,72401.96078431373,Madhya Maharashtra,2010
Maharashtra,NANDURBAR,Sugarcane,2011-12,Whole Year,8300.0,Hectare,778700.0,Tonnes,93819.27710843374,Madhya Maharashtra,2011
Maharashtra,NANDURBAR,Sugarcane,2012-13,Whole Year,10800.0,Hectare,794000.0,Tonnes,73518.51851851853,Madhya Maharashtra,2012
Maharashtra,NASHIK,Sugarcane,2010-11,Whole Year,25700.0,Hectare,1989200.0,Tonnes,77400.77821011672,Madhya Maharashtra,2010
Maharashtra,NASHIK,Sugarcane,2011-12,Whole Year,24600.0,Hectare,1861200.0,Tonnes,75658.53658536586,Madhya Maharashtra,2011
Maharashtra,NASHIK,Sugarcane,2012-13,Whole Year,24600.0,Hectare,1863900.0,Tonnes,75768.29268292683,Madhya Maharashtra,2012
Maharashtra,OSMANABAD,Sugarcane,2010-11,Whole Year,43200.0,Hectare,3175200.0,Tonnes,73500.0,Matathwada,2010
Maharashtra,OSMANABAD,Sugarcane,2011-12,Whole Year,54500.0,Hectare,3663100.0,Tonnes,67212.84403669725,Matathwada,2011
Maharashtra,OSMANABAD,Sugarcane,2012-13,Whole Year,52200.0,Hectare,2233500.0,Tonnes,42787.35632183908,Matathwada,2012
Maharashtra,PARBHANI,Sugarcane,2010-11,Whole Year,15500.0,Hectare,1415200.0,Tonnes,91303.22580645159,Matathwada,2010
Maharashtra,PARBHANI,Sugarcane,2011-12,Whole Year,17200.0,Hectare,1166200.0,Tonnes,67802.32558139536,Matathwada,2011
Maharashtra,PARBHANI,Sugarcane,2012-13,Whole Year,17000.0,Hectare,1212400.0,Tonnes,71317.64705882352,Matathwada,2012
Maharashtra,SATARA,Sugarcane,2010-11,Whole Year,74000.0,Hectare,6963400.0,Tonnes,94100.0,Madhya Maharashtra,2010
Maharashtra,SATARA,Sugarcane,2012-13,Whole Year,59800.0,Hectare,5577700.0,Tonnes,93272.57525083613,Madhya Maharashtra,2012
Maharashtra,SOLAPUR,Sugarcane,2011-12,Whole Year,173400.0,Hectare,15936200.0,Tonnes,91904.26758938869,Madhya Maharashtra,2011
Maharashtra,SOLAPUR,Sugarcane,2012-13,Whole Year,144200.0,Hectare,9716600.0,Tonnes,67382.80166435505,Madhya Maharashtra,2012
Maharashtra,WARDHA,Sugarcane,2010-11,Whole Year,2000.0,Hectare,136800.0,Tonnes,68400.0,Vidarbha,2010
Maharashtra,WARDHA,Sugarcane,2011-12,Whole Year,3700.0,Hectare,244300.0,Tonnes,66027.02702702703,Vidarbha,2011
Maharashtra,WARDHA,Sugarcane,2012-13,Whole Year,2100.0,Hectare,180200.0,Tonnes,85809.52380952382,Vidarbha,2012
Maharashtra,WASHIM,Sugarcane,2011-12,Whole Year,100.0,Hectare,7600.0,Tonnes,76000.0,Vidarbha,2011
Maharashtra,YAVATMAL,Sugarcane,2010-11,Whole Year,4500.0,Hectare,300600.0,Tonnes,66800.0,Vidarbha,2010
Maharashtra,YAVATMAL,Sugarcane,2011-12,Whole Year,4700.0,Hectare,330500.0,Tonnes,70319.14893617021,Vidarbha,2011
Maharashtra,YAVATMAL,Sugarcane,2012-13,Whole Year,4200.0,Hectare,355100.0,Tonnes,84547.61904761905,Vidarbha,2012
Maharashtra,AHMEDNAGAR,Sugarcane,2013-14,Whole Year,110800.0,Hectare,9643600.0,Tonnes,87036.1010830325,Madhya Maharashtra,2013
Maharashtra,AHMEDNAGAR,Sugarcane,2015-16,Whole Year,112400.0,Hectare,6607100.0,Tonnes,58782.02846975089,Madhya Maharashtra,2015
Maharashtra,AKOLA,Sugarcane,2015-16,Whole Year,100.0,Hectare,6900.0,Tonnes,69000.0,Vidarbha,2015
Maharashtra,AMRAVATI,Sugarcane,2013-14,Whole Year,300.0,Hectare,21700.0,Tonnes,72333.33333333333,Vidarbha,2013
Maharashtra,AMRAVATI,Sugarcane,2014-15,Whole Year,400.0,Hectare,16100.0,Tonnes,40250.0,Vidarbha,2014
Maharashtra,AMRAVATI,Sugarcane,2015-16,Whole Year,300.0,Hectare,15900.0,Tonnes,53000.0,Vidarbha,2015
Maharashtra,AURANGABAD,Sugarcane,2013-14,Whole Year,14600.0,Hectare,1170600.0,Tonnes,80178.08219178082,Matathwada,2013
Maharashtra,AURANGABAD,Sugarcane,2014-15,Whole Year,13900.0,Hectare,932200.0,Tonnes,67064.74820143885,Matathwada,2014
Maharashtra,AURANGABAD,Sugarcane,2015-16,Whole Year,15300.0,Hectare,670700.0,Tonnes,43836.60130718954,Matathwada,2015
Maharashtra,BEED,Sugarcane,2013-14,Whole Year,46000.0,Hectare,2567300.0,Tonnes,55810.869565217385,Matathwada,2013
Maharashtra,BEED,Sugarcane,2014-15,Whole Year,37600.0,Hectare,1723500.0,Tonnes,45837.765957446805,Matathwada,2014
Maharashtra,BHANDARA,Sugarcane,2013-14,Whole Year,600.0,Hectare,36100.0,Tonnes,60166.66666666666,Vidarbha,2013
Maharashtra,BHANDARA,Sugarcane,2014-15,Whole Year,6700.0,Hectare,490800.0,Tonnes,73253.73134328358,Vidarbha,2014
Maharashtra,BHANDARA,Sugarcane,2015-16,Whole Year,4400.0,Hectare,294500.0,Tonnes,66931.81818181819,Vidarbha,2015
Maharashtra,BULDHANA,Sugarcane,2013-14,Whole Year,100.0,Hectare,8100.0,Tonnes,81000.0,Vidarbha,2013
Maharashtra,BULDHANA,Sugarcane,2014-15,Whole Year,300.0,Hectare,18700.0,Tonnes,62333.333333333336,Vidarbha,2014
Maharashtra,BULDHANA,Sugarcane,2015-16,Whole Year,300.0,Hectare,15000.0,Tonnes,50000.0,Vidarbha,2015
Maharashtra,CHANDRAPUR,Sugarcane,2014-15,Whole Year,100.0,Hectare,9000.0,Tonnes,90000.0,Vidarbha,2014
Maharashtra,CHANDRAPUR,Sugarcane,2015-16,Whole Year,100.0,Hectare,6900.0,Tonnes,69000.0,Vidarbha,2015
Maharashtra,DHULE,Sugarcane,2013-14,Whole Year,6500.0,Hectare,536900.0,Tonnes,82600.0,Madhya Maharashtra,2013
Maharashtra,DHULE,Sugarcane,2014-15,Whole Year,7000.0,Hectare,438400.0,Tonnes,62628.571428571435,Madhya Maharashtra,2014
Maharashtra,DHULE,Sugarcane,2015-16,Whole Year,2100.0,Hectare,154000.0,Tonnes,73333.33333333333,Madhya Maharashtra,2015
Maharashtra,GADCHIROLI,Sugarcane,2015-16,Whole Year,100.0,Hectare,4600.0,Tonnes,46000.0,Vidarbha,2015
Maharashtra,GONDIA,Sugarcane,2013-14,Whole Year,300.0,Hectare,21500.0,Tonnes,71666.66666666667,Vidarbha,2013
Maharashtra,GONDIA,Sugarcane,2014-15,Whole Year,1500.0,Hectare,97000.0,Tonnes,64666.66666666667,Vidarbha,2014
Maharashtra,GONDIA,Sugarcane,2015-16,Whole Year,1000.0,Hectare,57700.0,Tonnes,57700.0,Vidarbha,2015
Maharashtra,HINGOLI,Sugarcane,2013-14,Whole Year,7200.0,Hectare,516500.0,Tonnes,71736.11111111111,Matathwada,2013
Maharashtra,HINGOLI,Sugarcane,2014-15,Whole Year,15200.0,Hectare,855700.0,Tonnes,56296.052631578954,Matathwada,2014
Maharashtra,JALGAON,Sugarcane,2013-14,Whole Year,11700.0,Hectare,883200.0,Tonnes,75487.17948717948,Madhya Maharashtra,2013
Maharashtra,JALGAON,Sugarcane,2014-15,Whole Year,7900.0,Hectare,553600.0,Tonnes,70075.94936708861,Madhya Maharashtra,2014
Maharashtra,JALGAON,Sugarcane,2015-16,Whole Year,10000.0,Hectare,776600.0,Tonnes,77660.0,Madhya Maharashtra,2015
Maharashtra,JALNA,Sugarcane,2013-14,Whole Year,13500.0,Hectare,972300.0,Tonnes,72022.22222222222,Matathwada,2013
Maharashtra,JALNA,Sugarcane,2014-15,Whole Year,21100.0,Hectare,1007500.0,Tonnes,47748.815165876775,Matathwada,2014
Maharashtra,JALNA,Sugarcane,2015-16,Whole Year,26100.0,Hectare,1334100.0,Tonnes,51114.942528735635,Matathwada,2015
Maharashtra,KOLHAPUR,Sugarcane,2015-16,Whole Year,145300.0,Hectare,13097700.0,Tonnes,90142.46386785961,Madhya Maharashtra,2015
Maharashtra,LATUR,Sugarcane,2013-14,Whole Year,41500.0,Hectare,2902800.0,Tonnes,69946.98795180723,Matathwada,2013
Maharashtra,LATUR,Sugarcane,2014-15,Whole Year,46400.0,Hectare,2354600.0,Tonnes,50745.68965517241,Matathwada,2014
Maharashtra,NAGPUR,Sugarcane,2013-14,Whole Year,300.0,Hectare,20000.0,Tonnes,66666.66666666667,Vidarbha,2013
Maharashtra,NAGPUR,Sugarcane,2014-15,Whole Year,3800.0,Hectare,258500.0,Tonnes,68026.31578947368,Vidarbha,2014
Maharashtra,NAGPUR,Sugarcane,2015-16,Whole Year,4400.0,Hectare,296500.0,Tonnes,67386.36363636365,Vidarbha,2015
Maharashtra,NANDED,Sugarcane,2013-14,Whole Year,12200.0,Hectare,1020700.0,Tonnes,83663.9344262295,Matathwada,2013
Maharashtra,NANDED,Sugarcane,2014-15,Whole Year,18800.0,Hectare,1113200.0,Tonnes,59212.765957446805,Matathwada,2014
Maharashtra,NANDURBAR,Sugarcane,2013-14,Whole Year,10800.0,Hectare,832600.0,Tonnes,77092.5925925926,Madhya Maharashtra,2013
Maharashtra,NANDURBAR,Sugarcane,2014-15,Whole Year,8000.0,Hectare,633800.0,Tonnes,79225.0,Madhya Maharashtra,2014
Maharashtra,NANDURBAR,Sugarcane,2015-16,Whole Year,14100.0,Hectare,1044800.0,Tonnes,74099.29078014185,Madhya Maharashtra,2015
Maharashtra,NASHIK,Sugarcane,2013-14,Whole Year,21000.0,Hectare,1786500.0,Tonnes,85071.42857142857,Madhya Maharashtra,2013
Maharashtra,NASHIK,Sugarcane,2014-15,Whole Year,16800.0,Hectare,1384200.0,Tonnes,82392.85714285714,Madhya Maharashtra,2014
Maharashtra,NASHIK,Sugarcane,2015-16,Whole Year,19000.0,Hectare,1531200.0,Tonnes,80589.47368421053,Madhya Maharashtra,2015
Maharashtra,OSMANABAD,Sugarcane,2013-14,Whole Year,68900.0,Hectare,3175200.0,Tonnes,46084.17997097242,Matathwada,2013
Maharashtra,OSMANABAD,Sugarcane,2014-15,Whole Year,39800.0,Hectare,1592200.0,Tonnes,40005.02512562814,Matathwada,2014
Maharashtra,PARBHANI,Sugarcane,2013-14,Whole Year,35900.0,Hectare,2549700.0,Tonnes,71022.28412256268,Matathwada,2013
Maharashtra,PARBHANI,Sugarcane,2014-15,Whole Year,26600.0,Hectare,1577200.0,Tonnes,59293.23308270677,Matathwada,2014
Maharashtra,SINDHUDURG,Sugarcane,2013-14,Whole Year,1100.0,Hectare,96700.0,Tonnes,87909.09090909091,Konkan & Goa,2013
Maharashtra,SINDHUDURG,Sugarcane,2015-16,Whole Year,1400.0,Hectare,108300.0,Tonnes,77357.14285714286,Konkan & Goa,2015
Maharashtra,SOLAPUR,Sugarcane,2013-14,Whole Year,122600.0,Hectare,10488200.0,Tonnes,85548.12398042413,Madhya Maharashtra,2013
Maharashtra,SOLAPUR,Sugarcane,2015-16,Whole Year,183100.0,Hectare,10964400.0,Tonnes,59882.03167667941,Madhya Maharashtra,2015
Maharashtra,WARDHA,Sugarcane,2013-14,Whole Year,3200.0,Hectare,187500.0,Tonnes,58593.75,Vidarbha,2013
Maharashtra,WARDHA,Sugarcane,2014-15,Whole Year,3100.0,Hectare,201800.0,Tonnes,65096.77419354839,Vidarbha,2014
Maharashtra,WARDHA,Sugarcane,2015-16,Whole Year,3100.0,Hectare,214700.0,Tonnes,69258.06451612904,Vidarbha,2015
Maharashtra,YAVATMAL,Sugarcane,2013-14,Whole Year,6500.0,Hectare,490700.0,Tonnes,75492.30769230769,Vidarbha,2013
Maharashtra,YAVATMAL,Sugarcane,2014-15,Whole Year,8100.0,Hectare,553700.0,Tonnes,68358.02469135802,Vidarbha,2014
Maharashtra,YAVATMAL,Sugarcane,2015-16,Whole Year,13600.0,Hectare,908400.0,Tonnes,66794.11764705883,Vidarbha,2015
Maharashtra,AHMEDNAGAR,Sugarcane,2016-17,Whole Year,60972.0,Hectare,4181400.0,Tonnes,68579.01987797678,Madhya Maharashtra,2016
Maharashtra,AKOLA,Sugarcane,2016-17,Whole Year,65.0,Hectare,3700.0,Tonnes,56923.07692307692,Vidarbha,2016
Maharashtra,AKOLA,Sugarcane,2017-18,Whole Year,45.0,Hectare,2300.0,Tonnes,51111.111111111124,Vidarbha,2017
Maharashtra,AKOLA,Sugarcane,2018-19,Whole Year,20.0,Hectare,1000.0,Tonnes,50000.0,Vidarbha,2018
Maharashtra,AMRAVATI,Sugarcane,2017-18,Whole Year,121.0,Hectare,4800.0,Tonnes,39669.42148760331,Vidarbha,2017
Maharashtra,AMRAVATI,Sugarcane,2018-19,Whole Year,254.0,Hectare,14478.0,Tonnes,57000.0,Vidarbha,2018
Maharashtra,AURANGABAD,Sugarcane,2016-17,Whole Year,14644.0,Hectare,873100.0,Tonnes,59621.68806337066,Matathwada,2016
Maharashtra,AURANGABAD,Sugarcane,2017-18,Whole Year,21325.0,Hectare,1172900.0,Tonnes,55001.17233294255,Matathwada,2017
Maharashtra,AURANGABAD,Sugarcane,2018-19,Whole Year,26337.0,Hectare,1327730.0,Tonnes,50413.107035729205,Matathwada,2018
Maharashtra,BEED,Sugarcane,2016-17,Whole Year,12292.0,Hectare,495900.0,Tonnes,40343.312723722745,Matathwada,2016
Maharashtra,BEED,Sugarcane,2017-18,Whole Year,36050.0,Hectare,2072850.0,Tonnes,57499.306518724,Matathwada,2017
Maharashtra,BHANDARA,Sugarcane,2016-17,Whole Year,4210.0,Hectare,285300.0,Tonnes,67767.22090261283,Vidarbha,2016
Maharashtra,BHANDARA,Sugarcane,2017-18,Whole Year,3574.0,Hectare,232300.0,Tonnes,64997.202014549526,Vidarbha,2017
Maharashtra,BHANDARA,Sugarcane,2018-19,Whole Year,4208.0,Hectare,282104.0,Tonnes,67039.92395437263,Vidarbha,2018
Maharashtra,BULDHANA,Sugarcane,2016-17,Whole Year,535.0,Hectare,35700.0,Tonnes,66728.97196261682,Vidarbha,2016
Maharashtra,BULDHANA,Sugarcane,2017-18,Whole Year,257.0,Hectare,12900.0,Tonnes,50194.55252918288,Vidarbha,2017
Maharashtra,BULDHANA,Sugarcane,2018-19,Whole Year,311.0,Hectare,13994.999999999998,Tonnes,44999.99999999999,Vidarbha,2018
Maharashtra,CHANDRAPUR,Sugarcane,2016-17,Whole Year,50.0,Hectare,2000.0,Tonnes,40000.0,Vidarbha,2016
Maharashtra,CHANDRAPUR,Sugarcane,2017-18,Whole Year,26.0,Hectare,1300.0,Tonnes,50000.0,Vidarbha,2017
Maharashtra,CHANDRAPUR,Sugarcane,2018-19,Whole Year,64.0,Hectare,3840.0,Tonnes,60000.0,Vidarbha,2018
Maharashtra,DHULE,Sugarcane,2017-18,Whole Year,2501.0,Hectare,199200.0,Tonnes,79648.14074370252,Madhya Maharashtra,2017
Maharashtra,DHULE,Sugarcane,2018-19,Whole Year,2924.0,Hectare,204680.0,Tonnes,70000.0,Madhya Maharashtra,2018
Maharashtra,GADCHIROLI,Sugarcane,2018-19,Whole Year,15.0,Hectare,1009.0,Tonnes,67266.66666666667,Vidarbha,2018
Maharashtra,GONDIA,Sugarcane,2016-17,Whole Year,667.0,Hectare,28300.0,Tonnes,42428.785607196405,Vidarbha,2016
Maharashtra,GONDIA,Sugarcane,2017-18,Whole Year,1129.0,Hectare,45200.0,Tonnes,40035.42958370239,Vidarbha,2017
Maharashtra,GONDIA,Sugarcane,2018-19,Whole Year,1528.0,Hectare,102812.0,Tonnes,67285.34031413612,Vidarbha,2018
Maharashtra,HINGOLI,Sugarcane,2016-17,Whole Year,5000.0,Hectare,312700.0,Tonnes,62540.0,Matathwada,2016
Maharashtra,HINGOLI,Sugarcane,2018-19,Whole Year,11200.0,Hectare,784000.0,Tonnes,70000.0,Matathwada,2018
Maharashtra,JALGAON,Sugarcane,2016-17,Whole Year,9163.0,Hectare,845900.0,Tonnes,92316.92677070828,Madhya Maharashtra,2016
Maharashtra,JALGAON,Sugarcane,2017-18,Whole Year,9330.0,Hectare,793100.0,Tonnes,85005.359056806,Madhya Maharashtra,2017
Maharashtra,JALGAON,Sugarcane,2018-19,Whole Year,10006.0,Hectare,689413.0,Tonnes,68899.96002398561,Madhya Maharashtra,2018
Maharashtra,JALNA,Sugarcane,2017-18,Whole Year,23792.0,Hectare,1417400.0,Tonnes,59574.64694014795,Matathwada,2017
Maharashtra,JALNA,Sugarcane,2018-19,Whole Year,37766.0,Hectare,2001598.0,Tonnes,53000.0,Matathwada,2018
Maharashtra,KOLHAPUR,Sugarcane,2016-17,Whole Year,132631.0,Hectare,12499000.0,Tonnes,94238.90342378481,Madhya Maharashtra,2016
Maharashtra,KOLHAPUR,Sugarcane,2018-19,Whole Year,149280.0,Hectare,12491750.0,Tonnes,83679.9973204716,Madhya Maharashtra,2018
Maharashtra,LATUR,Sugarcane,2016-17,Whole Year,9000.0,Hectare,509300.0,Tonnes,56588.88888888889,Matathwada,2016
Maharashtra,LATUR,Sugarcane,2017-18,Whole Year,40000.0,Hectare,2440000.0,Tonnes,61000.0,Matathwada,2017
Maharashtra,LATUR,Sugarcane,2018-19,Whole Year,62300.0,Hectare,3774134.0,Tonnes,60579.99999999999,Matathwada,2018
Maharashtra,NAGPUR,Sugarcane,2016-17,Whole Year,4599.0,Hectare,198300.0,Tonnes,43118.069145466405,Vidarbha,2016
Maharashtra,NAGPUR,Sugarcane,2017-18,Whole Year,4268.0,Hectare,221900.0,Tonnes,51991.56513589503,Vidarbha,2017
Maharashtra,NAGPUR,Sugarcane,2018-19,Whole Year,4757.0,Hectare,264394.0,Tonnes,55579.98738700862,Vidarbha,2018
Maharashtra,NANDED,Sugarcane,2016-17,Whole Year,14501.0,Hectare,860400.0,Tonnes,59333.83904558306,Matathwada,2016
Maharashtra,NANDED,Sugarcane,2017-18,Whole Year,23000.0,Hectare,1495000.0,Tonnes,65000.0,Matathwada,2017
Maharashtra,NANDURBAR,Sugarcane,2016-17,Whole Year,10952.0,Hectare,872300.0,Tonnes,79647.55295836377,Madhya Maharashtra,2016
Maharashtra,NANDURBAR,Sugarcane,2017-18,Whole Year,14887.0,Hectare,1266900.0,Tonnes,85101.09491502654,Madhya Maharashtra,2017
Maharashtra,NANDURBAR,Sugarcane,2018-19,Whole Year,15477.000000000002,Hectare,1354857.0,Tonnes,87540.02713704205,Madhya Maharashtra,2018
Maharashtra,NASHIK,Sugarcane,2016-17,Whole Year,11216.0,Hectare,966200.0,Tonnes,86144.79315263907,Madhya Maharashtra,2016
Maharashtra,NASHIK,Sugarcane,2017-18,Whole Year,11865.0,Hectare,988600.0,Tonnes,83320.69110830173,Madhya Maharashtra,2017
Maharashtra,OSMANABAD,Sugarcane,2017-18,Whole Year,35000.0,Hectare,1575000.0,Tonnes,45000.0,Matathwada,2017
Maharashtra,OSMANABAD,Sugarcane,2018-19,Whole Year,57200.0,Hectare,2839246.0,Tonnes,49637.167832167834,Matathwada,2018
Maharashtra,PARBHANI,Sugarcane,2016-17,Whole Year,9000.0,Hectare,578614.0,Tonnes,64290.444444444445,Matathwada,2016
Maharashtra,PARBHANI,Sugarcane,2017-18,Whole Year,25000.0,Hectare,1375000.0,Tonnes,55000.0,Matathwada,2017
Maharashtra,PARBHANI,Sugarcane,2018-19,Whole Year,45700.0,Hectare,1919400.0,Tonnes,42000.0,Matathwada,2018
Maharashtra,PUNE,Sugarcane,2018-19,Whole Year,141730.0,Hectare,13233329.999999998,Tonnes,93369.99929443306,Madhya Maharashtra,2018
Maharashtra,RATNAGIRI,Sugarcane,2017-18,Whole Year,44.0,Hectare,2600.0,Tonnes,59090.909090909096,Konkan & Goa,2017
Maharashtra,SINDHUDURG,Sugarcane,2017-18,Whole Year,1098.0,Hectare,65900.0,Tonnes,60018.21493624772,Konkan & Goa,2017
Maharashtra,SOLAPUR,Sugarcane,2016-17,Whole Year,64744.00000000001,Hectare,4762070.0,Tonnes,73552.29828246632,Madhya Maharashtra,2016
Maharashtra,SOLAPUR,Sugarcane,2018-19,Whole Year,190018.0,Hectare,14093635.0,Tonnes,74169.99968424044,Madhya Maharashtra,2018
Maharashtra,WARDHA,Sugarcane,2016-17,Whole Year,3017.0,Hectare,180200.0,Tonnes,59728.206827974805,Vidarbha,2016
Maharashtra,WARDHA,Sugarcane,2017-18,Whole Year,2168.0,Hectare,130100.0,Tonnes,60009.22509225092,Vidarbha,2017
Maharashtra,WARDHA,Sugarcane,2018-19,Whole Year,2505.0,Hectare,169488.0,Tonnes,67659.88023952096,Vidarbha,2018
Maharashtra,WASHIM,Sugarcane,2016-17,Whole Year,256.0,Hectare,13500.0,Tonnes,52734.375,Vidarbha,2016
Maharashtra,WASHIM,Sugarcane,2017-18,Whole Year,154.0,Hectare,6900.0,Tonnes,44805.1948051948,Vidarbha,2017
Maharashtra,WASHIM,Sugarcane,2018-19,Whole Year,183.0,Hectare,8784.0,Tonnes,48000.0,Vidarbha,2018
Maharashtra,YAVATMAL,Sugarcane,2016-17,Whole Year,12493.0,Hectare,888300.0,Tonnes,71103.81813815737,Vidarbha,2016
Maharashtra,YAVATMAL,Sugarcane,2017-18,Whole Year,14127.000000000002,Hectare,593300.0,Tonnes,41997.593261131165,Vidarbha,2017
Maharashtra,YAVATMAL,Sugarcane,2018-19,Whole Year,3826.0,Hectare,229560.0,Tonnes,60000.0,Vidarbha,2018
Maharashtra,AHMEDNAGAR,Sugarcane,2019-20,Whole Year,70931.0,Hectare,5103317.0,Tonnes,71947.62515684257,Madhya Maharashtra,2019
Maharashtra,AKOLA,Sugarcane,2019-20,Whole Year,27.0,Hectare,1728.0,Tonnes,64000.0,Vidarbha,2019
Maharashtra,AURANGABAD,Sugarcane,2019-20,Whole Year,13304.0,Hectare,741275.0,Tonnes,55718.20505111245,Matathwada,2019
Maharashtra,BEED,Sugarcane,2019-20,Whole Year,22717.0,Hectare,1241011.0,Tonnes,54629.17638772725,Matathwada,2019
Maharashtra,BHANDARA,Sugarcane,2019-20,Whole Year,3450.0,Hectare,237498.0,Tonnes,68840.0,Vidarbha,2019
Maharashtra,BULDHANA,Sugarcane,2019-20,Whole Year,397.0,Hectare,27731.0,Tonnes,69851.3853904282,Vidarbha,2019
Maharashtra,GADCHIROLI,Sugarcane,2019-20,Whole Year,14.000000000000002,Hectare,949.0,Tonnes,67785.71428571428,Vidarbha,2019
Maharashtra,GONDIA,Sugarcane,2019-20,Whole Year,1030.0,Hectare,76838.0,Tonnes,74600.0,Vidarbha,2019
Maharashtra,HINGOLI,Sugarcane,2019-20,Whole Year,6121.0,Hectare,401124.0,Tonnes,65532.42934161085,Matathwada,2019
Maharashtra,JALGAON,Sugarcane,2019-20,Whole Year,6988.0,Hectare,483270.0,Tonnes,69157.12650257585,Madhya Maharashtra,2019
Maharashtra,JALNA,Sugarcane,2019-20,Whole Year,26471.0,Hectare,1490170.0,Tonnes,56294.43541989348,Matathwada,2019
Maharashtra,KOLHAPUR,Sugarcane,2019-20,Whole Year,140484.0,Hectare,11384118.0,Tonnes,81034.97907234987,Madhya Maharashtra,2019
Maharashtra,LATUR,Sugarcane,2019-20,Whole Year,29762.0,Hectare,2032745.0,Tonnes,68300.013439957,Matathwada,2019
Maharashtra,NAGPUR,Sugarcane,2019-20,Whole Year,3750.0,Hectare,212925.0,Tonnes,56780.0,Vidarbha,2019
Maharashtra,NANDED,Sugarcane,2019-20,Whole Year,30000.0,Hectare,1966125.0,Tonnes,65537.5,Matathwada,2019
Maharashtra,NANDURBAR,Sugarcane,2019-20,Whole Year,14585.0,Hectare,1128876.0,Tonnes,77399.7943092218,Madhya Maharashtra,2019
Maharashtra,NASHIK,Sugarcane,2019-20,Whole Year,13644.0,Hectare,1094464.0,Tonnes,80215.77250073293,Madhya Maharashtra,2019
Maharashtra,OSMANABAD,Sugarcane,2019-20,Whole Year,30006.0,Hectare,1621905.0,Tonnes,54052.68946210758,Matathwada,2019
Maharashtra,PARBHANI,Sugarcane,2019-20,Whole Year,15759.0,Hectare,1032727.0,Tonnes,65532.52109905451,Matathwada,2019
Maharashtra,SOLAPUR,Sugarcane,2019-20,Whole Year,97086.0,Hectare,8886198.0,Tonnes,91529.1391137754,Madhya Maharashtra,2019
Maharashtra,WARDHA,Sugarcane,2019-20,Whole Year,2660.0,Hectare,171916.0,Tonnes,64630.075187969924,Vidarbha,2019
Maharashtra,WASHIM,Sugarcane,2019-20,Whole Year,99.0,Hectare,4178.0,Tonnes,42202.0202020202,Vidarbha,2019
Maharashtra,YAVATMAL,Sugarcane,2019-20,Whole Year,8846.0,Hectare,614827.0,Tonnes,69503.39136332806,Vidarbha,2019
Maharashtra,AHMEDNAGAR,Sugarcane,1998-99,Kharif,59600.0,Hectare,5231800.0,Tonnes,87781.87919463088,Madhya Maharashtra,1998
Maharashtra,AHMEDNAGAR,Sugarcane,1999-00,Whole Year,66600.0,Hectare,5962900.0,Tonnes,89533.03303303303,Madhya Maharashtra,1999
Maharashtra,AHMEDNAGAR,Sugarcane,2000-01,Whole Year,67100.0,Hectare,5163900.0,Tonnes,76958.27123695976,Madhya Maharashtra,2000
Maharashtra,AKOLA,Sugarcane,1998-99,Kharif,1500.0,Hectare,124400.0,Tonnes,82933.33333333334,Vidarbha,1998
Maharashtra,AKOLA,Sugarcane,1999-00,Whole Year,200.0,Hectare,18300.0,Tonnes,91500.0,Vidarbha,1999
Maharashtra,AKOLA,Sugarcane,2000-01,Whole Year,600.0,Hectare,48800.0,Tonnes,81333.33333333333,Vidarbha,2000
Maharashtra,AMRAVATI,Sugarcane,1998-99,Kharif,2000.0,Hectare,169900.0,Tonnes,84950.0,Vidarbha,1998
Maharashtra,AMRAVATI,Sugarcane,2000-01,Whole Year,3500.0,Hectare,286900.0,Tonnes,81971.42857142858,Vidarbha,2000
Maharashtra,AURANGABAD,Sugarcane,1999-00,Whole Year,19600.0,Hectare,1453000.0,Tonnes,74132.65306122448,Matathwada,1999
Maharashtra,AURANGABAD,Sugarcane,2000-01,Whole Year,18400.0,Hectare,1280900.0,Tonnes,69614.13043478261,Matathwada,2000
Maharashtra,BEED,Sugarcane,1999-00,Whole Year,32000.0,Hectare,2230000.0,Tonnes,69687.5,Matathwada,1999
Maharashtra,BEED,Sugarcane,2000-01,Whole Year,34000.0,Hectare,2551900.0,Tonnes,75055.88235294119,Matathwada,2000
Maharashtra,BHANDARA,Sugarcane,1998-99,Kharif,700.0,Hectare,59300.0,Tonnes,84714.28571428571,Vidarbha,1998
Maharashtra,BHANDARA,Sugarcane,1999-00,Whole Year,1100.0,Hectare,96300.0,Tonnes,87545.45454545454,Vidarbha,1999
Maharashtra,BHANDARA,Sugarcane,2000-01,Whole Year,1500.0,Hectare,108800.0,Tonnes,72533.33333333333,Vidarbha,2000
Maharashtra,BULDHANA,Sugarcane,1998-99,Kharif,800.0,Hectare,65100.0,Tonnes,81375.0,Vidarbha,1998
Maharashtra,BULDHANA,Sugarcane,2000-01,Whole Year,1200.0,Hectare,103600.0,Tonnes,86333.33333333333,Vidarbha,2000
Maharashtra,DHULE,Sugarcane,1998-99,Kharif,10500.0,Hectare,756100.0,Tonnes,72009.52380952382,Madhya Maharashtra,1998
Maharashtra,DHULE,Sugarcane,1999-00,Whole Year,5600.0,Hectare,452000.0,Tonnes,80714.28571428571,Madhya Maharashtra,1999
Maharashtra,DHULE,Sugarcane,2000-01,Whole Year,5300.0,Hectare,381600.0,Tonnes,72000.0,Madhya Maharashtra,2000
Maharashtra,GONDIA,Sugarcane,2000-01,Whole Year,700.0,Hectare,47300.0,Tonnes,67571.42857142857,Vidarbha,2000
Maharashtra,HINGOLI,Sugarcane,1999-00,Whole Year,20800.0,Hectare,1614000.0,Tonnes,77596.15384615384,Matathwada,1999
Maharashtra,HINGOLI,Sugarcane,2000-01,Whole Year,15800.0,Hectare,1059200.0,Tonnes,67037.97468354431,Matathwada,2000
Maharashtra,JALGAON,Sugarcane,1999-00,Whole Year,9400.0,Hectare,871500.0,Tonnes,92712.76595744681,Madhya Maharashtra,1999
Maharashtra,JALGAON,Sugarcane,2000-01,Whole Year,14500.0,Hectare,1203400.0,Tonnes,82993.10344827586,Madhya Maharashtra,2000
Maharashtra,JALNA,Sugarcane,1998-99,Kharif,6700.0,Hectare,543100.0,Tonnes,81059.70149253731,Matathwada,1998
Maharashtra,JALNA,Sugarcane,1999-00,Whole Year,12700.0,Hectare,960800.0,Tonnes,75653.54330708661,Matathwada,1999
Maharashtra,JALNA,Sugarcane,2000-01,Whole Year,16000.0,Hectare,1241700.0,Tonnes,77606.25,Matathwada,2000
Maharashtra,KOLHAPUR,Sugarcane,2000-01,Whole Year,89700.0,Hectare,8158300.0,Tonnes,90950.94760312152,Madhya Maharashtra,2000
Maharashtra,LATUR,Sugarcane,1998-99,Kharif,23300.0,Hectare,1557000.0,Tonnes,66824.03433476396,Matathwada,1998
Maharashtra,LATUR,Sugarcane,1999-00,Whole Year,27900.0,Hectare,1975300.0,Tonnes,70799.28315412186,Matathwada,1999
Maharashtra,LATUR,Sugarcane,2000-01,Whole Year,28900.0,Hectare,2007200.0,Tonnes,69453.28719723182,Matathwada,2000
Maharashtra,NAGPUR,Sugarcane,1998-99,Kharif,600.0,Hectare,56400.0,Tonnes,94000.0,Vidarbha,1998
Maharashtra,NAGPUR,Sugarcane,1999-00,Whole Year,700.0,Hectare,61900.0,Tonnes,88428.57142857143,Vidarbha,1999
Maharashtra,NAGPUR,Sugarcane,2000-01,Whole Year,900.0,Hectare,71200.0,Tonnes,79111.11111111111,Vidarbha,2000
Maharashtra,NANDED,Sugarcane,1998-99,Kharif,11000.0,Hectare,849000.0,Tonnes,77181.81818181819,Matathwada,1998
Maharashtra,NANDED,Sugarcane,1999-00,Whole Year,14800.0,Hectare,1127100.0,Tonnes,76155.4054054054,Matathwada,1999
Maharashtra,NANDED,Sugarcane,2000-01,Whole Year,14700.0,Hectare,953600.0,Tonnes,64870.748299319726,Matathwada,2000
Maharashtra,NANDURBAR,Sugarcane,1999-00,Whole Year,7500.0,Hectare,455600.0,Tonnes,60746.66666666667,Madhya Maharashtra,1999
Maharashtra,NANDURBAR,Sugarcane,2000-01,Whole Year,8200.0,Hectare,572700.0,Tonnes,69841.46341463414,Madhya Maharashtra,2000
Maharashtra,NASHIK,Sugarcane,1998-99,Kharif,23700.0,Hectare,2138300.0,Tonnes,90223.62869198312,Madhya Maharashtra,1998
Maharashtra,NASHIK,Sugarcane,1999-00,Whole Year,23400.0,Hectare,1963800.0,Tonnes,83923.07692307692,Madhya Maharashtra,1999
Maharashtra,NASHIK,Sugarcane,2000-01,Whole Year,25100.0,Hectare,2284500.0,Tonnes,91015.93625498007,Madhya Maharashtra,2000
Maharashtra,OSMANABAD,Sugarcane,1998-99,Kharif,16700.0,Hectare,1344300.0,Tonnes,80497.00598802396,Matathwada,1998
Maharashtra,OSMANABAD,Sugarcane,1999-00,Whole Year,26600.0,Hectare,1859500.0,Tonnes,69906.01503759398,Matathwada,1999
Maharashtra,OSMANABAD,Sugarcane,2000-01,Whole Year,25700.0,Hectare,1853300.0,Tonnes,72112.84046692608,Matathwada,2000
Maharashtra,PARBHANI,Sugarcane,1998-99,Kharif,17300.0,Hectare,1314500.0,Tonnes,75982.65895953757,Matathwada,1998
Maharashtra,PARBHANI,Sugarcane,1999-00,Whole Year,12300.0,Hectare,1096000.0,Tonnes,89105.69105691057,Matathwada,1999
Maharashtra,PARBHANI,Sugarcane,2000-01,Whole Year,12900.0,Hectare,849600.0,Tonnes,65860.46511627907,Matathwada,2000
Maharashtra,PUNE,Sugarcane,1998-99,Kharif,48500.0,Hectare,4288000.0,Tonnes,88412.37113402062,Madhya Maharashtra,1998
Maharashtra,PUNE,Sugarcane,2000-01,Whole Year,48700.0,Hectare,4558300.0,Tonnes,93599.58932238191,Madhya Maharashtra,2000
Maharashtra,SATARA,Sugarcane,2000-01,Whole Year,38300.0,Hectare,3504000.0,Tonnes,91488.25065274151,Madhya Maharashtra,2000
Maharashtra,SOLAPUR,Sugarcane,1998-99,Kharif,62500.0,Hectare,5480500.0,Tonnes,87688.0,Madhya Maharashtra,1998
Maharashtra,SOLAPUR,Sugarcane,2000-01,Whole Year,64700.0,Hectare,5952500.0,Tonnes,92001.54559505409,Madhya Maharashtra,2000
Maharashtra,WARDHA,Sugarcane,1998-99,Kharif,2800.0,Hectare,229800.0,Tonnes,82071.42857142857,Vidarbha,1998
Maharashtra,WARDHA,Sugarcane,1999-00,Whole Year,2700.0,Hectare,232700.0,Tonnes,86185.1851851852,Vidarbha,1999
Maharashtra,WARDHA,Sugarcane,2000-01,Whole Year,3500.0,Hectare,233900.0,Tonnes,66828.57142857142,Vidarbha,2000
Maharashtra,WASHIM,Sugarcane,1999-00,Whole Year,1800.0,Hectare,168300.0,Tonnes,93500.0,Vidarbha,1999
Maharashtra,WASHIM,Sugarcane,2000-01,Whole Year,2800.0,Hectare,186900.0,Tonnes,66750.0,Vidarbha,2000
Maharashtra,YAVATMAL,Sugarcane,1998-99,Kharif,6500.0,Hectare,538500.0,Tonnes,82846.15384615384,Vidarbha,1998
Maharashtra,YAVATMAL,Sugarcane,1999-00,Whole Year,7000.0,Hectare,649900.0,Tonnes,92842.85714285714,Vidarbha,1999
Maharashtra,YAVATMAL,Sugarcane,2000-01,Whole Year,7400.0,Hectare,559900.0,Tonnes,75662.16216216216,Vidarbha,2000
Maharashtra,AHMEDNAGAR,Wheat,2001-02,Rabi,93800.0,Hectare,156300.0,Tonnes,1666.3113006396588,Madhya Maharashtra,2001
Maharashtra,AHMEDNAGAR,Wheat,2002-03,Rabi,70400.0,Hectare,88500.0,Tonnes,1257.1022727272727,Madhya Maharashtra,2002
Maharashtra,AHMEDNAGAR,Wheat,2003-04,Rabi,39200.0,Hectare,39500.0,Tonnes,1007.6530612244899,Madhya Maharashtra,2003
Maharashtra,AKOLA,Wheat,2001-02,Rabi,10100.0,Hectare,15500.0,Tonnes,1534.6534653465349,Vidarbha,2001
Maharashtra,AKOLA,Wheat,2002-03,Rabi,10300.0,Hectare,15800.0,Tonnes,1533.9805825242718,Vidarbha,2002
Maharashtra,AKOLA,Wheat,2003-04,Rabi,8700.0,Hectare,12300.0,Tonnes,1413.7931034482758,Vidarbha,2003
Maharashtra,AMRAVATI,Wheat,2001-02,Rabi,11300.0,Hectare,15000.0,Tonnes,1327.433628318584,Vidarbha,2001
Maharashtra,AMRAVATI,Wheat,2002-03,Rabi,11100.0,Hectare,11500.0,Tonnes,1036.036036036036,Vidarbha,2002
Maharashtra,AMRAVATI,Wheat,2003-04,Rabi,11600.0,Hectare,14400.0,Tonnes,1241.3793103448277,Vidarbha,2003
Maharashtra,AURANGABAD,Wheat,2001-02,Rabi,29500.0,Hectare,34900.0,Tonnes,1183.050847457627,Matathwada,2001
Maharashtra,AURANGABAD,Wheat,2002-03,Rabi,33400.0,Hectare,40500.0,Tonnes,1212.574850299401,Matathwada,2002
Maharashtra,AURANGABAD,Wheat,2003-04,Rabi,31200.0,Hectare,40100.0,Tonnes,1285.2564102564104,Matathwada,2003
Maharashtra,BEED,Wheat,2001-02,Rabi,38200.0,Hectare,37100.0,Tonnes,971.2041884816755,Matathwada,2001
Maharashtra,BEED,Wheat,2002-03,Rabi,30900.0,Hectare,29700.0,Tonnes,961.1650485436892,Matathwada,2002
Maharashtra,BHANDARA,Wheat,2001-02,Rabi,10700.0,Hectare,10900.0,Tonnes,1018.6915887850467,Vidarbha,2001
Maharashtra,BHANDARA,Wheat,2002-03,Rabi,10600.0,Hectare,7600.0,Tonnes,716.9811320754717,Vidarbha,2002
Maharashtra,BHANDARA,Wheat,2003-04,Rabi,10000.0,Hectare,9600.0,Tonnes,960.0,Vidarbha,2003
Maharashtra,BULDHANA,Wheat,2001-02,Rabi,23700.0,Hectare,42300.0,Tonnes,1784.8101265822784,Vidarbha,2001
Maharashtra,BULDHANA,Wheat,2002-03,Rabi,28900.0,Hectare,52400.0,Tonnes,1813.148788927336,Vidarbha,2002
Maharashtra,BULDHANA,Wheat,2003-04,Rabi,30500.0,Hectare,47800.0,Tonnes,1567.2131147540983,Vidarbha,2003
Maharashtra,CHANDRAPUR,Wheat,2001-02,Rabi,24500.0,Hectare,19300.0,Tonnes,787.7551020408164,Vidarbha,2001
Maharashtra,DHULE,Wheat,2001-02,Rabi,11300.0,Hectare,13400.0,Tonnes,1185.8407079646017,Madhya Maharashtra,2001
Maharashtra,DHULE,Wheat,2002-03,Rabi,14100.0,Hectare,17600.0,Tonnes,1248.22695035461,Madhya Maharashtra,2002
Maharashtra,DHULE,Wheat,2003-04,Rabi,17500.0,Hectare,28000.0,Tonnes,1600.0,Madhya Maharashtra,2003
Maharashtra,GADCHIROLI,Wheat,2001-02,Rabi,1000.0,Hectare,800.0,Tonnes,800.0,Vidarbha,2001
Maharashtra,GADCHIROLI,Wheat,2002-03,Rabi,1000.0,Hectare,800.0,Tonnes,800.0,Vidarbha,2002
Maharashtra,GADCHIROLI,Wheat,2003-04,Rabi,900.0,Hectare,600.0,Tonnes,666.6666666666666,Vidarbha,2003
Maharashtra,GONDIA,Wheat,2001-02,Rabi,4400.0,Hectare,3100.0,Tonnes,704.5454545454546,Vidarbha,2001
Maharashtra,GONDIA,Wheat,2003-04,Rabi,3700.0,Hectare,2900.0,Tonnes,783.7837837837837,Vidarbha,2003
Maharashtra,HINGOLI,Wheat,2001-02,Rabi,40800.0,Hectare,64800.0,Tonnes,1588.235294117647,Matathwada,2001
Maharashtra,HINGOLI,Wheat,2002-03,Rabi,43500.0,Hectare,67300.0,Tonnes,1547.126436781609,Matathwada,2002
Maharashtra,HINGOLI,Wheat,2003-04,Rabi,39000.0,Hectare,60900.0,Tonnes,1561.5384615384614,Matathwada,2003
Maharashtra,JALGAON,Wheat,2001-02,Rabi,23800.0,Hectare,39300.0,Tonnes,1651.2605042016805,Madhya Maharashtra,2001
Maharashtra,JALGAON,Wheat,2002-03,Rabi,27700.0,Hectare,53200.0,Tonnes,1920.57761732852,Madhya Maharashtra,2002
Maharashtra,JALGAON,Wheat,2003-04,Rabi,33000.0,Hectare,61500.0,Tonnes,1863.6363636363635,Madhya Maharashtra,2003
Maharashtra,JALNA,Wheat,2001-02,Rabi,28400.0,Hectare,41600.0,Tonnes,1464.7887323943662,Matathwada,2001
Maharashtra,JALNA,Wheat,2002-03,Rabi,27600.0,Hectare,44000.0,Tonnes,1594.2028985507245,Matathwada,2002
Maharashtra,JALNA,Wheat,2003-04,Rabi,18400.0,Hectare,24000.0,Tonnes,1304.3478260869563,Matathwada,2003
Maharashtra,KOLHAPUR,Wheat,2001-02,Rabi,8500.0,Hectare,16600.0,Tonnes,1952.941176470588,Madhya Maharashtra,2001
Maharashtra,KOLHAPUR,Wheat,2002-03,Rabi,8500.0,Hectare,15200.0,Tonnes,1788.235294117647,Madhya Maharashtra,2002
Maharashtra,KOLHAPUR,Wheat,2003-04,Rabi,8600.0,Hectare,17400.0,Tonnes,2023.2558139534883,Madhya Maharashtra,2003
Maharashtra,LATUR,Wheat,2001-02,Rabi,27300.0,Hectare,24400.0,Tonnes,893.7728937728938,Matathwada,2001
Maharashtra,LATUR,Wheat,2002-03,Rabi,24800.0,Hectare,25800.0,Tonnes,1040.3225806451612,Matathwada,2002
Maharashtra,LATUR,Wheat,2003-04,Rabi,26500.0,Hectare,18300.0,Tonnes,690.566037735849,Matathwada,2003
Maharashtra,NAGPUR,Wheat,2001-02,Rabi,30600.0,Hectare,32900.0,Tonnes,1075.1633986928105,Vidarbha,2001
Maharashtra,NAGPUR,Wheat,2002-03,Rabi,31000.0,Hectare,32500.0,Tonnes,1048.3870967741934,Vidarbha,2002
Maharashtra,NAGPUR,Wheat,2003-04,Rabi,35000.0,Hectare,43200.0,Tonnes,1234.2857142857142,Vidarbha,2003
Maharashtra,NANDED,Wheat,2001-02,Rabi,26700.0,Hectare,34700.0,Tonnes,1299.625468164794,Matathwada,2001
Maharashtra,NANDED,Wheat,2002-03,Rabi,30400.0,Hectare,40800.0,Tonnes,1342.1052631578948,Matathwada,2002
Maharashtra,NANDED,Wheat,2003-04,Rabi,31500.0,Hectare,43500.0,Tonnes,1380.952380952381,Matathwada,2003
Maharashtra,NANDURBAR,Wheat,2001-02,Rabi,6400.0,Hectare,7400.0,Tonnes,1156.25,Madhya Maharashtra,2001
Maharashtra,NANDURBAR,Wheat,2002-03,Rabi,7900.0,Hectare,10000.0,Tonnes,1265.822784810127,Madhya Maharashtra,2002
Maharashtra,NANDURBAR,Wheat,2003-04,Rabi,9200.0,Hectare,15200.0,Tonnes,1652.1739130434785,Madhya Maharashtra,2003
Maharashtra,NASHIK,Wheat,2001-02,Rabi,36800.0,Hectare,48900.0,Tonnes,1328.804347826087,Madhya Maharashtra,2001
Maharashtra,NASHIK,Wheat,2002-03,Rabi,35000.0,Hectare,49500.0,Tonnes,1414.2857142857144,Madhya Maharashtra,2002
Maharashtra,NASHIK,Wheat,2003-04,Rabi,35500.0,Hectare,41300.0,Tonnes,1163.380281690141,Madhya Maharashtra,2003
Maharashtra,OSMANABAD,Wheat,2001-02,Rabi,27000.0,Hectare,25300.0,Tonnes,937.037037037037,Matathwada,2001
Maharashtra,OSMANABAD,Wheat,2002-03,Rabi,25800.0,Hectare,28600.0,Tonnes,1108.5271317829456,Matathwada,2002
Maharashtra,PARBHANI,Wheat,2001-02,Rabi,32300.0,Hectare,48500.0,Tonnes,1501.5479876160991,Matathwada,2001
Maharashtra,PARBHANI,Wheat,2002-03,Rabi,38000.0,Hectare,53600.0,Tonnes,1410.5263157894735,Matathwada,2002
Maharashtra,PARBHANI,Wheat,2003-04,Rabi,39000.0,Hectare,44500.0,Tonnes,1141.0256410256409,Matathwada,2003
Maharashtra,PUNE,Wheat,2001-02,Rabi,59500.0,Hectare,101200.0,Tonnes,1700.8403361344535,Madhya Maharashtra,2001
Maharashtra,PUNE,Wheat,2002-03,Rabi,64700.0,Hectare,81900.0,Tonnes,1265.842349304482,Madhya Maharashtra,2002
Maharashtra,PUNE,Wheat,2003-04,Rabi,38800.0,Hectare,47500.0,Tonnes,1224.2268041237114,Madhya Maharashtra,2003
Maharashtra,SANGLI,Wheat,2001-02,Rabi,28900.0,Hectare,50000.0,Tonnes,1730.1038062283737,Madhya Maharashtra,2001
Maharashtra,SANGLI,Wheat,2002-03,Rabi,22400.0,Hectare,28500.0,Tonnes,1272.3214285714287,Madhya Maharashtra,2002
Maharashtra,SANGLI,Wheat,2003-04,Rabi,12600.0,Hectare,20300.0,Tonnes,1611.111111111111,Madhya Maharashtra,2003
Maharashtra,SATARA,Wheat,2001-02,Rabi,35700.0,Hectare,64900.0,Tonnes,1817.9271708683475,Madhya Maharashtra,2001
Maharashtra,SATARA,Wheat,2002-03,Rabi,35300.0,Hectare,48700.0,Tonnes,1379.6033994334277,Madhya Maharashtra,2002
Maharashtra,SATARA,Wheat,2003-04,Rabi,23600.0,Hectare,34100.0,Tonnes,1444.915254237288,Madhya Maharashtra,2003
Maharashtra,SOLAPUR,Wheat,2001-02,Rabi,53700.0,Hectare,62700.0,Tonnes,1167.5977653631285,Madhya Maharashtra,2001
Maharashtra,SOLAPUR,Wheat,2002-03,Rabi,48400.0,Hectare,61800.0,Tonnes,1276.8595041322317,Madhya Maharashtra,2002
Maharashtra,THANE,Wheat,2002-03,Rabi,100.0,Hectare,100.0,Tonnes,1000.0,Konkan & Goa,2002
Maharashtra,THANE,Wheat,2003-04,Rabi,100.0,Hectare,100.0,Tonnes,1000.0,Konkan & Goa,2003
Maharashtra,WARDHA,Wheat,2001-02,Rabi,18900.0,Hectare,24700.0,Tonnes,1306.878306878307,Vidarbha,2001
Maharashtra,WARDHA,Wheat,2002-03,Rabi,19900.0,Hectare,24100.0,Tonnes,1211.0552763819096,Vidarbha,2002
Maharashtra,WARDHA,Wheat,2003-04,Rabi,20700.0,Hectare,25000.0,Tonnes,1207.7294685990341,Vidarbha,2003
Maharashtra,WASHIM,Wheat,2001-02,Rabi,15100.0,Hectare,21300.0,Tonnes,1410.5960264900664,Vidarbha,2001
Maharashtra,WASHIM,Wheat,2002-03,Rabi,16300.0,Hectare,20900.0,Tonnes,1282.208588957055,Vidarbha,2002
Maharashtra,WASHIM,Wheat,2003-04,Rabi,11900.0,Hectare,14100.0,Tonnes,1184.873949579832,Vidarbha,2003
Maharashtra,YAVATMAL,Wheat,2001-02,Rabi,17100.0,Hectare,19600.0,Tonnes,1146.1988304093568,Vidarbha,2001
Maharashtra,YAVATMAL,Wheat,2002-03,Rabi,17600.0,Hectare,18600.0,Tonnes,1056.8181818181822,Vidarbha,2002
Maharashtra,YAVATMAL,Wheat,2003-04,Rabi,17600.0,Hectare,20800.0,Tonnes,1181.8181818181822,Vidarbha,2003
Maharashtra,AHMEDNAGAR,Wheat,2004-05,Rabi,89300.0,Hectare,154600.0,Tonnes,1731.2430011198207,Madhya Maharashtra,2004
Maharashtra,AHMEDNAGAR,Wheat,2005-06,Rabi,103100.0,Hectare,153800.0,Tonnes,1491.7555771096024,Madhya Maharashtra,2005
Maharashtra,AHMEDNAGAR,Wheat,2006-07,Rabi,153900.0,Hectare,248100.0,Tonnes,1612.085769980507,Madhya Maharashtra,2006
Maharashtra,AKOLA,Wheat,2004-05,Rabi,3400.0,Hectare,3800.0,Tonnes,1117.6470588235295,Vidarbha,2004
Maharashtra,AKOLA,Wheat,2005-06,Rabi,11200.0,Hectare,17100.0,Tonnes,1526.7857142857142,Vidarbha,2005
Maharashtra,AKOLA,Wheat,2006-07,Rabi,35400.0,Hectare,70100.0,Tonnes,1980.2259887005648,Vidarbha,2006
Maharashtra,AMRAVATI,Wheat,2004-05,Rabi,10300.0,Hectare,12000.0,Tonnes,1165.0485436893202,Vidarbha,2004
Maharashtra,AMRAVATI,Wheat,2005-06,Rabi,17000.0,Hectare,23300.0,Tonnes,1370.5882352941176,Vidarbha,2005
Maharashtra,AMRAVATI,Wheat,2006-07,Rabi,25400.0,Hectare,42500.0,Tonnes,1673.2283464566929,Vidarbha,2006
Maharashtra,AURANGABAD,Wheat,2004-05,Rabi,36400.0,Hectare,47200.0,Tonnes,1296.7032967032967,Matathwada,2004
Maharashtra,AURANGABAD,Wheat,2005-06,Rabi,40900.0,Hectare,67600.0,Tonnes,1652.8117359413204,Matathwada,2005
Maharashtra,AURANGABAD,Wheat,2006-07,Rabi,60700.0,Hectare,121900.0,Tonnes,2008.2372322899507,Matathwada,2006
Maharashtra,BEED,Wheat,2004-05,Rabi,31900.0,Hectare,28000.0,Tonnes,877.7429467084639,Matathwada,2004
Maharashtra,BEED,Wheat,2005-06,Rabi,42700.0,Hectare,45000.0,Tonnes,1053.864168618267,Matathwada,2005
Maharashtra,BEED,Wheat,2006-07,Rabi,52400.0,Hectare,66900.0,Tonnes,1276.7175572519086,Matathwada,2006
Maharashtra,BHANDARA,Wheat,2004-05,Rabi,5800.0,Hectare,4300.0,Tonnes,741.3793103448277,Vidarbha,2004
Maharashtra,BHANDARA,Wheat,2005-06,Rabi,10300.0,Hectare,9400.0,Tonnes,912.621359223301,Vidarbha,2005
Maharashtra,BHANDARA,Wheat,2006-07,Rabi,13200.0,Hectare,12400.0,Tonnes,939.3939393939395,Vidarbha,2006
Maharashtra,BULDHANA,Wheat,2004-05,Rabi,26500.0,Hectare,18300.0,Tonnes,690.566037735849,Vidarbha,2004
Maharashtra,BULDHANA,Wheat,2005-06,Rabi,26100.0,Hectare,27000.0,Tonnes,1034.4827586206895,Vidarbha,2005
Maharashtra,BULDHANA,Wheat,2006-07,Rabi,58200.0,Hectare,82500.0,Tonnes,1417.5257731958764,Vidarbha,2006
Maharashtra,CHANDRAPUR,Wheat,2005-06,Rabi,29500.0,Hectare,22100.0,Tonnes,749.1525423728813,Vidarbha,2005
Maharashtra,CHANDRAPUR,Wheat,2006-07,Rabi,34100.0,Hectare,24900.000000000004,Tonnes,730.2052785923755,Vidarbha,2006
Maharashtra,DHULE,Wheat,2004-05,Rabi,22000.0,Hectare,38800.0,Tonnes,1763.6363636363637,Madhya Maharashtra,2004
Maharashtra,DHULE,Wheat,2005-06,Rabi,22200.0,Hectare,35800.0,Tonnes,1612.6126126126126,Madhya Maharashtra,2005
Maharashtra,DHULE,Wheat,2006-07,Rabi,28000.0,Hectare,44100.0,Tonnes,1575.0,Madhya Maharashtra,2006
Maharashtra,GADCHIROLI,Wheat,2005-06,Rabi,1000.0,Hectare,800.0,Tonnes,800.0,Vidarbha,2005
Maharashtra,GADCHIROLI,Wheat,2006-07,Rabi,1200.0,Hectare,1200.0,Tonnes,1000.0,Vidarbha,2006
Maharashtra,GONDIA,Wheat,2004-05,Rabi,2300.0,Hectare,1600.0,Tonnes,695.6521739130435,Vidarbha,2004
Maharashtra,GONDIA,Wheat,2005-06,Rabi,3600.0,Hectare,2400.0,Tonnes,666.6666666666666,Vidarbha,2005
Maharashtra,HINGOLI,Wheat,2004-05,Rabi,28500.0,Hectare,39000.0,Tonnes,1368.421052631579,Matathwada,2004
Maharashtra,HINGOLI,Wheat,2005-06,Rabi,42600.0,Hectare,65700.0,Tonnes,1542.2535211267605,Matathwada,2005
Maharashtra,HINGOLI,Wheat,2006-07,Rabi,51600.0,Hectare,86300.00000000001,Tonnes,1672.480620155039,Matathwada,2006
Maharashtra,JALGAON,Wheat,2004-05,Rabi,38400.0,Hectare,77700.0,Tonnes,2023.4375,Madhya Maharashtra,2004
Maharashtra,JALGAON,Wheat,2005-06,Rabi,36200.0,Hectare,66800.0,Tonnes,1845.3038674033148,Madhya Maharashtra,2005
Maharashtra,JALGAON,Wheat,2006-07,Rabi,50800.0,Hectare,111900.0,Tonnes,2202.7559055118113,Madhya Maharashtra,2006
Maharashtra,JALNA,Wheat,2004-05,Rabi,19500.0,Hectare,27400.0,Tonnes,1405.128205128205,Matathwada,2004
Maharashtra,JALNA,Wheat,2005-06,Rabi,23900.0,Hectare,34200.0,Tonnes,1430.9623430962345,Matathwada,2005
Maharashtra,JALNA,Wheat,2006-07,Rabi,34100.0,Hectare,54800.0,Tonnes,1607.0381231671552,Matathwada,2006
Maharashtra,KOLHAPUR,Wheat,2004-05,Rabi,9200.0,Hectare,19400.0,Tonnes,2108.695652173913,Madhya Maharashtra,2004
Maharashtra,KOLHAPUR,Wheat,2005-06,Rabi,9900.0,Hectare,20100.0,Tonnes,2030.3030303030303,Madhya Maharashtra,2005
Maharashtra,KOLHAPUR,Wheat,2006-07,Rabi,9300.0,Hectare,19400.0,Tonnes,2086.021505376344,Madhya Maharashtra,2006
Maharashtra,LATUR,Wheat,2004-05,Rabi,27000.0,Hectare,27500.0,Tonnes,1018.5185185185186,Matathwada,2004
Maharashtra,LATUR,Wheat,2005-06,Rabi,33100.0,Hectare,38900.0,Tonnes,1175.2265861027192,Matathwada,2005
Maharashtra,LATUR,Wheat,2006-07,Rabi,35600.0,Hectare,37400.0,Tonnes,1050.561797752809,Matathwada,2006
Maharashtra,NAGPUR,Wheat,2004-05,Rabi,31800.0,Hectare,34700.0,Tonnes,1091.1949685534591,Vidarbha,2004
Maharashtra,NAGPUR,Wheat,2005-06,Rabi,50200.0,Hectare,55800.0,Tonnes,1111.5537848605577,Vidarbha,2005
Maharashtra,NAGPUR,Wheat,2006-07,Rabi,63900.0,Hectare,74200.0,Tonnes,1161.189358372457,Vidarbha,2006
Maharashtra,NANDED,Wheat,2004-05,Rabi,31600.0,Hectare,38500.0,Tonnes,1218.3544303797469,Matathwada,2004
Maharashtra,NANDED,Wheat,2005-06,Rabi,37700.0,Hectare,38300.0,Tonnes,1015.9151193633953,Matathwada,2005
Maharashtra,NANDED,Wheat,2006-07,Rabi,40100.0,Hectare,49900.0,Tonnes,1244.3890274314215,Matathwada,2006
Maharashtra,NANDURBAR,Wheat,2004-05,Rabi,10900.0,Hectare,15200.0,Tonnes,1394.4954128440368,Madhya Maharashtra,2004
Maharashtra,NANDURBAR,Wheat,2005-06,Rabi,12000.0,Hectare,24300.0,Tonnes,2025.0,Madhya Maharashtra,2005
Maharashtra,NANDURBAR,Wheat,2006-07,Rabi,14200.0,Hectare,31600.0,Tonnes,2225.3521126760565,Madhya Maharashtra,2006
Maharashtra,NASHIK,Wheat,2004-05,Rabi,55600.0,Hectare,81300.0,Tonnes,1462.2302158273378,Madhya Maharashtra,2004
Maharashtra,NASHIK,Wheat,2005-06,Rabi,70600.0,Hectare,116600.0,Tonnes,1651.558073654391,Madhya Maharashtra,2005
Maharashtra,NASHIK,Wheat,2006-07,Rabi,84100.0,Hectare,137700.0,Tonnes,1637.3365041617126,Madhya Maharashtra,2006
Maharashtra,OSMANABAD,Wheat,2004-05,Rabi,25700.0,Hectare,19900.0,Tonnes,774.31906614786,Matathwada,2004
Maharashtra,OSMANABAD,Wheat,2005-06,Rabi,36300.0,Hectare,36800.0,Tonnes,1013.7741046831957,Matathwada,2005
Maharashtra,OSMANABAD,Wheat,2006-07,Rabi,38600.0,Hectare,33900.0,Tonnes,878.238341968912,Matathwada,2006
Maharashtra,PARBHANI,Wheat,2004-05,Rabi,33900.0,Hectare,27800.0,Tonnes,820.0589970501475,Matathwada,2004
Maharashtra,PARBHANI,Wheat,2005-06,Rabi,40900.0,Hectare,47100.0,Tonnes,1151.5892420537896,Matathwada,2005
Maharashtra,PARBHANI,Wheat,2006-07,Rabi,50400.0,Hectare,70500.0,Tonnes,1398.8095238095234,Matathwada,2006
Maharashtra,PUNE,Wheat,2004-05,Rabi,52500.0,Hectare,86900.0,Tonnes,1655.2380952380952,Madhya Maharashtra,2004
Maharashtra,PUNE,Wheat,2005-06,Rabi,61300.0,Hectare,112900.0,Tonnes,1841.7618270799348,Madhya Maharashtra,2005
Maharashtra,PUNE,Wheat,2006-07,Rabi,72900.0,Hectare,132100.0,Tonnes,1812.0713305898491,Madhya Maharashtra,2006
Maharashtra,SANGLI,Wheat,2004-05,Rabi,29400.0,Hectare,50200.0,Tonnes,1707.4829931972788,Madhya Maharashtra,2004
Maharashtra,SANGLI,Wheat,2005-06,Rabi,26000.0,Hectare,41700.0,Tonnes,1603.8461538461538,Madhya Maharashtra,2005
Maharashtra,SANGLI,Wheat,2006-07,Rabi,29600.0,Hectare,47699.99999999999,Tonnes,1611.4864864864862,Madhya Maharashtra,2006
Maharashtra,SATARA,Wheat,2004-05,Rabi,38100.0,Hectare,68300.0,Tonnes,1792.650918635171,Madhya Maharashtra,2004
Maharashtra,SATARA,Wheat,2005-06,Rabi,39200.0,Hectare,73500.0,Tonnes,1875.0,Madhya Maharashtra,2005
Maharashtra,SATARA,Wheat,2006-07,Rabi,43099.99999999999,Hectare,78100.0,Tonnes,1812.064965197216,Madhya Maharashtra,2006
Maharashtra,SOLAPUR,Wheat,2004-05,Rabi,50100.0,Hectare,56200.0,Tonnes,1121.7564870259482,Madhya Maharashtra,2004
Maharashtra,SOLAPUR,Wheat,2005-06,Rabi,58900.0,Hectare,69200.0,Tonnes,1174.8726655348048,Madhya Maharashtra,2005
Maharashtra,SOLAPUR,Wheat,2006-07,Rabi,69400.0,Hectare,85900.0,Tonnes,1237.7521613832853,Madhya Maharashtra,2006
Maharashtra,THANE,Wheat,2004-05,Rabi,100.0,Hectare,100.0,Tonnes,1000.0,Konkan & Goa,2004
Maharashtra,THANE,Wheat,2005-06,Rabi,200.0,Hectare,200.0,Tonnes,1000.0,Konkan & Goa,2005
Maharashtra,THANE,Wheat,2006-07,Rabi,200.0,Hectare,200.0,Tonnes,1000.0,Konkan & Goa,2006
Maharashtra,WARDHA,Wheat,2004-05,Rabi,15500.0,Hectare,18100.0,Tonnes,1167.741935483871,Vidarbha,2004
Maharashtra,WARDHA,Wheat,2005-06,Rabi,19000.0,Hectare,24000.0,Tonnes,1263.157894736842,Vidarbha,2005
Maharashtra,WARDHA,Wheat,2006-07,Rabi,25300.0,Hectare,37500.0,Tonnes,1482.213438735178,Vidarbha,2006
Maharashtra,WASHIM,Wheat,2004-05,Rabi,3000.0,Hectare,2200.0,Tonnes,733.3333333333333,Vidarbha,2004
Maharashtra,WASHIM,Wheat,2005-06,Rabi,11300.0,Hectare,14500.0,Tonnes,1283.1858407079646,Vidarbha,2005
Maharashtra,WASHIM,Wheat,2006-07,Rabi,18800.0,Hectare,27800.0,Tonnes,1478.7234042553193,Vidarbha,2006
Maharashtra,YAVATMAL,Wheat,2004-05,Rabi,5100.0,Hectare,5000.0,Tonnes,980.3921568627452,Vidarbha,2004
Maharashtra,YAVATMAL,Wheat,2005-06,Rabi,15900.0,Hectare,15800.0,Tonnes,993.7106918238994,Vidarbha,2005
Maharashtra,YAVATMAL,Wheat,2006-07,Rabi,33100.0,Hectare,37600.0,Tonnes,1135.95166163142,Vidarbha,2006
Maharashtra,AHMEDNAGAR,Wheat,2007-08,Rabi,130900.0,Hectare,271100.0,Tonnes,2071.046600458365,Madhya Maharashtra,2007
Maharashtra,AHMEDNAGAR,Wheat,2008-09,Rabi,138200.0,Hectare,219200.0,Tonnes,1586.1070911722143,Madhya Maharashtra,2008
Maharashtra,AHMEDNAGAR,Wheat,2009-10,Rabi,129500.0,Hectare,216000.0,Tonnes,1667.953667953668,Madhya Maharashtra,2009
Maharashtra,AKOLA,Wheat,2008-09,Rabi,34400.0,Hectare,51900.0,Tonnes,1508.7209302325582,Vidarbha,2008
Maharashtra,AMRAVATI,Wheat,2007-08,Rabi,53700.0,Hectare,101500.0,Tonnes,1890.1303538175048,Vidarbha,2007
Maharashtra,AMRAVATI,Wheat,2008-09,Rabi,45400.0,Hectare,63000.0,Tonnes,1387.6651982378853,Vidarbha,2008
Maharashtra,AMRAVATI,Wheat,2009-10,Rabi,49300.0,Hectare,97300.0,Tonnes,1973.630831643002,Vidarbha,2009
Maharashtra,AURANGABAD,Wheat,2007-08,Rabi,49200.0,Hectare,107600.0,Tonnes,2186.991869918699,Matathwada,2007
Maharashtra,AURANGABAD,Wheat,2008-09,Rabi,44500.0,Hectare,78100.0,Tonnes,1755.0561797752807,Matathwada,2008
Maharashtra,AURANGABAD,Wheat,2009-10,Rabi,46200.0,Hectare,88000.0,Tonnes,1904.7619047619048,Matathwada,2009
Maharashtra,BEED,Wheat,2007-08,Rabi,61800.0,Hectare,89700.0,Tonnes,1451.4563106796118,Matathwada,2007
Maharashtra,BEED,Wheat,2008-09,Rabi,65200.0,Hectare,80300.0,Tonnes,1231.59509202454,Matathwada,2008
Maharashtra,BEED,Wheat,2009-10,Rabi,67000.0,Hectare,91900.0,Tonnes,1371.641791044776,Matathwada,2009
Maharashtra,BHANDARA,Wheat,2007-08,Rabi,14000.0,Hectare,15700.0,Tonnes,1121.4285714285713,Vidarbha,2007
Maharashtra,BHANDARA,Wheat,2008-09,Rabi,6700.0,Hectare,5600.0,Tonnes,835.820895522388,Vidarbha,2008
Maharashtra,BHANDARA,Wheat,2009-10,Rabi,9600.0,Hectare,10300.0,Tonnes,1072.9166666666667,Vidarbha,2009
Maharashtra,BULDHANA,Wheat,2007-08,Rabi,59300.0,Hectare,118500.0,Tonnes,1998.3136593591903,Vidarbha,2007
Maharashtra,BULDHANA,Wheat,2008-09,Rabi,47400.0,Hectare,70000.0,Tonnes,1476.7932489451475,Vidarbha,2008
Maharashtra,BULDHANA,Wheat,2009-10,Rabi,46000.0,Hectare,93900.0,Tonnes,2041.3043478260868,Vidarbha,2009
Maharashtra,CHANDRAPUR,Wheat,2007-08,Rabi,36000.0,Hectare,34700.0,Tonnes,963.8888888888888,Vidarbha,2007
Maharashtra,CHANDRAPUR,Wheat,2008-09,Rabi,30000.0,Hectare,27500.0,Tonnes,916.6666666666666,Vidarbha,2008
Maharashtra,CHANDRAPUR,Wheat,2009-10,Rabi,25700.0,Hectare,16700.0,Tonnes,649.8054474708172,Vidarbha,2009
Maharashtra,DHULE,Wheat,2008-09,Rabi,21300.0,Hectare,35600.0,Tonnes,1671.3615023474179,Madhya Maharashtra,2008
Maharashtra,DHULE,Wheat,2009-10,Rabi,28800.0,Hectare,59100.0,Tonnes,2052.083333333333,Madhya Maharashtra,2009
Maharashtra,GADCHIROLI,Wheat,2007-08,Rabi,1400.0,Hectare,1200.0,Tonnes,857.1428571428571,Vidarbha,2007
Maharashtra,GADCHIROLI,Wheat,2008-09,Rabi,900.0,Hectare,800.0,Tonnes,888.8888888888888,Vidarbha,2008
Maharashtra,GADCHIROLI,Wheat,2009-10,Rabi,1100.0,Hectare,900.0,Tonnes,818.1818181818182,Vidarbha,2009
Maharashtra,GONDIA,Wheat,2007-08,Rabi,4200.0,Hectare,3000.0,Tonnes,714.2857142857143,Vidarbha,2007
Maharashtra,GONDIA,Wheat,2008-09,Rabi,2100.0,Hectare,1500.0,Tonnes,714.2857142857143,Vidarbha,2008
Maharashtra,GONDIA,Wheat,2009-10,Rabi,2400.0,Hectare,1700.0,Tonnes,708.3333333333334,Vidarbha,2009
Maharashtra,HINGOLI,Wheat,2007-08,Rabi,37100.0,Hectare,71300.0,Tonnes,1921.832884097035,Matathwada,2007
Maharashtra,HINGOLI,Wheat,2008-09,Rabi,20300.0,Hectare,27700.0,Tonnes,1364.5320197044334,Matathwada,2008
Maharashtra,HINGOLI,Wheat,2009-10,Rabi,19300.0,Hectare,25300.0,Tonnes,1310.8808290155441,Matathwada,2009
Maharashtra,JALGAON,Wheat,2008-09,Rabi,31600.0,Hectare,64600.0,Tonnes,2044.3037974683543,Madhya Maharashtra,2008
Maharashtra,JALGAON,Wheat,2009-10,Rabi,50900.0,Hectare,110000.0,Tonnes,2161.100196463654,Madhya Maharashtra,2009
Maharashtra,JALNA,Wheat,2007-08,Rabi,24100.0,Hectare,45800.0,Tonnes,1900.414937759336,Matathwada,2007
Maharashtra,JALNA,Wheat,2008-09,Rabi,17900.0,Hectare,29800.0,Tonnes,1664.8044692737428,Matathwada,2008
Maharashtra,JALNA,Wheat,2009-10,Rabi,21500.0,Hectare,40100.0,Tonnes,1865.1162790697674,Matathwada,2009
Maharashtra,LATUR,Wheat,2007-08,Rabi,38000.0,Hectare,56400.0,Tonnes,1484.2105263157894,Matathwada,2007
Maharashtra,LATUR,Wheat,2008-09,Rabi,28600.0,Hectare,33500.0,Tonnes,1171.3286713286711,Matathwada,2008
Maharashtra,LATUR,Wheat,2009-10,Rabi,25800.0,Hectare,27800.0,Tonnes,1077.5193798449611,Matathwada,2009
Maharashtra,NAGPUR,Wheat,2007-08,Rabi,67200.0,Hectare,97800.0,Tonnes,1455.357142857143,Vidarbha,2007
Maharashtra,NAGPUR,Wheat,2008-09,Rabi,40700.0,Hectare,46000.0,Tonnes,1130.2211302211304,Vidarbha,2008
Maharashtra,NAGPUR,Wheat,2009-10,Rabi,57000.0,Hectare,76700.0,Tonnes,1345.6140350877192,Vidarbha,2009
Maharashtra,NANDED,Wheat,2007-08,Rabi,22700.0,Hectare,34500.0,Tonnes,1519.8237885462556,Matathwada,2007
Maharashtra,NANDED,Wheat,2008-09,Rabi,19800.0,Hectare,27000.0,Tonnes,1363.6363636363635,Matathwada,2008
Maharashtra,NANDED,Wheat,2009-10,Rabi,19100.0,Hectare,19800.0,Tonnes,1036.6492146596859,Matathwada,2009
Maharashtra,NANDURBAR,Wheat,2008-09,Rabi,9400.0,Hectare,19900.0,Tonnes,2117.021276595745,Madhya Maharashtra,2008
Maharashtra,NASHIK,Wheat,2007-08,Rabi,79000.0,Hectare,149000.0,Tonnes,1886.075949367089,Madhya Maharashtra,2007
Maharashtra,NASHIK,Wheat,2008-09,Rabi,71900.0,Hectare,115900.0,Tonnes,1611.9610570236441,Madhya Maharashtra,2008
Maharashtra,NASHIK,Wheat,2009-10,Rabi,73000.0,Hectare,117900.0,Tonnes,1615.0684931506848,Madhya Maharashtra,2009
Maharashtra,OSMANABAD,Wheat,2007-08,Rabi,29200.0,Hectare,34600.0,Tonnes,1184.9315068493152,Matathwada,2007
Maharashtra,OSMANABAD,Wheat,2008-09,Rabi,39800.0,Hectare,42500.0,Tonnes,1067.8391959798994,Matathwada,2008
Maharashtra,OSMANABAD,Wheat,2009-10,Rabi,38600.0,Hectare,39300.0,Tonnes,1018.1347150259068,Matathwada,2009
Maharashtra,PARBHANI,Wheat,2007-08,Rabi,53000.0,Hectare,102200.0,Tonnes,1928.301886792453,Matathwada,2007
Maharashtra,PARBHANI,Wheat,2008-09,Rabi,34500.0,Hectare,56100.0,Tonnes,1626.086956521739,Matathwada,2008
Maharashtra,PARBHANI,Wheat,2009-10,Rabi,32500.0,Hectare,42800.0,Tonnes,1316.923076923077,Matathwada,2009
Maharashtra,PUNE,Wheat,2007-08,Rabi,73400.0,Hectare,155000.0,Tonnes,2111.716621253406,Madhya Maharashtra,2007
Maharashtra,PUNE,Wheat,2008-09,Rabi,60900.0,Hectare,112300.0,Tonnes,1844.0065681444996,Madhya Maharashtra,2008
Maharashtra,PUNE,Wheat,2009-10,Rabi,59600.0,Hectare,91800.0,Tonnes,1540.268456375839,Madhya Maharashtra,2009
Maharashtra,SANGLI,Wheat,2007-08,Rabi,29800.0,Hectare,58400.0,Tonnes,1959.7315436241608,Madhya Maharashtra,2007
Maharashtra,SANGLI,Wheat,2008-09,Rabi,24600.0,Hectare,45300.0,Tonnes,1841.4634146341464,Madhya Maharashtra,2008
Maharashtra,SANGLI,Wheat,2009-10,Rabi,34300.0,Hectare,57500.0,Tonnes,1676.3848396501455,Madhya Maharashtra,2009
Maharashtra,SATARA,Wheat,2007-08,Rabi,43300.0,Hectare,94000.0,Tonnes,2170.9006928406466,Madhya Maharashtra,2007
Maharashtra,SATARA,Wheat,2008-09,Rabi,40200.0,Hectare,69100.0,Tonnes,1718.9054726368158,Madhya Maharashtra,2008
Maharashtra,SATARA,Wheat,2009-10,Rabi,42000.0,Hectare,69000.0,Tonnes,1642.857142857143,Madhya Maharashtra,2009
Maharashtra,SOLAPUR,Wheat,2007-08,Rabi,75000.0,Hectare,110300.0,Tonnes,1470.6666666666665,Madhya Maharashtra,2007
Maharashtra,SOLAPUR,Wheat,2008-09,Rabi,62600.0,Hectare,83800.0,Tonnes,1338.658146964856,Madhya Maharashtra,2008
Maharashtra,SOLAPUR,Wheat,2009-10,Rabi,80400.0,Hectare,106000.0,Tonnes,1318.4079601990052,Madhya Maharashtra,2009
Maharashtra,THANE,Wheat,2007-08,Rabi,200.0,Hectare,200.0,Tonnes,1000.0,Konkan & Goa,2007
Maharashtra,THANE,Wheat,2008-09,Rabi,100.0,Hectare,100.0,Tonnes,1000.0,Konkan & Goa,2008
Maharashtra,THANE,Wheat,2009-10,Rabi,100.0,Hectare,100.0,Tonnes,1000.0,Konkan & Goa,2009
Maharashtra,WARDHA,Wheat,2007-08,Rabi,27700.0,Hectare,47500.0,Tonnes,1714.8014440433212,Vidarbha,2007
Maharashtra,WARDHA,Wheat,2008-09,Rabi,19200.0,Hectare,25000.0,Tonnes,1302.0833333333333,Vidarbha,2008
Maharashtra,WARDHA,Wheat,2009-10,Rabi,23500.0,Hectare,32400.0,Tonnes,1378.723404255319,Vidarbha,2009
Maharashtra,WASHIM,Wheat,2007-08,Rabi,34600.0,Hectare,70500.0,Tonnes,2037.57225433526,Vidarbha,2007
Maharashtra,WASHIM,Wheat,2008-09,Rabi,16000.0,Hectare,19300.0,Tonnes,1206.25,Vidarbha,2008
Maharashtra,WASHIM,Wheat,2009-10,Rabi,15300.0,Hectare,31700.0,Tonnes,2071.8954248366013,Vidarbha,2009
Maharashtra,YAVATMAL,Wheat,2007-08,Rabi,45600.0,Hectare,82200.0,Tonnes,1802.6315789473683,Vidarbha,2007
Maharashtra,YAVATMAL,Wheat,2008-09,Rabi,38000.0,Hectare,41200.0,Tonnes,1084.2105263157896,Vidarbha,2008
Maharashtra,YAVATMAL,Wheat,2009-10,Rabi,18000.0,Hectare,20000.0,Tonnes,1111.111111111111,Vidarbha,2009
Maharashtra,AHMEDNAGAR,Wheat,2010-11,Rabi,133700.0,Hectare,248900.0,Tonnes,1861.6305160807776,Madhya Maharashtra,2010
Maharashtra,AHMEDNAGAR,Wheat,2011-12,Rabi,48100.0,Hectare,88700.0,Tonnes,1844.0748440748441,Madhya Maharashtra,2011
Maharashtra,AHMEDNAGAR,Wheat,2012-13,Rabi,38900.0,Hectare,46100.0,Tonnes,1185.0899742930592,Madhya Maharashtra,2012
Maharashtra,AKOLA,Wheat,2011-12,Rabi,16700.0,Hectare,36600.0,Tonnes,2191.616766467066,Vidarbha,2011
Maharashtra,AKOLA,Wheat,2012-13,Rabi,19900.0,Hectare,33900.0,Tonnes,1703.5175879396984,Vidarbha,2012
Maharashtra,AMRAVATI,Wheat,2010-11,Rabi,54700.0,Hectare,105400.0,Tonnes,1926.8738574040217,Vidarbha,2010
Maharashtra,AMRAVATI,Wheat,2011-12,Rabi,32500.0,Hectare,58900.0,Tonnes,1812.3076923076924,Vidarbha,2011
Maharashtra,AMRAVATI,Wheat,2012-13,Rabi,36100.0,Hectare,71500.0,Tonnes,1980.6094182825484,Vidarbha,2012
Maharashtra,AURANGABAD,Wheat,2010-11,Rabi,75300.0,Hectare,158400.0,Tonnes,2103.5856573705178,Matathwada,2010
Maharashtra,AURANGABAD,Wheat,2011-12,Rabi,39900.0,Hectare,74200.0,Tonnes,1859.6491228070176,Matathwada,2011
Maharashtra,AURANGABAD,Wheat,2012-13,Rabi,24300.0,Hectare,21500.0,Tonnes,884.7736625514403,Matathwada,2012
Maharashtra,BEED,Wheat,2010-11,Rabi,63600.0,Hectare,82500.0,Tonnes,1297.169811320755,Matathwada,2010
Maharashtra,BEED,Wheat,2011-12,Rabi,39800.0,Hectare,52800.0,Tonnes,1326.6331658291458,Matathwada,2011
Maharashtra,BEED,Wheat,2012-13,Rabi,27700.0,Hectare,27000.0,Tonnes,974.7292418772564,Matathwada,2012
Maharashtra,BHANDARA,Wheat,2010-11,Rabi,11500.0,Hectare,12500.0,Tonnes,1086.9565217391303,Vidarbha,2010
Maharashtra,BHANDARA,Wheat,2011-12,Rabi,11600.0,Hectare,12700.0,Tonnes,1094.8275862068965,Vidarbha,2011
Maharashtra,BHANDARA,Wheat,2012-13,Rabi,11800.0,Hectare,14700.0,Tonnes,1245.7627118644068,Vidarbha,2012
Maharashtra,BULDHANA,Wheat,2010-11,Rabi,53800.0,Hectare,92700.0,Tonnes,1723.0483271375463,Vidarbha,2010
Maharashtra,BULDHANA,Wheat,2011-12,Rabi,41100.0,Hectare,67900.0,Tonnes,1652.0681265206813,Vidarbha,2011
Maharashtra,BULDHANA,Wheat,2012-13,Rabi,36100.0,Hectare,53600.0,Tonnes,1484.7645429362879,Vidarbha,2012
Maharashtra,CHANDRAPUR,Wheat,2010-11,Rabi,34300.0,Hectare,36800.0,Tonnes,1072.8862973760931,Vidarbha,2010
Maharashtra,CHANDRAPUR,Wheat,2011-12,Rabi,22100.0,Hectare,27100.0,Tonnes,1226.2443438914029,Vidarbha,2011
Maharashtra,CHANDRAPUR,Wheat,2012-13,Rabi,22400.0,Hectare,26700.0,Tonnes,1191.9642857142858,Vidarbha,2012
Maharashtra,DHULE,Wheat,2010-11,Rabi,30300.0,Hectare,65300.0,Tonnes,2155.115511551155,Madhya Maharashtra,2010
Maharashtra,DHULE,Wheat,2012-13,Rabi,37500.0,Hectare,82400.0,Tonnes,2197.3333333333335,Madhya Maharashtra,2012
Maharashtra,GADCHIROLI,Wheat,2010-11,Rabi,1100.0,Hectare,1000.0,Tonnes,909.0909090909091,Vidarbha,2010
Maharashtra,GADCHIROLI,Wheat,2011-12,Rabi,700.0,Hectare,800.0,Tonnes,1142.857142857143,Vidarbha,2011
Maharashtra,GADCHIROLI,Wheat,2012-13,Rabi,500.0,Hectare,600.0,Tonnes,1200.0,Vidarbha,2012
Maharashtra,GONDIA,Wheat,2010-11,Rabi,2700.0,Hectare,2000.0,Tonnes,740.7407407407406,Vidarbha,2010
Maharashtra,GONDIA,Wheat,2011-12,Rabi,2100.0,Hectare,1600.0,Tonnes,761.9047619047618,Vidarbha,2011
Maharashtra,GONDIA,Wheat,2012-13,Rabi,1900.0,Hectare,1800.0,Tonnes,947.3684210526317,Vidarbha,2012
Maharashtra,HINGOLI,Wheat,2010-11,Rabi,34400.0,Hectare,57200.0,Tonnes,1662.7906976744189,Matathwada,2010
Maharashtra,HINGOLI,Wheat,2011-12,Rabi,36000.0,Hectare,64200.0,Tonnes,1783.3333333333335,Matathwada,2011
Maharashtra,HINGOLI,Wheat,2012-13,Rabi,37600.0,Hectare,52300.0,Tonnes,1390.9574468085107,Matathwada,2012
Maharashtra,JALGAON,Wheat,2012-13,Rabi,25300.0,Hectare,53000.0,Tonnes,2094.861660079052,Madhya Maharashtra,2012
Maharashtra,JALNA,Wheat,2010-11,Rabi,30900.0,Hectare,51600.0,Tonnes,1669.902912621359,Matathwada,2010
Maharashtra,JALNA,Wheat,2011-12,Rabi,20700.0,Hectare,29000.0,Tonnes,1400.9661835748793,Matathwada,2011
Maharashtra,KOLHAPUR,Wheat,2012-13,Rabi,9100.0,Hectare,20000.0,Tonnes,2197.802197802198,Madhya Maharashtra,2012
Maharashtra,LATUR,Wheat,2010-11,Rabi,33500.0,Hectare,46000.0,Tonnes,1373.134328358209,Matathwada,2010
Maharashtra,LATUR,Wheat,2011-12,Rabi,29100.0,Hectare,43300.0,Tonnes,1487.9725085910652,Matathwada,2011
Maharashtra,LATUR,Wheat,2012-13,Rabi,31000.0,Hectare,47300.0,Tonnes,1525.8064516129034,Matathwada,2012
Maharashtra,NAGPUR,Wheat,2010-11,Rabi,75200.0,Hectare,115700.0,Tonnes,1538.563829787234,Vidarbha,2010
Maharashtra,NAGPUR,Wheat,2011-12,Rabi,79000.0,Hectare,116400.0,Tonnes,1473.4177215189875,Vidarbha,2011
Maharashtra,NAGPUR,Wheat,2012-13,Rabi,80200.0,Hectare,124800.0,Tonnes,1556.1097256857854,Vidarbha,2012
Maharashtra,NANDED,Wheat,2010-11,Rabi,49000.0,Hectare,82700.0,Tonnes,1687.7551020408164,Matathwada,2010
Maharashtra,NANDED,Wheat,2011-12,Rabi,31100.0,Hectare,54100.0,Tonnes,1739.5498392282957,Matathwada,2011
Maharashtra,NANDED,Wheat,2012-13,Rabi,30400.0,Hectare,43500.0,Tonnes,1430.921052631579,Matathwada,2012
Maharashtra,NANDURBAR,Wheat,2012-13,Rabi,24000.0,Hectare,50900.0,Tonnes,2120.833333333333,Madhya Maharashtra,2012
Maharashtra,NASHIK,Wheat,2010-11,Rabi,75300.0,Hectare,143700.0,Tonnes,1908.366533864542,Madhya Maharashtra,2010
Maharashtra,NASHIK,Wheat,2011-12,Rabi,52400.0,Hectare,102600.0,Tonnes,1958.015267175573,Madhya Maharashtra,2011
Maharashtra,NASHIK,Wheat,2012-13,Rabi,32400.0,Hectare,53200.0,Tonnes,1641.9753086419753,Madhya Maharashtra,2012
Maharashtra,OSMANABAD,Wheat,2010-11,Rabi,41800.0,Hectare,43300.0,Tonnes,1035.8851674641148,Matathwada,2010
Maharashtra,OSMANABAD,Wheat,2011-12,Rabi,30300.0,Hectare,37500.0,Tonnes,1237.6237623762377,Matathwada,2011
Maharashtra,PARBHANI,Wheat,2010-11,Rabi,46400.0,Hectare,79500.0,Tonnes,1713.3620689655172,Matathwada,2010
Maharashtra,PARBHANI,Wheat,2011-12,Rabi,39600.0,Hectare,62500.0,Tonnes,1578.2828282828284,Matathwada,2011
Maharashtra,PARBHANI,Wheat,2012-13,Rabi,13600.0,Hectare,21400.0,Tonnes,1573.5294117647059,Matathwada,2012
Maharashtra,PUNE,Wheat,2010-11,Rabi,60000.0,Hectare,115900.0,Tonnes,1931.6666666666665,Madhya Maharashtra,2010
Maharashtra,PUNE,Wheat,2011-12,Rabi,55300.0,Hectare,105600.0,Tonnes,1909.5840867992767,Madhya Maharashtra,2011
Maharashtra,PUNE,Wheat,2012-13,Rabi,53000.0,Hectare,93800.0,Tonnes,1769.8113207547171,Madhya Maharashtra,2012
Maharashtra,SANGLI,Wheat,2010-11,Rabi,39300.0,Hectare,72900.0,Tonnes,1854.961832061069,Madhya Maharashtra,2010
Maharashtra,SANGLI,Wheat,2011-12,Rabi,20000.0,Hectare,34000.0,Tonnes,1700.0,Madhya Maharashtra,2011
Maharashtra,SANGLI,Wheat,2012-13,Rabi,20100.0,Hectare,36500.0,Tonnes,1815.9203980099503,Madhya Maharashtra,2012
Maharashtra,SATARA,Wheat,2010-11,Rabi,43700.0,Hectare,86500.0,Tonnes,1979.4050343249428,Madhya Maharashtra,2010
Maharashtra,SATARA,Wheat,2011-12,Rabi,36600.0,Hectare,67800.0,Tonnes,1852.4590163934429,Madhya Maharashtra,2011
Maharashtra,SATARA,Wheat,2012-13,Rabi,35000.0,Hectare,58500.0,Tonnes,1671.4285714285718,Madhya Maharashtra,2012
Maharashtra,SOLAPUR,Wheat,2010-11,Rabi,87800.0,Hectare,122900.0,Tonnes,1399.7722095671984,Madhya Maharashtra,2010
Maharashtra,SOLAPUR,Wheat,2011-12,Rabi,29300.0,Hectare,34900.0,Tonnes,1191.1262798634812,Madhya Maharashtra,2011
Maharashtra,SOLAPUR,Wheat,2012-13,Rabi,28800.0,Hectare,21800.0,Tonnes,756.9444444444445,Madhya Maharashtra,2012
Maharashtra,THANE,Wheat,2010-11,Rabi,100.0,Hectare,200.0,Tonnes,2000.0,Konkan & Goa,2010
Maharashtra,THANE,Wheat,2011-12,Rabi,100.0,Hectare,100.0,Tonnes,1000.0,Konkan & Goa,2011
Maharashtra,WARDHA,Wheat,2010-11,Rabi,29500.0,Hectare,49000.0,Tonnes,1661.0169491525423,Vidarbha,2010
Maharashtra,WARDHA,Wheat,2011-12,Rabi,23100.0,Hectare,34400.0,Tonnes,1489.1774891774892,Vidarbha,2011
Maharashtra,WARDHA,Wheat,2012-13,Rabi,23700.0,Hectare,36000.0,Tonnes,1518.987341772152,Vidarbha,2012
Maharashtra,WASHIM,Wheat,2010-11,Rabi,21900.0,Hectare,35200.0,Tonnes,1607.3059360730592,Vidarbha,2010
Maharashtra,WASHIM,Wheat,2011-12,Rabi,20100.0,Hectare,24600.0,Tonnes,1223.8805970149253,Vidarbha,2011
Maharashtra,WASHIM,Wheat,2012-13,Rabi,16900.0,Hectare,27100.0,Tonnes,1603.550295857988,Vidarbha,2012
Maharashtra,YAVATMAL,Wheat,2010-11,Rabi,41700.0,Hectare,61400.0,Tonnes,1472.42206235012,Vidarbha,2010
Maharashtra,YAVATMAL,Wheat,2011-12,Rabi,34100.0,Hectare,58500.0,Tonnes,1715.5425219941349,Vidarbha,2011
Maharashtra,YAVATMAL,Wheat,2012-13,Rabi,36100.0,Hectare,64600.0,Tonnes,1789.4736842105262,Vidarbha,2012
Maharashtra,AHMEDNAGAR,Wheat,2013-14,Rabi,51900.0,Hectare,100700.0,Tonnes,1940.2697495183043,Madhya Maharashtra,2013
Maharashtra,AHMEDNAGAR,Wheat,2014-15,Rabi,57200.0,Hectare,85000.0,Tonnes,1486.0139860139861,Madhya Maharashtra,2014
Maharashtra,AHMEDNAGAR,Wheat,2015-16,Rabi,41100.0,Hectare,50100.0,Tonnes,1218.9781021897809,Madhya Maharashtra,2015
Maharashtra,AKOLA,Wheat,2013-14,Rabi,19900.0,Hectare,25200.0,Tonnes,1266.3316582914572,Vidarbha,2013
Maharashtra,AKOLA,Wheat,2014-15,Rabi,18300.0,Hectare,25800.0,Tonnes,1409.8360655737706,Vidarbha,2014
Maharashtra,AKOLA,Wheat,2015-16,Rabi,14800.0,Hectare,17700.0,Tonnes,1195.945945945946,Vidarbha,2015
Maharashtra,AMRAVATI,Wheat,2013-14,Rabi,42000.0,Hectare,65000.0,Tonnes,1547.6190476190477,Vidarbha,2013
Maharashtra,AMRAVATI,Wheat,2014-15,Rabi,66400.0,Hectare,87200.0,Tonnes,1313.2530120481929,Vidarbha,2014
Maharashtra,AMRAVATI,Wheat,2015-16,Rabi,68000.0,Hectare,69300.0,Tonnes,1019.1176470588236,Vidarbha,2015
Maharashtra,AURANGABAD,Wheat,2013-14,Rabi,35400.0,Hectare,54200.0,Tonnes,1531.0734463276835,Matathwada,2013
Maharashtra,AURANGABAD,Wheat,2014-15,Rabi,35400.0,Hectare,33900.0,Tonnes,957.6271186440678,Matathwada,2014
Maharashtra,AURANGABAD,Wheat,2015-16,Rabi,32200.0,Hectare,33300.0,Tonnes,1034.1614906832294,Matathwada,2015
Maharashtra,BEED,Wheat,2013-14,Rabi,57800.0,Hectare,57100.0,Tonnes,987.8892733564014,Matathwada,2013
Maharashtra,BEED,Wheat,2014-15,Rabi,59100.0,Hectare,40000.0,Tonnes,676.8189509306261,Matathwada,2014
Maharashtra,BHANDARA,Wheat,2013-14,Rabi,11900.0,Hectare,13600.0,Tonnes,1142.857142857143,Vidarbha,2013
Maharashtra,BHANDARA,Wheat,2014-15,Rabi,11400.0,Hectare,13900.0,Tonnes,1219.298245614035,Vidarbha,2014
Maharashtra,BHANDARA,Wheat,2015-16,Rabi,10900.0,Hectare,12000.0,Tonnes,1100.9174311926606,Vidarbha,2015
Maharashtra,BULDHANA,Wheat,2013-14,Rabi,59000.0,Hectare,73900.0,Tonnes,1252.5423728813557,Vidarbha,2013
Maharashtra,BULDHANA,Wheat,2014-15,Rabi,73500.0,Hectare,95500.0,Tonnes,1299.3197278911566,Vidarbha,2014
Maharashtra,BULDHANA,Wheat,2015-16,Rabi,60100.0,Hectare,48800.0,Tonnes,811.9800332778701,Vidarbha,2015
Maharashtra,CHANDRAPUR,Wheat,2013-14,Rabi,25600.0,Hectare,28600.0,Tonnes,1117.1875,Vidarbha,2013
Maharashtra,CHANDRAPUR,Wheat,2014-15,Rabi,24200.0,Hectare,17800.0,Tonnes,735.5371900826447,Vidarbha,2014
Maharashtra,CHANDRAPUR,Wheat,2015-16,Rabi,20800.0,Hectare,16200.0,Tonnes,778.8461538461538,Vidarbha,2015
Maharashtra,DHULE,Wheat,2013-14,Rabi,47200.0,Hectare,77500.0,Tonnes,1641.9491525423728,Madhya Maharashtra,2013
Maharashtra,DHULE,Wheat,2014-15,Rabi,36000.0,Hectare,65700.0,Tonnes,1825.0,Madhya Maharashtra,2014
Maharashtra,DHULE,Wheat,2015-16,Rabi,46700.0,Hectare,74900.0,Tonnes,1603.8543897216273,Madhya Maharashtra,2015
Maharashtra,GADCHIROLI,Wheat,2013-14,Rabi,500.0,Hectare,700.0,Tonnes,1400.0,Vidarbha,2013
Maharashtra,GADCHIROLI,Wheat,2014-15,Rabi,1200.0,Hectare,1200.0,Tonnes,1000.0,Vidarbha,2014
Maharashtra,GADCHIROLI,Wheat,2015-16,Rabi,1000.0,Hectare,700.0,Tonnes,700.0,Vidarbha,2015
Maharashtra,GONDIA,Wheat,2013-14,Rabi,1700.0,Hectare,1100.0,Tonnes,647.0588235294118,Vidarbha,2013
Maharashtra,GONDIA,Wheat,2015-16,Rabi,2200.0,Hectare,1400.0,Tonnes,636.3636363636364,Vidarbha,2015
Maharashtra,HINGOLI,Wheat,2013-14,Rabi,77200.0,Hectare,74200.0,Tonnes,961.139896373057,Matathwada,2013
Maharashtra,HINGOLI,Wheat,2014-15,Rabi,49500.0,Hectare,33000.0,Tonnes,666.6666666666666,Matathwada,2014
Maharashtra,JALGAON,Wheat,2014-15,Rabi,49600.0,Hectare,81100.0,Tonnes,1635.0806451612905,Madhya Maharashtra,2014
Maharashtra,JALGAON,Wheat,2015-16,Rabi,42300.0,Hectare,63500.0,Tonnes,1501.1820330969267,Madhya Maharashtra,2015
Maharashtra,JALNA,Wheat,2013-14,Rabi,9800.0,Hectare,13700.0,Tonnes,1397.9591836734694,Matathwada,2013
Maharashtra,JALNA,Wheat,2014-15,Rabi,1900.0,Hectare,1500.0,Tonnes,789.4736842105264,Matathwada,2014
Maharashtra,JALNA,Wheat,2015-16,Rabi,11600.0,Hectare,8300.0,Tonnes,715.5172413793103,Matathwada,2015
Maharashtra,KOLHAPUR,Wheat,2014-15,Rabi,6800.0,Hectare,15100.0,Tonnes,2220.5882352941176,Madhya Maharashtra,2014
Maharashtra,KOLHAPUR,Wheat,2015-16,Rabi,2000.0,Hectare,4500.0,Tonnes,2250.0,Madhya Maharashtra,2015
Maharashtra,LATUR,Wheat,2013-14,Rabi,35200.0,Hectare,44900.0,Tonnes,1275.5681818181822,Matathwada,2013
Maharashtra,NAGPUR,Wheat,2013-14,Rabi,86200.0,Hectare,83100.0,Tonnes,964.0371229698376,Vidarbha,2013
Maharashtra,NAGPUR,Wheat,2014-15,Rabi,88500.0,Hectare,110600.0,Tonnes,1249.7175141242938,Vidarbha,2014
Maharashtra,NAGPUR,Wheat,2015-16,Rabi,92600.0,Hectare,93900.0,Tonnes,1014.0388768898488,Vidarbha,2015
Maharashtra,NANDED,Wheat,2013-14,Rabi,38900.0,Hectare,43800.0,Tonnes,1125.9640102827764,Matathwada,2013
Maharashtra,NANDED,Wheat,2014-15,Rabi,39500.0,Hectare,29200.0,Tonnes,739.2405063291139,Matathwada,2014
Maharashtra,NANDURBAR,Wheat,2013-14,Rabi,21500.0,Hectare,45800.0,Tonnes,2130.232558139535,Madhya Maharashtra,2013
Maharashtra,NANDURBAR,Wheat,2014-15,Rabi,21900.0,Hectare,39100.0,Tonnes,1785.3881278538813,Madhya Maharashtra,2014
Maharashtra,NANDURBAR,Wheat,2015-16,Rabi,19800.0,Hectare,33100.0,Tonnes,1671.7171717171716,Madhya Maharashtra,2015
Maharashtra,NASHIK,Wheat,2013-14,Rabi,65900.0,Hectare,111900.0,Tonnes,1698.0273141122912,Madhya Maharashtra,2013
Maharashtra,NASHIK,Wheat,2014-15,Rabi,72400.0,Hectare,111200.0,Tonnes,1535.911602209945,Madhya Maharashtra,2014
Maharashtra,NASHIK,Wheat,2015-16,Rabi,60000.0,Hectare,81100.0,Tonnes,1351.6666666666665,Madhya Maharashtra,2015
Maharashtra,OSMANABAD,Wheat,2013-14,Rabi,26700.0,Hectare,41200.0,Tonnes,1543.0711610486892,Matathwada,2013
Maharashtra,PALGHAR,Wheat,2015-16,Rabi,42.0,Hectare,40.0,Tonnes,952.3809523809524,Konkan & Goa,2015
Maharashtra,PARBHANI,Wheat,2013-14,Rabi,20900.0,Hectare,23300.0,Tonnes,1114.8325358851673,Matathwada,2013
Maharashtra,PARBHANI,Wheat,2014-15,Rabi,22300.0,Hectare,18800.0,Tonnes,843.0493273542601,Matathwada,2014
Maharashtra,PUNE,Wheat,2013-14,Rabi,64300.0,Hectare,129900.0,Tonnes,2020.217729393468,Madhya Maharashtra,2013
Maharashtra,PUNE,Wheat,2014-15,Rabi,71800.0,Hectare,108300.0,Tonnes,1508.356545961003,Madhya Maharashtra,2014
Maharashtra,PUNE,Wheat,2015-16,Rabi,62000.0,Hectare,129600.0,Tonnes,2090.3225806451615,Madhya Maharashtra,2015
Maharashtra,RAIGAD,Wheat,2015-16,Rabi,10.0,Hectare,9.0,Tonnes,900.0,Konkan & Goa,2015
Maharashtra,SANGLI,Wheat,2013-14,Rabi,26200.0,Hectare,51500.0,Tonnes,1965.648854961832,Madhya Maharashtra,2013
Maharashtra,SANGLI,Wheat,2014-15,Rabi,32500.0,Hectare,70900.0,Tonnes,2181.538461538461,Madhya Maharashtra,2014
Maharashtra,SANGLI,Wheat,2015-16,Rabi,19200.0,Hectare,32400.0,Tonnes,1687.5,Madhya Maharashtra,2015
Maharashtra,SATARA,Wheat,2013-14,Rabi,33800.0,Hectare,62200.0,Tonnes,1840.236686390533,Madhya Maharashtra,2013
Maharashtra,SATARA,Wheat,2014-15,Rabi,38300.0,Hectare,61400.0,Tonnes,1603.1331592689296,Madhya Maharashtra,2014
Maharashtra,SATARA,Wheat,2015-16,Rabi,29700.0,Hectare,49000.0,Tonnes,1649.83164983165,Madhya Maharashtra,2015
Maharashtra,SOLAPUR,Wheat,2013-14,Rabi,35700.0,Hectare,35800.0,Tonnes,1002.8011204481793,Madhya Maharashtra,2013
Maharashtra,SOLAPUR,Wheat,2014-15,Rabi,42200.0,Hectare,54600.0,Tonnes,1293.8388625592415,Madhya Maharashtra,2014
Maharashtra,SOLAPUR,Wheat,2015-16,Rabi,41300.0,Hectare,28800.0,Tonnes,697.3365617433413,Madhya Maharashtra,2015
Maharashtra,THANE,Wheat,2015-16,Rabi,2.0,Hectare,2.0,Tonnes,1000.0,Konkan & Goa,2015
Maharashtra,WARDHA,Wheat,2013-14,Rabi,25700.0,Hectare,33700.0,Tonnes,1311.284046692607,Vidarbha,2013
Maharashtra,WARDHA,Wheat,2014-15,Rabi,13700.0,Hectare,19900.0,Tonnes,1452.5547445255472,Vidarbha,2014
Maharashtra,WARDHA,Wheat,2015-16,Rabi,13200.0,Hectare,15600.0,Tonnes,1181.8181818181822,Vidarbha,2015
Maharashtra,WASHIM,Wheat,2013-14,Rabi,30900.0,Hectare,50200.0,Tonnes,1624.5954692556634,Vidarbha,2013
Maharashtra,WASHIM,Wheat,2014-15,Rabi,30900.0,Hectare,40800.0,Tonnes,1320.3883495145633,Vidarbha,2014
Maharashtra,WASHIM,Wheat,2015-16,Rabi,29700.0,Hectare,21000.0,Tonnes,707.070707070707,Vidarbha,2015
Maharashtra,YAVATMAL,Wheat,2013-14,Rabi,34500.0,Hectare,30700.0,Tonnes,889.8550724637681,Vidarbha,2013
Maharashtra,YAVATMAL,Wheat,2014-15,Rabi,29100.0,Hectare,26800.0,Tonnes,920.9621993127148,Vidarbha,2014
Maharashtra,YAVATMAL,Wheat,2015-16,Rabi,35600.0,Hectare,37600.0,Tonnes,1056.1797752808989,Vidarbha,2015
Maharashtra,AHMEDNAGAR,Wheat,2016-17,Rabi,60000.0,Hectare,127200.0,Tonnes,2120.0,Madhya Maharashtra,2016
Maharashtra,AHMEDNAGAR,Wheat,2017-18,Rabi,79800.0,Hectare,177500.0,Tonnes,2224.310776942356,Madhya Maharashtra,2017
Maharashtra,AHMEDNAGAR,Wheat,2018-19,Rabi,46190.0,Hectare,87700.0,Tonnes,1898.6793678285344,Madhya Maharashtra,2018
Maharashtra,AKOLA,Wheat,2016-17,Rabi,16700.0,Hectare,27500.0,Tonnes,1646.7065868263473,Vidarbha,2016
Maharashtra,AKOLA,Wheat,2017-18,Rabi,15600.0,Hectare,24500.0,Tonnes,1570.5128205128206,Vidarbha,2017
Maharashtra,AKOLA,Wheat,2018-19,Rabi,20600.0,Hectare,27300.0,Tonnes,1325.242718446602,Vidarbha,2018
Maharashtra,AMRAVATI,Wheat,2016-17,Rabi,73600.0,Hectare,111900.0,Tonnes,1520.3804347826087,Vidarbha,2016
Maharashtra,AMRAVATI,Wheat,2017-18,Rabi,39300.0,Hectare,69400.0,Tonnes,1765.9033078880407,Vidarbha,2017
Maharashtra,AMRAVATI,Wheat,2018-19,Rabi,26880.0,Hectare,40000.0,Tonnes,1488.0952380952378,Vidarbha,2018
Maharashtra,AURANGABAD,Wheat,2016-17,Rabi,64500.0,Hectare,135400.0,Tonnes,2099.2248062015506,Matathwada,2016
Maharashtra,AURANGABAD,Wheat,2017-18,Rabi,69900.0,Hectare,115000.0,Tonnes,1645.2074391988556,Matathwada,2017
Maharashtra,AURANGABAD,Wheat,2018-19,Rabi,28880.0,Hectare,37300.0,Tonnes,1291.551246537396,Matathwada,2018
Maharashtra,BEED,Wheat,2016-17,Rabi,47200.0,Hectare,79430.0,Tonnes,1682.8389830508474,Matathwada,2016
Maharashtra,BEED,Wheat,2017-18,Rabi,53900.0,Hectare,57590.0,Tonnes,1068.4601113172546,Matathwada,2017
Maharashtra,BEED,Wheat,2018-19,Rabi,7170.0,Hectare,5200.0,Tonnes,725.2440725244072,Matathwada,2018
Maharashtra,BHANDARA,Wheat,2016-17,Rabi,10900.0,Hectare,13800.0,Tonnes,1266.0550458715595,Vidarbha,2016
Maharashtra,BHANDARA,Wheat,2017-18,Rabi,10171.0,Hectare,12700.0,Tonnes,1248.6481171959495,Vidarbha,2017
Maharashtra,BHANDARA,Wheat,2018-19,Rabi,9990.0,Hectare,13800.0,Tonnes,1381.381381381381,Vidarbha,2018
Maharashtra,BULDHANA,Wheat,2016-17,Rabi,103880.0,Hectare,162400.0,Tonnes,1563.342318059299,Vidarbha,2016
Maharashtra,BULDHANA,Wheat,2017-18,Rabi,35920.0,Hectare,56300.0,Tonnes,1567.371937639198,Vidarbha,2017
Maharashtra,BULDHANA,Wheat,2018-19,Rabi,27400.0,Hectare,32100.0,Tonnes,1171.5328467153283,Vidarbha,2018
Maharashtra,CHANDRAPUR,Wheat,2016-17,Rabi,19900.0,Hectare,25000.0,Tonnes,1256.281407035176,Vidarbha,2016
Maharashtra,CHANDRAPUR,Wheat,2017-18,Rabi,18124.0,Hectare,20300.0,Tonnes,1120.061796512911,Vidarbha,2017
Maharashtra,CHANDRAPUR,Wheat,2018-19,Rabi,17420.0,Hectare,23000.0,Tonnes,1320.321469575201,Vidarbha,2018
Maharashtra,DHULE,Wheat,2016-17,Rabi,40400.0,Hectare,87300.0,Tonnes,2160.891089108911,Madhya Maharashtra,2016
Maharashtra,DHULE,Wheat,2017-18,Rabi,52896.0,Hectare,116900.0,Tonnes,2209.9969751966123,Madhya Maharashtra,2017
Maharashtra,DHULE,Wheat,2018-19,Rabi,46520.0,Hectare,80600.0,Tonnes,1732.5881341358556,Madhya Maharashtra,2018
Maharashtra,GADCHIROLI,Wheat,2016-17,Rabi,900.0,Hectare,1300.0,Tonnes,1444.4444444444443,Vidarbha,2016
Maharashtra,GADCHIROLI,Wheat,2017-18,Rabi,533.0,Hectare,600.0,Tonnes,1125.703564727955,Vidarbha,2017
Maharashtra,GADCHIROLI,Wheat,2018-19,Rabi,430.0,Hectare,500.0,Tonnes,1162.7906976744189,Vidarbha,2018
Maharashtra,GONDIA,Wheat,2016-17,Rabi,2000.0,Hectare,2100.0,Tonnes,1050.0,Vidarbha,2016
Maharashtra,GONDIA,Wheat,2017-18,Rabi,3016.0,Hectare,2400.0,Tonnes,795.7559681697612,Vidarbha,2017
Maharashtra,GONDIA,Wheat,2018-19,Rabi,2540.0,Hectare,3100.0,Tonnes,1220.472440944882,Vidarbha,2018
Maharashtra,HINGOLI,Wheat,2016-17,Rabi,31800.0,Hectare,49900.0,Tonnes,1569.1823899371068,Matathwada,2016
Maharashtra,HINGOLI,Wheat,2017-18,Rabi,29700.0,Hectare,34500.0,Tonnes,1161.6161616161614,Matathwada,2017
Maharashtra,HINGOLI,Wheat,2018-19,Rabi,27100.0,Hectare,35300.0,Tonnes,1302.5830258302583,Matathwada,2018
Maharashtra,JALGAON,Wheat,2016-17,Rabi,52700.0,Hectare,106100.0,Tonnes,2013.2827324478178,Madhya Maharashtra,2016
Maharashtra,JALGAON,Wheat,2017-18,Rabi,51014.0,Hectare,97300.0,Tonnes,1907.3195593366527,Madhya Maharashtra,2017
Maharashtra,JALGAON,Wheat,2018-19,Rabi,41540.0,Hectare,55500.0,Tonnes,1336.0616273471353,Madhya Maharashtra,2018
Maharashtra,JALNA,Wheat,2016-17,Rabi,39100.0,Hectare,63000.0,Tonnes,1611.2531969309464,Matathwada,2016
Maharashtra,JALNA,Wheat,2017-18,Rabi,33200.0,Hectare,38600.0,Tonnes,1162.6506024096386,Matathwada,2017
Maharashtra,JALNA,Wheat,2018-19,Rabi,14730.000000000002,Hectare,15500.0,Tonnes,1052.274270196877,Matathwada,2018
Maharashtra,LATUR,Wheat,2016-17,Rabi,68600.0,Hectare,97400.0,Tonnes,1419.8250728862972,Matathwada,2016
Maharashtra,LATUR,Wheat,2017-18,Rabi,16800.0,Hectare,11600.0,Tonnes,690.4761904761905,Matathwada,2017
Maharashtra,NAGPUR,Wheat,2016-17,Rabi,135900.0,Hectare,232600.0,Tonnes,1711.5526122148642,Vidarbha,2016
Maharashtra,NAGPUR,Wheat,2017-18,Rabi,135203.0,Hectare,244400.0,Tonnes,1807.652197066633,Vidarbha,2017
Maharashtra,NAGPUR,Wheat,2018-19,Rabi,127830.0,Hectare,215400.0,Tonnes,1685.050457639052,Vidarbha,2018
Maharashtra,NANDED,Wheat,2016-17,Rabi,60600.0,Hectare,75700.0,Tonnes,1249.1749174917493,Matathwada,2016
Maharashtra,NANDED,Wheat,2017-18,Rabi,46100.0,Hectare,46000.0,Tonnes,997.8308026030368,Matathwada,2017
Maharashtra,NANDED,Wheat,2018-19,Rabi,20190.0,Hectare,36900.0,Tonnes,1827.6374442793465,Matathwada,2018
Maharashtra,NANDURBAR,Wheat,2016-17,Rabi,18400.0,Hectare,37700.0,Tonnes,2048.9130434782605,Madhya Maharashtra,2016
Maharashtra,NANDURBAR,Wheat,2017-18,Rabi,22765.0,Hectare,42800.0,Tonnes,1880.0790687458818,Madhya Maharashtra,2017
Maharashtra,NANDURBAR,Wheat,2018-19,Rabi,21860.0,Hectare,37500.0,Tonnes,1715.4620311070448,Madhya Maharashtra,2018
Maharashtra,NASHIK,Wheat,2016-17,Rabi,79200.0,Hectare,177600.0,Tonnes,2242.424242424242,Madhya Maharashtra,2016
Maharashtra,NASHIK,Wheat,2017-18,Rabi,112458.0,Hectare,223600.0,Tonnes,1988.2978534208328,Madhya Maharashtra,2017
Maharashtra,NASHIK,Wheat,2018-19,Rabi,63550.0,Hectare,111700.0,Tonnes,1757.6711250983476,Madhya Maharashtra,2018
Maharashtra,OSMANABAD,Wheat,2016-17,Rabi,14600.0,Hectare,11100.0,Tonnes,760.2739726027397,Matathwada,2016
Maharashtra,OSMANABAD,Wheat,2017-18,Rabi,30300.0,Hectare,19400.0,Tonnes,640.2640264026402,Matathwada,2017
Maharashtra,OSMANABAD,Wheat,2018-19,Rabi,19580.0,Hectare,15000.0,Tonnes,766.0878447395302,Matathwada,2018
Maharashtra,PALGHAR,Wheat,2017-18,Rabi,15.0,Hectare,21.0,Tonnes,1400.0,Konkan & Goa,2017
Maharashtra,PALGHAR,Wheat,2018-19,Rabi,10.0,Hectare,7.000000000000001,Tonnes,700.0,Konkan & Goa,2018
Maharashtra,PARBHANI,Wheat,2016-17,Rabi,30190.0,Hectare,47900.0,Tonnes,1586.6180854587612,Matathwada,2016
Maharashtra,PARBHANI,Wheat,2017-18,Rabi,37300.0,Hectare,35600.0,Tonnes,954.4235924932975,Matathwada,2017
Maharashtra,PARBHANI,Wheat,2018-19,Rabi,23650.0,Hectare,30700.0,Tonnes,1298.0972515856236,Matathwada,2018
Maharashtra,PUNE,Wheat,2018-19,Rabi,55329.99999999999,Hectare,110800.0,Tonnes,2002.5302729080065,Madhya Maharashtra,2018
Maharashtra,SANGLI,Wheat,2017-18,Rabi,25100.0,Hectare,49800.0,Tonnes,1984.0637450199204,Madhya Maharashtra,2017
Maharashtra,SATARA,Wheat,2016-17,Rabi,35600.0,Hectare,71200.0,Tonnes,2000.0,Madhya Maharashtra,2016
Maharashtra,SATARA,Wheat,2017-18,Rabi,37200.0,Hectare,75100.0,Tonnes,2018.8172043010754,Madhya Maharashtra,2017
Maharashtra,SATARA,Wheat,2018-19,Rabi,34140.0,Hectare,70500.0,Tonnes,2065.0263620386645,Madhya Maharashtra,2018
Maharashtra,SOLAPUR,Wheat,2016-17,Rabi,58100.0,Hectare,77780.0,Tonnes,1338.7263339070566,Madhya Maharashtra,2016
Maharashtra,SOLAPUR,Wheat,2017-18,Rabi,68700.0,Hectare,81830.0,Tonnes,1191.1208151382823,Madhya Maharashtra,2017
Maharashtra,SOLAPUR,Wheat,2018-19,Rabi,64300.0,Hectare,56900.0,Tonnes,884.9144634525661,Madhya Maharashtra,2018
Maharashtra,THANE,Wheat,2016-17,Rabi,1.0,Hectare,2.0,Tonnes,2000.0,Konkan & Goa,2016
Maharashtra,THANE,Wheat,2017-18,Rabi,0.5,Hectare,1.0,Tonnes,2000.0,Konkan & Goa,2017
Maharashtra,WARDHA,Wheat,2016-17,Rabi,14500.0,Hectare,22000.0,Tonnes,1517.2413793103447,Vidarbha,2016
Maharashtra,WARDHA,Wheat,2017-18,Rabi,14816.0,Hectare,21900.0,Tonnes,1478.1317494600432,Vidarbha,2017
Maharashtra,WARDHA,Wheat,2018-19,Rabi,12750.0,Hectare,21700.0,Tonnes,1701.9607843137255,Vidarbha,2018
Maharashtra,WASHIM,Wheat,2016-17,Rabi,33700.0,Hectare,54200.0,Tonnes,1608.3086053412462,Vidarbha,2016
Maharashtra,WASHIM,Wheat,2017-18,Rabi,9900.0,Hectare,12500.0,Tonnes,1262.6262626262624,Vidarbha,2017
Maharashtra,WASHIM,Wheat,2018-19,Rabi,13619.999999999998,Hectare,10500.0,Tonnes,770.9251101321587,Vidarbha,2018
Maharashtra,YAVATMAL,Wheat,2016-17,Rabi,60200.0,Hectare,77900.0,Tonnes,1294.0199335548173,Vidarbha,2016
Maharashtra,YAVATMAL,Wheat,2017-18,Rabi,12800.0,Hectare,13000.0,Tonnes,1015.625,Vidarbha,2017
Maharashtra,YAVATMAL,Wheat,2018-19,Rabi,34613.25,Hectare,32500.0,Tonnes,938.9467906076432,Vidarbha,2018
Maharashtra,AHMEDNAGAR,Wheat,2019-20,Rabi,67727.0,Hectare,142189.0,Tonnes,2099.4433534631685,Madhya Maharashtra,2019
Maharashtra,AKOLA,Wheat,2019-20,Rabi,24015.0,Hectare,31025.0,Tonnes,1291.9008952737872,Vidarbha,2019
Maharashtra,AMRAVATI,Wheat,2019-20,Rabi,43046.0,Hectare,74766.0,Tonnes,1736.886121823166,Vidarbha,2019
Maharashtra,AURANGABAD,Wheat,2019-20,Rabi,32760.000000000004,Hectare,69221.0,Tonnes,2112.9731379731375,Matathwada,2019
Maharashtra,BEED,Wheat,2019-20,Rabi,20590.0,Hectare,26625.0,Tonnes,1293.103448275862,Matathwada,2019
Maharashtra,BHANDARA,Wheat,2019-20,Rabi,9971.0,Hectare,12096.0,Tonnes,1213.1180423227358,Vidarbha,2019
Maharashtra,BULDHANA,Wheat,2019-20,Rabi,45555.0,Hectare,84916.0,Tonnes,1864.032488201076,Vidarbha,2019
Maharashtra,CHANDRAPUR,Wheat,2019-20,Rabi,17422.0,Hectare,12553.0,Tonnes,720.5257720123981,Vidarbha,2019
Maharashtra,GADCHIROLI,Wheat,2019-20,Rabi,607.0,Hectare,436.00000000000006,Tonnes,718.2866556836904,Vidarbha,2019
Maharashtra,HINGOLI,Wheat,2019-20,Rabi,36557.0,Hectare,28835.000000000004,Tonnes,788.7682249637553,Matathwada,2019
Maharashtra,JALNA,Wheat,2019-20,Rabi,18162.0,Hectare,29023.0,Tonnes,1598.0068274419116,Matathwada,2019
Maharashtra,LATUR,Wheat,2019-20,Rabi,9033.0,Hectare,5834.0,Tonnes,645.8540905568472,Matathwada,2019
Maharashtra,NAGPUR,Wheat,2019-20,Rabi,111308.0,Hectare,157054.0,Tonnes,1410.9857332806268,Vidarbha,2019
Maharashtra,NANDED,Wheat,2019-20,Rabi,22917.0,Hectare,20915.0,Tonnes,912.6412706724266,Matathwada,2019
Maharashtra,PARBHANI,Wheat,2019-20,Rabi,42037.0,Hectare,43104.0,Tonnes,1025.3824012179746,Matathwada,2019
Maharashtra,PUNE,Wheat,2019-20,Rabi,40924.0,Hectare,84560.0,Tonnes,2066.2691818981525,Madhya Maharashtra,2019
Maharashtra,SANGLI,Wheat,2019-20,Rabi,28867.0,Hectare,49228.0,Tonnes,1705.3382755395435,Madhya Maharashtra,2019
Maharashtra,SATARA,Wheat,2019-20,Rabi,37755.0,Hectare,74506.0,Tonnes,1973.4074956959344,Madhya Maharashtra,2019
Maharashtra,SOLAPUR,Wheat,2019-20,Rabi,82383.0,Hectare,93009.0,Tonnes,1128.9829212337497,Madhya Maharashtra,2019
Maharashtra,WARDHA,Wheat,2019-20,Rabi,13979.0,Hectare,19322.0,Tonnes,1382.2161814149797,Vidarbha,2019
Maharashtra,WASHIM,Wheat,2019-20,Rabi,34752.0,Hectare,45630.0,Tonnes,1313.017955801105,Vidarbha,2019
Maharashtra,YAVATMAL,Wheat,2019-20,Rabi,45633.0,Hectare,55276.0,Tonnes,1211.316371923827,Vidarbha,2019
Maharashtra,AHMEDNAGAR,Wheat,1997-98,Rabi,79700.0,Hectare,87100.0,Tonnes,1092.8481806775408,Madhya Maharashtra,1997
Maharashtra,AHMEDNAGAR,Wheat,1998-99,Rabi,124400.0,Hectare,154200.0,Tonnes,1239.5498392282957,Madhya Maharashtra,1998
Maharashtra,AHMEDNAGAR,Wheat,1999-00,Rabi,127000.0,Hectare,178800.0,Tonnes,1407.8740157480313,Madhya Maharashtra,1999
Maharashtra,AHMEDNAGAR,Wheat,2000-01,Rabi,94700.0,Hectare,135800.0,Tonnes,1434.0021119324183,Madhya Maharashtra,2000
Maharashtra,AKOLA,Wheat,1997-98,Rabi,20900.0,Hectare,21800.0,Tonnes,1043.0622009569377,Vidarbha,1997
Maharashtra,AKOLA,Wheat,1998-99,Rabi,25800.0,Hectare,31600.0,Tonnes,1224.8062015503876,Vidarbha,1998
Maharashtra,AKOLA,Wheat,1999-00,Rabi,12400.0,Hectare,20900.0,Tonnes,1685.483870967742,Vidarbha,1999
Maharashtra,AKOLA,Wheat,2000-01,Rabi,9700.0,Hectare,13800.0,Tonnes,1422.680412371134,Vidarbha,2000
Maharashtra,AMRAVATI,Wheat,1997-98,Rabi,16300.0,Hectare,12800.0,Tonnes,785.2760736196319,Vidarbha,1997
Maharashtra,AMRAVATI,Wheat,1998-99,Rabi,19200.0,Hectare,24700.0,Tonnes,1286.4583333333333,Vidarbha,1998
Maharashtra,AMRAVATI,Wheat,1999-00,Rabi,21700.0,Hectare,35000.0,Tonnes,1612.9032258064515,Vidarbha,1999
Maharashtra,AMRAVATI,Wheat,2000-01,Rabi,13400.0,Hectare,17000.0,Tonnes,1268.6567164179105,Vidarbha,2000
Maharashtra,AURANGABAD,Wheat,1997-98,Rabi,31800.0,Hectare,28800.0,Tonnes,905.6603773584906,Matathwada,1997
Maharashtra,AURANGABAD,Wheat,1998-99,Rabi,51000.0,Hectare,71700.0,Tonnes,1405.8823529411764,Matathwada,1998
Maharashtra,AURANGABAD,Wheat,1999-00,Rabi,47200.0,Hectare,66500.0,Tonnes,1408.8983050847457,Matathwada,1999
Maharashtra,AURANGABAD,Wheat,2000-01,Rabi,23800.0,Hectare,29200.0,Tonnes,1226.8907563025211,Matathwada,2000
Maharashtra,BEED,Wheat,1997-98,Rabi,28300.0,Hectare,20400.0,Tonnes,720.8480565371025,Matathwada,1997
Maharashtra,BEED,Wheat,1998-99,Rabi,40600.0,Hectare,46300.0,Tonnes,1140.3940886699509,Matathwada,1998
Maharashtra,BEED,Wheat,1999-00,Rabi,38700.0,Hectare,47500.0,Tonnes,1227.390180878553,Matathwada,1999
Maharashtra,BEED,Wheat,2000-01,Rabi,43000.0,Hectare,47100.0,Tonnes,1095.3488372093022,Matathwada,2000
Maharashtra,BHANDARA,Wheat,1998-99,Rabi,21100.0,Hectare,14700.0,Tonnes,696.6824644549763,Vidarbha,1998
Maharashtra,BHANDARA,Wheat,1999-00,Rabi,17500.0,Hectare,14100.0,Tonnes,805.7142857142857,Vidarbha,1999
Maharashtra,BHANDARA,Wheat,2000-01,Rabi,10900.0,Hectare,7600.0,Tonnes,697.2477064220184,Vidarbha,2000
Maharashtra,BULDHANA,Wheat,1997-98,Rabi,20700.0,Hectare,17500.0,Tonnes,845.4106280193237,Vidarbha,1997
Maharashtra,BULDHANA,Wheat,1998-99,Rabi,35500.0,Hectare,60500.0,Tonnes,1704.225352112676,Vidarbha,1998
Maharashtra,BULDHANA,Wheat,1999-00,Rabi,35500.0,Hectare,67000.0,Tonnes,1887.323943661972,Vidarbha,1999
Maharashtra,BULDHANA,Wheat,2000-01,Rabi,21600.0,Hectare,32300.0,Tonnes,1495.3703703703704,Vidarbha,2000
Maharashtra,CHANDRAPUR,Wheat,1998-99,Rabi,32700.0,Hectare,20800.0,Tonnes,636.085626911315,Vidarbha,1998
Maharashtra,CHANDRAPUR,Wheat,1999-00,Rabi,34200.0,Hectare,24200.0,Tonnes,707.6023391812865,Vidarbha,1999
Maharashtra,CHANDRAPUR,Wheat,2000-01,Rabi,22900.0,Hectare,15200.0,Tonnes,663.7554585152839,Vidarbha,2000
Maharashtra,DHULE,Wheat,1997-98,Rabi,18000.0,Hectare,23700.0,Tonnes,1316.666666666667,Madhya Maharashtra,1997
Maharashtra,DHULE,Wheat,1998-99,Rabi,19200.0,Hectare,26300.0,Tonnes,1369.7916666666667,Madhya Maharashtra,1998
Maharashtra,DHULE,Wheat,1999-00,Rabi,12600.0,Hectare,17000.0,Tonnes,1349.2063492063494,Madhya Maharashtra,1999
Maharashtra,DHULE,Wheat,2000-01,Rabi,8800.0,Hectare,8900.0,Tonnes,1011.3636363636365,Madhya Maharashtra,2000
Maharashtra,GADCHIROLI,Wheat,1997-98,Rabi,1400.0,Hectare,1000.0,Tonnes,714.2857142857143,Vidarbha,1997
Maharashtra,GADCHIROLI,Wheat,1998-99,Rabi,1300.0,Hectare,1200.0,Tonnes,923.0769230769232,Vidarbha,1998
Maharashtra,GONDIA,Wheat,1999-00,Rabi,45100.0,Hectare,58400.0,Tonnes,1294.90022172949,Vidarbha,1999
Maharashtra,GONDIA,Wheat,2000-01,Rabi,3700.0,Hectare,2400.0,Tonnes,648.6486486486486,Vidarbha,2000
Maharashtra,HINGOLI,Wheat,2000-01,Rabi,34800.0,Hectare,54600.0,Tonnes,1568.9655172413793,Matathwada,2000
Maharashtra,JALGAON,Wheat,1997-98,Rabi,34000.0,Hectare,45000.0,Tonnes,1323.5294117647059,Madhya Maharashtra,1997
Maharashtra,JALGAON,Wheat,1998-99,Rabi,43800.0,Hectare,72200.0,Tonnes,1648.4018264840183,Madhya Maharashtra,1998
Maharashtra,JALGAON,Wheat,1999-00,Rabi,46900.0,Hectare,88300.0,Tonnes,1882.72921108742,Madhya Maharashtra,1999
Maharashtra,JALGAON,Wheat,2000-01,Rabi,22600.0,Hectare,31600.0,Tonnes,1398.2300884955753,Madhya Maharashtra,2000
Maharashtra,JALNA,Wheat,1997-98,Rabi,21600.0,Hectare,14800.0,Tonnes,685.1851851851852,Matathwada,1997
Maharashtra,JALNA,Wheat,1998-99,Rabi,30400.0,Hectare,43200.0,Tonnes,1421.052631578947,Matathwada,1998
Maharashtra,JALNA,Wheat,1999-00,Rabi,30200.0,Hectare,42200.0,Tonnes,1397.3509933774837,Matathwada,1999
Maharashtra,KOLHAPUR,Wheat,1997-98,Rabi,6300.0,Hectare,10100.0,Tonnes,1603.1746031746034,Madhya Maharashtra,1997
Maharashtra,KOLHAPUR,Wheat,1998-99,Rabi,7300.0,Hectare,13400.0,Tonnes,1835.6164383561643,Madhya Maharashtra,1998
Maharashtra,KOLHAPUR,Wheat,1999-00,Rabi,7600.0,Hectare,15200.0,Tonnes,2000.0,Madhya Maharashtra,1999
Maharashtra,KOLHAPUR,Wheat,2000-01,Rabi,8400.0,Hectare,15000.0,Tonnes,1785.7142857142858,Madhya Maharashtra,2000
Maharashtra,LATUR,Wheat,1998-99,Rabi,27500.0,Hectare,30100.0,Tonnes,1094.5454545454545,Matathwada,1998
Maharashtra,LATUR,Wheat,1999-00,Rabi,28300.0,Hectare,26700.0,Tonnes,943.4628975265018,Matathwada,1999
Maharashtra,LATUR,Wheat,2000-01,Rabi,25400.0,Hectare,26000.0,Tonnes,1023.6220472440945,Matathwada,2000
Maharashtra,NAGPUR,Wheat,1998-99,Rabi,61700.0,Hectare,67900.0,Tonnes,1100.4862236628849,Vidarbha,1998
Maharashtra,NAGPUR,Wheat,1999-00,Rabi,62600.0,Hectare,70900.0,Tonnes,1132.58785942492,Vidarbha,1999
Maharashtra,NAGPUR,Wheat,2000-01,Rabi,32400.0,Hectare,33400.0,Tonnes,1030.864197530864,Vidarbha,2000
Maharashtra,NANDED,Wheat,1998-99,Rabi,29500.0,Hectare,35900.0,Tonnes,1216.9491525423728,Matathwada,1998
Maharashtra,NANDED,Wheat,1999-00,Rabi,33400.0,Hectare,39100.0,Tonnes,1170.6586826347304,Matathwada,1999
Maharashtra,NANDED,Wheat,2000-01,Rabi,26100.0,Hectare,28200.0,Tonnes,1080.4597701149423,Matathwada,2000
Maharashtra,NANDURBAR,Wheat,2000-01,Rabi,6000.0,Hectare,5400.0,Tonnes,900.0,Madhya Maharashtra,2000
Maharashtra,NASHIK,Wheat,1997-98,Rabi,73600.0,Hectare,95100.0,Tonnes,1292.1195652173913,Madhya Maharashtra,1997
Maharashtra,NASHIK,Wheat,1998-99,Rabi,83900.0,Hectare,112200.0,Tonnes,1337.3063170441003,Madhya Maharashtra,1998
Maharashtra,NASHIK,Wheat,1999-00,Rabi,85700.0,Hectare,122600.0,Tonnes,1430.5717619603267,Madhya Maharashtra,1999
Maharashtra,NASHIK,Wheat,2000-01,Rabi,39400.0,Hectare,44500.0,Tonnes,1129.4416243654823,Madhya Maharashtra,2000
Maharashtra,OSMANABAD,Wheat,1998-99,Rabi,42200.0,Hectare,45100.0,Tonnes,1068.7203791469196,Matathwada,1998
Maharashtra,OSMANABAD,Wheat,1999-00,Rabi,36200.0,Hectare,28700.0,Tonnes,792.817679558011,Matathwada,1999
Maharashtra,OSMANABAD,Wheat,2000-01,Rabi,34500.0,Hectare,34200.0,Tonnes,991.304347826087,Matathwada,2000
Maharashtra,PARBHANI,Wheat,1997-98,Rabi,38600.0,Hectare,31400.0,Tonnes,813.4715025906736,Matathwada,1997
Maharashtra,PARBHANI,Wheat,1998-99,Rabi,74400.0,Hectare,102900.0,Tonnes,1383.0645161290324,Matathwada,1998
Maharashtra,PARBHANI,Wheat,1999-00,Rabi,41500.0,Hectare,52200.0,Tonnes,1257.8313253012047,Matathwada,1999
Maharashtra,PARBHANI,Wheat,2000-01,Rabi,31900.0,Hectare,41400.0,Tonnes,1297.805642633229,Matathwada,2000
Maharashtra,PUNE,Wheat,1997-98,Rabi,57300.0,Hectare,71400.0,Tonnes,1246.0732984293197,Madhya Maharashtra,1997
Maharashtra,PUNE,Wheat,1998-99,Rabi,68000.0,Hectare,96000.0,Tonnes,1411.764705882353,Madhya Maharashtra,1998
Maharashtra,PUNE,Wheat,1999-00,Rabi,71800.0,Hectare,125000.0,Tonnes,1740.9470752089135,Madhya Maharashtra,1999
Maharashtra,PUNE,Wheat,2000-01,Rabi,55500.0,Hectare,57000.0,Tonnes,1027.0270270270269,Madhya Maharashtra,2000
Maharashtra,SANGLI,Wheat,1997-98,Rabi,21400.0,Hectare,27300.0,Tonnes,1275.7009345794393,Madhya Maharashtra,1997
Maharashtra,SANGLI,Wheat,1998-99,Rabi,29000.0,Hectare,43100.0,Tonnes,1486.2068965517242,Madhya Maharashtra,1998
Maharashtra,SANGLI,Wheat,1999-00,Rabi,31000.0,Hectare,57700.0,Tonnes,1861.2903225806447,Madhya Maharashtra,1999
Maharashtra,SANGLI,Wheat,2000-01,Rabi,26300.0,Hectare,44700.0,Tonnes,1699.619771863118,Madhya Maharashtra,2000
Maharashtra,SATARA,Wheat,1997-98,Rabi,31900.0,Hectare,46700.0,Tonnes,1463.9498432601881,Madhya Maharashtra,1997
Maharashtra,SATARA,Wheat,1998-99,Rabi,35800.0,Hectare,63100.0,Tonnes,1762.5698324022344,Madhya Maharashtra,1998
Maharashtra,SATARA,Wheat,1999-00,Rabi,37900.0,Hectare,70200.0,Tonnes,1852.2427440633244,Madhya Maharashtra,1999
Maharashtra,SATARA,Wheat,2000-01,Rabi,32900.0,Hectare,51600.0,Tonnes,1568.38905775076,Madhya Maharashtra,2000
Maharashtra,SOLAPUR,Wheat,1997-98,Rabi,47400.0,Hectare,37900.0,Tonnes,799.57805907173,Madhya Maharashtra,1997
Maharashtra,SOLAPUR,Wheat,1998-99,Rabi,70900.0,Hectare,85100.0,Tonnes,1200.2820874471083,Madhya Maharashtra,1998
Maharashtra,SOLAPUR,Wheat,1999-00,Rabi,68600.0,Hectare,81000.0,Tonnes,1180.7580174927116,Madhya Maharashtra,1999
Maharashtra,SOLAPUR,Wheat,2000-01,Rabi,50900.0,Hectare,56000.0,Tonnes,1100.196463654224,Madhya Maharashtra,2000
Maharashtra,THANE,Wheat,1998-99,Rabi,100.0,Hectare,100.0,Tonnes,1000.0,Konkan & Goa,1998
Maharashtra,THANE,Wheat,1999-00,Rabi,100.0,Hectare,100.0,Tonnes,1000.0,Konkan & Goa,1999
Maharashtra,THANE,Wheat,2000-01,Rabi,100.0,Hectare,100.0,Tonnes,1000.0,Konkan & Goa,2000
Maharashtra,WARDHA,Wheat,1998-99,Rabi,19100.0,Hectare,20700.0,Tonnes,1083.7696335078535,Vidarbha,1998
Maharashtra,WARDHA,Wheat,1999-00,Rabi,21000.0,Hectare,25500.0,Tonnes,1214.2857142857142,Vidarbha,1999
Maharashtra,WARDHA,Wheat,2000-01,Rabi,19300.0,Hectare,22500.0,Tonnes,1165.80310880829,Vidarbha,2000
Maharashtra,WASHIM,Wheat,1999-00,Rabi,17600.0,Hectare,19300.0,Tonnes,1096.5909090909092,Vidarbha,1999
Maharashtra,WASHIM,Wheat,2000-01,Rabi,12800.0,Hectare,12400.0,Tonnes,968.75,Vidarbha,2000
Maharashtra,YAVATMAL,Wheat,1998-99,Rabi,21100.0,Hectare,25500.0,Tonnes,1208.5308056872036,Vidarbha,1998
Maharashtra,YAVATMAL,Wheat,1999-00,Rabi,24200.0,Hectare,28800.0,Tonnes,1190.0826446280992,Vidarbha,1999
Maharashtra,YAVATMAL,Wheat,2000-01,Rabi,17100.0,Hectare,18900.0,Tonnes,1105.2631578947369,Vidarbha,2000
